Effective Radius [µm], Depth [m], IWC [g/m³], LW RF [W/m²]
1.860880e+00,2.879040e+01,2.803718e-03,2.969200e+00
1.860880e+00,4.883815e+01,2.803718e-03,4.413300e+00
1.860880e+00,6.169372e+01,2.803718e-03,5.329300e+00
1.860880e+00,7.135640e+01,2.803718e-03,5.953800e+00
1.860880e+00,7.900651e+01,2.803718e-03,6.502700e+00
1.860880e+00,8.518798e+01,2.803718e-03,6.910600e+00
1.860880e+00,9.020326e+01,2.803718e-03,7.248100e+00
1.860880e+00,9.423871e+01,2.803718e-03,7.516600e+00
1.860880e+00,9.741618e+01,2.803718e-03,7.717100e+00
1.860880e+00,9.981764e+01,2.803718e-03,7.916800e+00
1.860880e+00,1.014982e+02,2.803718e-03,7.983300e+00
1.860880e+00,1.024933e+02,2.803718e-03,8.049700e+00
1.860880e+00,1.028229e+02,2.803718e-03,8.115900e+00
1.860880e+00,1.024933e+02,2.803718e-03,8.049700e+00
1.860880e+00,1.014982e+02,2.803718e-03,7.983300e+00
1.860880e+00,9.981764e+01,2.803718e-03,7.916800e+00
1.860880e+00,9.741618e+01,2.803718e-03,7.717100e+00
1.860880e+00,9.423871e+01,2.803718e-03,7.516600e+00
1.860880e+00,9.020326e+01,2.803718e-03,7.248100e+00
1.860880e+00,8.518798e+01,2.803718e-03,6.910600e+00
1.860880e+00,7.900651e+01,2.803718e-03,6.502700e+00
1.860880e+00,7.135640e+01,2.803718e-03,5.953800e+00
1.860880e+00,6.169372e+01,2.803718e-03,5.329300e+00
1.860880e+00,4.883815e+01,2.803718e-03,4.413300e+00
1.860880e+00,2.879040e+01,2.803718e-03,2.969200e+00
2.923439e+00,2.047528e+01,2.200797e-03,1.820300e+00
2.923439e+00,3.473293e+01,2.200797e-03,2.697500e+00
2.923439e+00,4.387561e+01,2.200797e-03,3.215200e+00
2.923439e+00,5.074756e+01,2.200797e-03,3.613800e+00
2.923439e+00,5.618819e+01,2.200797e-03,3.896400e+00
2.923439e+00,6.058436e+01,2.200797e-03,4.177300e+00
2.923439e+00,6.415115e+01,2.200797e-03,4.345000e+00
2.923439e+00,6.702110e+01,2.200797e-03,4.512100e+00
2.923439e+00,6.928087e+01,2.200797e-03,4.623300e+00
2.923439e+00,7.098875e+01,2.200797e-03,4.734100e+00
2.923439e+00,7.218393e+01,2.200797e-03,4.789400e+00
2.923439e+00,7.289163e+01,2.200797e-03,4.844700e+00
2.923439e+00,7.312601e+01,2.200797e-03,4.844700e+00
2.923439e+00,7.289163e+01,2.200797e-03,4.844700e+00
2.923439e+00,7.218393e+01,2.200797e-03,4.789400e+00
2.923439e+00,7.098875e+01,2.200797e-03,4.734100e+00
2.923439e+00,6.928087e+01,2.200797e-03,4.623300e+00
2.923439e+00,6.702110e+01,2.200797e-03,4.512100e+00
2.923439e+00,6.415115e+01,2.200797e-03,4.345000e+00
2.923439e+00,6.058436e+01,2.200797e-03,4.177300e+00
2.923439e+00,5.618819e+01,2.200797e-03,3.896400e+00
2.923439e+00,5.074756e+01,2.200797e-03,3.613800e+00
2.923439e+00,4.387561e+01,2.200797e-03,3.215200e+00
2.923439e+00,3.473293e+01,2.200797e-03,2.697500e+00
2.923439e+00,2.047528e+01,2.200797e-03,1.820300e+00
3.802205e+00,2.253884e+01,2.113789e-03,1.920300e+00
3.802205e+00,3.823341e+01,2.113789e-03,2.761000e+00
3.802205e+00,4.829751e+01,2.113789e-03,3.312400e+00
3.802205e+00,5.586203e+01,2.113789e-03,3.748700e+00
3.802205e+00,6.185099e+01,2.113789e-03,4.073200e+00
3.802205e+00,6.669022e+01,2.113789e-03,4.341900e+00
3.802205e+00,7.061647e+01,2.113789e-03,4.555800e+00
3.802205e+00,7.377567e+01,2.113789e-03,4.715500e+00
3.802205e+00,7.626318e+01,2.113789e-03,4.821800e+00
3.802205e+00,7.814319e+01,2.113789e-03,4.927800e+00
3.802205e+00,7.945882e+01,2.113789e-03,4.980700e+00
3.802205e+00,8.023785e+01,2.113789e-03,5.033600e+00
3.802205e+00,8.049585e+01,2.113789e-03,5.033600e+00
3.802205e+00,8.023785e+01,2.113789e-03,5.033600e+00
3.802205e+00,7.945882e+01,2.113789e-03,4.980700e+00
3.802205e+00,7.814319e+01,2.113789e-03,4.927800e+00
3.802205e+00,7.626318e+01,2.113789e-03,4.821800e+00
3.802205e+00,7.377567e+01,2.113789e-03,4.715500e+00
3.802205e+00,7.061647e+01,2.113789e-03,4.555800e+00
3.802205e+00,6.669022e+01,2.113789e-03,4.341900e+00
3.802205e+00,6.185099e+01,2.113789e-03,4.073200e+00
3.802205e+00,5.586203e+01,2.113789e-03,3.748700e+00
3.802205e+00,4.829751e+01,2.113789e-03,3.312400e+00
3.802205e+00,3.823341e+01,2.113789e-03,2.761000e+00
3.802205e+00,2.253884e+01,2.113789e-03,1.920300e+00
4.613169e+00,2.601645e+01,2.080435e-03,2.057700e+00
4.613169e+00,4.413261e+01,2.080435e-03,3.045600e+00
4.613169e+00,5.574954e+01,2.080435e-03,3.691900e+00
4.613169e+00,6.448123e+01,2.080435e-03,4.117800e+00
4.613169e+00,7.139425e+01,2.080435e-03,4.487300e+00
4.613169e+00,7.698014e+01,2.080435e-03,4.801700e+00
4.613169e+00,8.151219e+01,2.080435e-03,5.062200e+00
4.613169e+00,8.515883e+01,2.080435e-03,5.217800e+00
4.613169e+00,8.803015e+01,2.080435e-03,5.372900e+00
4.613169e+00,9.020024e+01,2.080435e-03,5.476100e+00
4.613169e+00,9.171887e+01,2.080435e-03,5.579000e+00
4.613169e+00,9.261809e+01,2.080435e-03,5.630300e+00
4.613169e+00,9.291590e+01,2.080435e-03,5.630300e+00
4.613169e+00,9.261809e+01,2.080435e-03,5.630300e+00
4.613169e+00,9.171887e+01,2.080435e-03,5.579000e+00
4.613169e+00,9.020024e+01,2.080435e-03,5.476100e+00
4.613169e+00,8.803015e+01,2.080435e-03,5.372900e+00
4.613169e+00,8.515883e+01,2.080435e-03,5.217800e+00
4.613169e+00,8.151219e+01,2.080435e-03,5.062200e+00
4.613169e+00,7.698014e+01,2.080435e-03,4.801700e+00
4.613169e+00,7.139425e+01,2.080435e-03,4.487300e+00
4.613169e+00,6.448123e+01,2.080435e-03,4.117800e+00
4.613169e+00,5.574954e+01,2.080435e-03,3.691900e+00
4.613169e+00,4.413261e+01,2.080435e-03,3.045600e+00
4.613169e+00,2.601645e+01,2.080435e-03,2.057700e+00
5.386476e+00,2.989955e+01,2.061656e-03,2.182200e+00
5.386476e+00,5.071963e+01,2.061656e-03,3.279400e+00
5.386476e+00,6.407046e+01,2.061656e-03,3.945200e+00
5.386476e+00,7.410539e+01,2.061656e-03,4.450800e+00
5.386476e+00,8.205022e+01,2.061656e-03,4.851600e+00
5.386476e+00,8.846983e+01,2.061656e-03,5.149900e+00
5.386476e+00,9.367832e+01,2.061656e-03,5.446400e+00
5.386476e+00,9.786924e+01,2.061656e-03,5.643100e+00
5.386476e+00,1.011691e+02,2.061656e-03,5.790100e+00
5.386476e+00,1.036631e+02,2.061656e-03,5.936700e+00
5.386476e+00,1.054084e+02,2.061656e-03,5.985500e+00
5.386476e+00,1.064418e+02,2.061656e-03,6.034200e+00
5.386476e+00,1.067841e+02,2.061656e-03,6.082900e+00
5.386476e+00,1.064418e+02,2.061656e-03,6.034200e+00
5.386476e+00,1.054084e+02,2.061656e-03,5.985500e+00
5.386476e+00,1.036631e+02,2.061656e-03,5.936700e+00
5.386476e+00,1.011691e+02,2.061656e-03,5.790100e+00
5.386476e+00,9.786924e+01,2.061656e-03,5.643100e+00
5.386476e+00,9.367832e+01,2.061656e-03,5.446400e+00
5.386476e+00,8.846983e+01,2.061656e-03,5.149900e+00
5.386476e+00,8.205022e+01,2.061656e-03,4.851600e+00
5.386476e+00,7.410539e+01,2.061656e-03,4.450800e+00
5.386476e+00,6.407046e+01,2.061656e-03,3.945200e+00
5.386476e+00,5.071963e+01,2.061656e-03,3.279400e+00
5.386476e+00,2.989955e+01,2.061656e-03,2.182200e+00
6.143543e+00,3.409228e+01,2.048050e-03,2.208500e+00
6.143543e+00,5.783192e+01,2.048050e-03,3.360900e+00
6.143543e+00,7.305490e+01,2.048050e-03,4.066100e+00
6.143543e+00,8.449700e+01,2.048050e-03,4.576400e+00
6.143543e+00,9.355591e+01,2.048050e-03,5.035700e+00
6.143543e+00,1.008757e+02,2.048050e-03,5.354600e+00
6.143543e+00,1.068146e+02,2.048050e-03,5.626200e+00
6.143543e+00,1.115932e+02,2.048050e-03,5.851500e+00
6.143543e+00,1.153558e+02,2.048050e-03,5.986100e+00
6.143543e+00,1.181995e+02,2.048050e-03,6.120500e+00
6.143543e+00,1.201896e+02,2.048050e-03,6.209800e+00
6.143543e+00,1.213679e+02,2.048050e-03,6.254400e+00
6.143543e+00,1.217582e+02,2.048050e-03,6.299000e+00
6.143543e+00,1.213679e+02,2.048050e-03,6.254400e+00
6.143543e+00,1.201896e+02,2.048050e-03,6.209800e+00
6.143543e+00,1.181995e+02,2.048050e-03,6.120500e+00
6.143543e+00,1.153558e+02,2.048050e-03,5.986100e+00
6.143543e+00,1.115932e+02,2.048050e-03,5.851500e+00
6.143543e+00,1.068146e+02,2.048050e-03,5.626200e+00
6.143543e+00,1.008757e+02,2.048050e-03,5.354600e+00
6.143543e+00,9.355591e+01,2.048050e-03,5.035700e+00
6.143543e+00,8.449700e+01,2.048050e-03,4.576400e+00
6.143543e+00,7.305490e+01,2.048050e-03,4.066100e+00
6.143543e+00,5.783192e+01,2.048050e-03,3.360900e+00
6.143543e+00,3.409228e+01,2.048050e-03,2.208500e+00
6.900059e+00,3.864687e+01,2.036191e-03,2.250300e+00
6.900059e+00,6.555802e+01,2.036191e-03,3.435100e+00
6.900059e+00,8.281471e+01,2.036191e-03,4.164900e+00
6.900059e+00,9.578544e+01,2.036191e-03,4.715200e+00
6.900059e+00,1.060546e+02,2.036191e-03,5.134300e+00
6.900059e+00,1.143523e+02,2.036191e-03,5.466900e+00
6.900059e+00,1.210846e+02,2.036191e-03,5.756100e+00
6.900059e+00,1.265016e+02,2.036191e-03,6.002700e+00
6.900059e+00,1.307669e+02,2.036191e-03,6.166300e+00
6.900059e+00,1.339905e+02,2.036191e-03,6.288700e+00
6.900059e+00,1.362464e+02,2.036191e-03,6.370100e+00
6.900059e+00,1.375821e+02,2.036191e-03,6.451400e+00
6.900059e+00,1.380245e+02,2.036191e-03,6.451400e+00
6.900059e+00,1.375821e+02,2.036191e-03,6.451400e+00
6.900059e+00,1.362464e+02,2.036191e-03,6.370100e+00
6.900059e+00,1.339905e+02,2.036191e-03,6.288700e+00
6.900059e+00,1.307669e+02,2.036191e-03,6.166300e+00
6.900059e+00,1.265016e+02,2.036191e-03,6.002700e+00
6.900059e+00,1.210846e+02,2.036191e-03,5.756100e+00
6.900059e+00,1.143523e+02,2.036191e-03,5.466900e+00
6.900059e+00,1.060546e+02,2.036191e-03,5.134300e+00
6.900059e+00,9.578544e+01,2.036191e-03,4.715200e+00
6.900059e+00,8.281471e+01,2.036191e-03,4.164900e+00
6.900059e+00,6.555802e+01,2.036191e-03,3.435100e+00
6.900059e+00,3.864687e+01,2.036191e-03,2.250300e+00
7.668102e+00,4.364916e+01,2.024708e-03,2.265300e+00
7.668102e+00,7.404358e+01,2.024708e-03,3.466700e+00
7.668102e+00,9.353391e+01,2.024708e-03,4.249600e+00
7.668102e+00,1.081835e+02,2.024708e-03,4.789700e+00
7.668102e+00,1.197818e+02,2.024708e-03,5.247800e+00
7.668102e+00,1.291536e+02,2.024708e-03,5.588500e+00
7.668102e+00,1.367573e+02,2.024708e-03,5.889300e+00
7.668102e+00,1.428754e+02,2.024708e-03,6.113700e+00
7.668102e+00,1.476928e+02,2.024708e-03,6.300000e+00
7.668102e+00,1.513336e+02,2.024708e-03,6.411400e+00
7.668102e+00,1.538815e+02,2.024708e-03,6.522600e+00
7.668102e+00,1.553902e+02,2.024708e-03,6.559500e+00
7.668102e+00,1.558898e+02,2.024708e-03,6.596500e+00
7.668102e+00,1.553902e+02,2.024708e-03,6.559500e+00
7.668102e+00,1.538815e+02,2.024708e-03,6.522600e+00
7.668102e+00,1.513336e+02,2.024708e-03,6.411400e+00
7.668102e+00,1.476928e+02,2.024708e-03,6.300000e+00
7.668102e+00,1.428754e+02,2.024708e-03,6.113700e+00
7.668102e+00,1.367573e+02,2.024708e-03,5.889300e+00
7.668102e+00,1.291536e+02,2.024708e-03,5.588500e+00
7.668102e+00,1.197818e+02,2.024708e-03,5.247800e+00
7.668102e+00,1.081835e+02,2.024708e-03,4.789700e+00
7.668102e+00,9.353391e+01,2.024708e-03,4.249600e+00
7.668102e+00,7.404358e+01,2.024708e-03,3.466700e+00
7.668102e+00,4.364916e+01,2.024708e-03,2.265300e+00
8.457334e+00,4.919994e+01,2.012758e-03,2.297600e+00
8.457334e+00,8.345956e+01,2.012758e-03,3.560000e+00
8.457334e+00,1.054284e+02,2.012758e-03,4.357700e+00
8.457334e+00,1.219410e+02,2.012758e-03,4.964700e+00
8.457334e+00,1.350143e+02,2.012758e-03,5.423600e+00
8.457334e+00,1.455778e+02,2.012758e-03,5.808600e+00
8.457334e+00,1.541484e+02,2.012758e-03,6.086600e+00
8.457334e+00,1.610446e+02,2.012758e-03,6.328600e+00
8.457334e+00,1.664746e+02,2.012758e-03,6.500600e+00
8.457334e+00,1.705785e+02,2.012758e-03,6.672100e+00
8.457334e+00,1.734503e+02,2.012758e-03,6.740600e+00
8.457334e+00,1.751509e+02,2.012758e-03,6.808900e+00
8.457334e+00,1.757141e+02,2.012758e-03,6.843000e+00
8.457334e+00,1.751509e+02,2.012758e-03,6.808900e+00
8.457334e+00,1.734503e+02,2.012758e-03,6.740600e+00
8.457334e+00,1.705785e+02,2.012758e-03,6.672100e+00
8.457334e+00,1.664746e+02,2.012758e-03,6.500600e+00
8.457334e+00,1.610446e+02,2.012758e-03,6.328600e+00
8.457334e+00,1.541484e+02,2.012758e-03,6.086600e+00
8.457334e+00,1.455778e+02,2.012758e-03,5.808600e+00
8.457334e+00,1.350143e+02,2.012758e-03,5.423600e+00
8.457334e+00,1.219410e+02,2.012758e-03,4.964700e+00
8.457334e+00,1.054284e+02,2.012758e-03,4.357700e+00
8.457334e+00,8.345956e+01,2.012758e-03,3.560000e+00
8.457334e+00,4.919994e+01,2.012758e-03,2.297600e+00
9.276325e+00,5.541140e+01,2.000004e-03,2.330200e+00
9.276325e+00,9.399627e+01,2.000004e-03,3.661400e+00
9.276325e+00,1.187387e+02,2.000004e-03,4.493700e+00
9.276325e+00,1.373360e+02,2.000004e-03,5.083800e+00
9.276325e+00,1.520597e+02,2.000004e-03,5.569800e+00
9.276325e+00,1.639569e+02,2.000004e-03,5.955000e+00
9.276325e+00,1.736095e+02,2.000004e-03,6.273700e+00
9.276325e+00,1.813764e+02,2.000004e-03,6.495600e+00
9.276325e+00,1.874919e+02,2.000004e-03,6.684900e+00
9.276325e+00,1.921139e+02,2.000004e-03,6.842200e+00
9.276325e+00,1.953483e+02,2.000004e-03,6.936200e+00
9.276325e+00,1.972636e+02,2.000004e-03,6.998900e+00
9.276325e+00,1.978978e+02,2.000004e-03,7.030200e+00
9.276325e+00,1.972636e+02,2.000004e-03,6.998900e+00
9.276325e+00,1.953483e+02,2.000004e-03,6.936200e+00
9.276325e+00,1.921139e+02,2.000004e-03,6.842200e+00
9.276325e+00,1.874919e+02,2.000004e-03,6.684900e+00
9.276325e+00,1.813764e+02,2.000004e-03,6.495600e+00
9.276325e+00,1.736095e+02,2.000004e-03,6.273700e+00
9.276325e+00,1.639569e+02,2.000004e-03,5.955000e+00
9.276325e+00,1.520597e+02,2.000004e-03,5.569800e+00
9.276325e+00,1.373360e+02,2.000004e-03,5.083800e+00
9.276325e+00,1.187387e+02,2.000004e-03,4.493700e+00
9.276325e+00,9.399627e+01,2.000004e-03,3.661400e+00
9.276325e+00,5.541140e+01,2.000004e-03,2.330200e+00
1.013246e+01,6.240759e+01,1.986020e-03,2.358000e+00
1.013246e+01,1.058642e+02,1.986020e-03,3.728500e+00
1.013246e+01,1.337305e+02,1.986020e-03,4.578400e+00
1.013246e+01,1.546759e+02,1.986020e-03,5.205600e+00
1.013246e+01,1.712587e+02,1.986020e-03,5.677700e+00
1.013246e+01,1.846579e+02,1.986020e-03,6.087100e+00
1.013246e+01,1.955293e+02,1.986020e-03,6.406200e+00
1.013246e+01,2.042768e+02,1.986020e-03,6.637000e+00
1.013246e+01,2.111644e+02,1.986020e-03,6.838000e+00
1.013246e+01,2.163700e+02,1.986020e-03,6.981100e+00
1.013246e+01,2.200128e+02,1.986020e-03,7.095300e+00
1.013246e+01,2.221699e+02,1.986020e-03,7.152200e+00
1.013246e+01,2.228842e+02,1.986020e-03,7.180700e+00
1.013246e+01,2.221699e+02,1.986020e-03,7.152200e+00
1.013246e+01,2.200128e+02,1.986020e-03,7.095300e+00
1.013246e+01,2.163700e+02,1.986020e-03,6.981100e+00
1.013246e+01,2.111644e+02,1.986020e-03,6.838000e+00
1.013246e+01,2.042768e+02,1.986020e-03,6.637000e+00
1.013246e+01,1.955293e+02,1.986020e-03,6.406200e+00
1.013246e+01,1.846579e+02,1.986020e-03,6.087100e+00
1.013246e+01,1.712587e+02,1.986020e-03,5.677700e+00
1.013246e+01,1.546759e+02,1.986020e-03,5.205600e+00
1.013246e+01,1.337305e+02,1.986020e-03,4.578400e+00
1.013246e+01,1.058642e+02,1.986020e-03,3.728500e+00
1.013246e+01,6.240759e+01,1.986020e-03,2.358000e+00
1.103262e+01,7.032539e+01,1.970531e-03,2.406200e+00
1.103262e+01,1.192954e+02,1.970531e-03,3.806400e+00
1.103262e+01,1.506973e+02,1.970531e-03,4.696700e+00
1.103262e+01,1.743000e+02,1.970531e-03,5.325900e+00
1.103262e+01,1.929867e+02,1.970531e-03,5.839200e+00
1.103262e+01,2.080860e+02,1.970531e-03,6.240600e+00
1.103262e+01,2.203366e+02,1.970531e-03,6.559200e+00
1.103262e+01,2.301939e+02,1.970531e-03,6.823000e+00
1.103262e+01,2.379554e+02,1.970531e-03,7.033100e+00
1.103262e+01,2.438214e+02,1.970531e-03,7.190000e+00
1.103262e+01,2.479264e+02,1.970531e-03,7.294300e+00
1.103262e+01,2.503571e+02,1.970531e-03,7.346400e+00
1.103262e+01,2.511621e+02,1.970531e-03,7.372400e+00
1.103262e+01,2.503571e+02,1.970531e-03,7.346400e+00
1.103262e+01,2.479264e+02,1.970531e-03,7.294300e+00
1.103262e+01,2.438214e+02,1.970531e-03,7.190000e+00
1.103262e+01,2.379554e+02,1.970531e-03,7.033100e+00
1.103262e+01,2.301939e+02,1.970531e-03,6.823000e+00
1.103262e+01,2.203366e+02,1.970531e-03,6.559200e+00
1.103262e+01,2.080860e+02,1.970531e-03,6.240600e+00
1.103262e+01,1.929867e+02,1.970531e-03,5.839200e+00
1.103262e+01,1.743000e+02,1.970531e-03,5.325900e+00
1.103262e+01,1.506973e+02,1.970531e-03,4.696700e+00
1.103262e+01,1.192954e+02,1.970531e-03,3.806400e+00
1.103262e+01,7.032539e+01,1.970531e-03,2.406200e+00
1.198306e+01,7.931558e+01,1.953231e-03,2.429800e+00
1.198306e+01,1.345458e+02,1.953231e-03,3.880600e+00
1.198306e+01,1.699620e+02,1.953231e-03,4.762800e+00
1.198306e+01,1.965820e+02,1.953231e-03,5.431500e+00
1.198306e+01,2.176575e+02,1.953231e-03,5.944900e+00
1.198306e+01,2.346870e+02,1.953231e-03,6.356400e+00
1.198306e+01,2.485038e+02,1.953231e-03,6.692500e+00
1.198306e+01,2.596212e+02,1.953231e-03,6.955000e+00
1.198306e+01,2.683749e+02,1.953231e-03,7.144900e+00
1.198306e+01,2.749908e+02,1.953231e-03,7.310400e+00
1.198306e+01,2.796206e+02,1.953231e-03,7.428300e+00
1.198306e+01,2.823620e+02,1.953231e-03,7.475400e+00
1.198306e+01,2.832699e+02,1.953231e-03,7.498900e+00
1.198306e+01,2.823620e+02,1.953231e-03,7.475400e+00
1.198306e+01,2.796206e+02,1.953231e-03,7.428300e+00
1.198306e+01,2.749908e+02,1.953231e-03,7.310400e+00
1.198306e+01,2.683749e+02,1.953231e-03,7.144900e+00
1.198306e+01,2.596212e+02,1.953231e-03,6.955000e+00
1.198306e+01,2.485038e+02,1.953231e-03,6.692500e+00
1.198306e+01,2.346870e+02,1.953231e-03,6.356400e+00
1.198306e+01,2.176575e+02,1.953231e-03,5.944900e+00
1.198306e+01,1.965820e+02,1.953231e-03,5.431500e+00
1.198306e+01,1.699620e+02,1.953231e-03,4.762800e+00
1.198306e+01,1.345458e+02,1.953231e-03,3.880600e+00
1.198306e+01,7.931558e+01,1.953231e-03,2.429800e+00
1.299170e+01,8.954396e+01,1.934745e-03,2.484500e+00
1.299170e+01,1.518965e+02,1.934745e-03,3.944500e+00
1.299170e+01,1.918799e+02,1.934745e-03,4.860300e+00
1.299170e+01,2.219328e+02,1.934745e-03,5.534800e+00
1.299170e+01,2.457262e+02,1.934745e-03,6.067100e+00
1.299170e+01,2.649518e+02,1.934745e-03,6.484100e+00
1.299170e+01,2.805503e+02,1.934745e-03,6.832400e+00
1.299170e+01,2.931014e+02,1.934745e-03,7.091800e+00
1.299170e+01,3.029840e+02,1.934745e-03,7.306900e+00
1.299170e+01,3.104530e+02,1.934745e-03,7.456900e+00
1.299170e+01,3.156799e+02,1.934745e-03,7.585100e+00
1.299170e+01,3.187749e+02,1.934745e-03,7.649000e+00
1.299170e+01,3.197999e+02,1.934745e-03,7.670300e+00
1.299170e+01,3.187749e+02,1.934745e-03,7.649000e+00
1.299170e+01,3.156799e+02,1.934745e-03,7.585100e+00
1.299170e+01,3.104530e+02,1.934745e-03,7.456900e+00
1.299170e+01,3.029840e+02,1.934745e-03,7.306900e+00
1.299170e+01,2.931014e+02,1.934745e-03,7.091800e+00
1.299170e+01,2.805503e+02,1.934745e-03,6.832400e+00
1.299170e+01,2.649518e+02,1.934745e-03,6.484100e+00
1.299170e+01,2.457262e+02,1.934745e-03,6.067100e+00
1.299170e+01,2.219328e+02,1.934745e-03,5.534800e+00
1.299170e+01,1.918799e+02,1.934745e-03,4.860300e+00
1.299170e+01,1.518965e+02,1.934745e-03,3.944500e+00
1.299170e+01,8.954396e+01,1.934745e-03,2.484500e+00
1.406422e+01,1.011975e+02,1.914541e-03,2.528900e+00
1.406422e+01,1.716649e+02,1.914541e-03,4.059300e+00
1.406422e+01,2.168519e+02,1.914541e-03,5.000900e+00
1.406422e+01,2.508160e+02,1.914541e-03,5.699000e+00
1.406422e+01,2.777059e+02,1.914541e-03,6.245600e+00
1.406422e+01,2.994336e+02,1.914541e-03,6.666100e+00
1.406422e+01,3.170622e+02,1.914541e-03,7.023500e+00
1.406422e+01,3.312467e+02,1.914541e-03,7.299400e+00
1.406422e+01,3.424155e+02,1.914541e-03,7.515100e+00
1.406422e+01,3.508566e+02,1.914541e-03,7.690800e+00
1.406422e+01,3.567637e+02,1.914541e-03,7.807500e+00
1.406422e+01,3.602614e+02,1.914541e-03,7.865800e+00
1.406422e+01,3.614198e+02,1.914541e-03,7.885200e+00
1.406422e+01,3.602614e+02,1.914541e-03,7.865800e+00
1.406422e+01,3.567637e+02,1.914541e-03,7.807500e+00
1.406422e+01,3.508566e+02,1.914541e-03,7.690800e+00
1.406422e+01,3.424155e+02,1.914541e-03,7.515100e+00
1.406422e+01,3.312467e+02,1.914541e-03,7.299400e+00
1.406422e+01,3.170622e+02,1.914541e-03,7.023500e+00
1.406422e+01,2.994336e+02,1.914541e-03,6.666100e+00
1.406422e+01,2.777059e+02,1.914541e-03,6.245600e+00
1.406422e+01,2.508160e+02,1.914541e-03,5.699000e+00
1.406422e+01,2.168519e+02,1.914541e-03,5.000900e+00
1.406422e+01,1.716649e+02,1.914541e-03,4.059300e+00
1.406422e+01,1.011975e+02,1.914541e-03,2.528900e+00
1.520377e+01,1.144756e+02,1.891468e-03,2.572600e+00
1.520377e+01,1.941890e+02,1.891468e-03,4.140400e+00
1.520377e+01,2.453049e+02,1.891468e-03,5.109500e+00
1.520377e+01,2.837254e+02,1.891468e-03,5.835900e+00
1.520377e+01,3.141436e+02,1.891468e-03,6.386500e+00
1.520377e+01,3.387222e+02,1.891468e-03,6.840000e+00
1.520377e+01,3.586638e+02,1.891468e-03,7.199400e+00
1.520377e+01,3.747095e+02,1.891468e-03,7.484900e+00
1.520377e+01,3.873437e+02,1.891468e-03,7.697800e+00
1.520377e+01,3.968923e+02,1.891468e-03,7.874400e+00
1.520377e+01,4.035744e+02,1.891468e-03,7.997600e+00
1.520377e+01,4.075312e+02,1.891468e-03,8.067900e+00
1.520377e+01,4.088415e+02,1.891468e-03,8.085400e+00
1.520377e+01,4.075312e+02,1.891468e-03,8.067900e+00
1.520377e+01,4.035744e+02,1.891468e-03,7.997600e+00
1.520377e+01,3.968923e+02,1.891468e-03,7.874400e+00
1.520377e+01,3.873437e+02,1.891468e-03,7.697800e+00
1.520377e+01,3.747095e+02,1.891468e-03,7.484900e+00
1.520377e+01,3.586638e+02,1.891468e-03,7.199400e+00
1.520377e+01,3.387222e+02,1.891468e-03,6.840000e+00
1.520377e+01,3.141436e+02,1.891468e-03,6.386500e+00
1.520377e+01,2.837254e+02,1.891468e-03,5.835900e+00
1.520377e+01,2.453049e+02,1.891468e-03,5.109500e+00
1.520377e+01,1.941890e+02,1.891468e-03,4.140400e+00
1.520377e+01,1.144756e+02,1.891468e-03,2.572600e+00
1.641370e+01,1.295896e+02,1.864957e-03,2.690200e+00
1.641370e+01,2.198274e+02,1.864957e-03,4.319500e+00
1.641370e+01,2.776921e+02,1.864957e-03,5.335800e+00
1.641370e+01,3.211852e+02,1.864957e-03,6.073700e+00
1.641370e+01,3.556194e+02,1.864957e-03,6.664900e+00
1.641370e+01,3.834431e+02,1.864957e-03,7.115500e+00
1.641370e+01,4.060175e+02,1.864957e-03,7.495600e+00
1.641370e+01,4.241817e+02,1.864957e-03,7.790700e+00
1.641370e+01,4.384839e+02,1.864957e-03,8.018900e+00
1.641370e+01,4.492933e+02,1.864957e-03,8.197300e+00
1.641370e+01,4.568577e+02,1.864957e-03,8.326600e+00
1.641370e+01,4.613368e+02,1.864957e-03,8.391100e+00
1.641370e+01,4.628202e+02,1.864957e-03,8.423300e+00
1.641370e+01,4.613368e+02,1.864957e-03,8.391100e+00
1.641370e+01,4.568577e+02,1.864957e-03,8.326600e+00
1.641370e+01,4.492933e+02,1.864957e-03,8.197300e+00
1.641370e+01,4.384839e+02,1.864957e-03,8.018900e+00
1.641370e+01,4.241817e+02,1.864957e-03,7.790700e+00
1.641370e+01,4.060175e+02,1.864957e-03,7.495600e+00
1.641370e+01,3.834431e+02,1.864957e-03,7.115500e+00
1.641370e+01,3.556194e+02,1.864957e-03,6.664900e+00
1.641370e+01,3.211852e+02,1.864957e-03,6.073700e+00
1.641370e+01,2.776921e+02,1.864957e-03,5.335800e+00
1.641370e+01,2.198274e+02,1.864957e-03,4.319500e+00
1.641370e+01,1.295896e+02,1.864957e-03,2.690200e+00
1.770001e+01,1.467628e+02,1.835610e-03,2.765200e+00
1.770001e+01,2.489588e+02,1.835610e-03,4.453500e+00
1.770001e+01,3.144917e+02,1.835610e-03,5.493300e+00
1.770001e+01,3.637485e+02,1.835610e-03,6.275500e+00
1.770001e+01,4.027459e+02,1.835610e-03,6.875500e+00
1.770001e+01,4.342567e+02,1.835610e-03,7.346300e+00
1.770001e+01,4.598227e+02,1.835610e-03,7.737200e+00
1.770001e+01,4.803940e+02,1.835610e-03,8.035300e+00
1.770001e+01,4.965916e+02,1.835610e-03,8.287100e+00
1.770001e+01,5.088333e+02,1.835610e-03,8.463900e+00
1.770001e+01,5.174002e+02,1.835610e-03,8.581300e+00
1.770001e+01,5.224728e+02,1.835610e-03,8.654500e+00
1.770001e+01,5.241528e+02,1.835610e-03,8.683800e+00
1.770001e+01,5.224728e+02,1.835610e-03,8.654500e+00
1.770001e+01,5.174002e+02,1.835610e-03,8.581300e+00
1.770001e+01,5.088333e+02,1.835610e-03,8.463900e+00
1.770001e+01,4.965916e+02,1.835610e-03,8.287100e+00
1.770001e+01,4.803940e+02,1.835610e-03,8.035300e+00
1.770001e+01,4.598227e+02,1.835610e-03,7.737200e+00
1.770001e+01,4.342567e+02,1.835610e-03,7.346300e+00
1.770001e+01,4.027459e+02,1.835610e-03,6.875500e+00
1.770001e+01,3.637485e+02,1.835610e-03,6.275500e+00
1.770001e+01,3.144917e+02,1.835610e-03,5.493300e+00
1.770001e+01,2.489588e+02,1.835610e-03,4.453500e+00
1.770001e+01,1.467628e+02,1.835610e-03,2.765200e+00
1.906611e+01,1.662436e+02,1.803049e-03,2.788800e+00
1.906611e+01,2.820048e+02,1.803049e-03,4.512800e+00
1.906611e+01,3.562363e+02,1.803049e-03,5.573900e+00
1.906611e+01,4.120313e+02,1.803049e-03,6.358400e+00
1.906611e+01,4.562051e+02,1.803049e-03,6.964100e+00
1.906611e+01,4.918986e+02,1.803049e-03,7.452900e+00
1.906611e+01,5.208582e+02,1.803049e-03,7.842400e+00
1.906611e+01,5.441600e+02,1.803049e-03,8.148700e+00
1.906611e+01,5.625076e+02,1.803049e-03,8.399900e+00
1.906611e+01,5.763743e+02,1.803049e-03,8.570900e+00
1.906611e+01,5.860783e+02,1.803049e-03,8.701900e+00
1.906611e+01,5.918243e+02,1.803049e-03,8.780300e+00
1.906611e+01,5.937272e+02,1.803049e-03,8.806400e+00
1.906611e+01,5.918243e+02,1.803049e-03,8.780300e+00
1.906611e+01,5.860783e+02,1.803049e-03,8.701900e+00
1.906611e+01,5.763743e+02,1.803049e-03,8.570900e+00
1.906611e+01,5.625076e+02,1.803049e-03,8.399900e+00
1.906611e+01,5.441600e+02,1.803049e-03,8.148700e+00
1.906611e+01,5.208582e+02,1.803049e-03,7.842400e+00
1.906611e+01,4.918986e+02,1.803049e-03,7.452900e+00
1.906611e+01,4.562051e+02,1.803049e-03,6.964100e+00
1.906611e+01,4.120313e+02,1.803049e-03,6.358400e+00
1.906611e+01,3.562363e+02,1.803049e-03,5.573900e+00
1.906611e+01,2.820048e+02,1.803049e-03,4.512800e+00
1.906611e+01,1.662436e+02,1.803049e-03,2.788800e+00
2.050528e+01,1.882731e+02,1.764822e-03,2.807600e+00
2.050528e+01,3.193741e+02,1.764822e-03,4.546400e+00
2.050528e+01,4.034423e+02,1.764822e-03,5.620300e+00
2.050528e+01,4.666308e+02,1.764822e-03,6.418700e+00
2.050528e+01,5.166582e+02,1.764822e-03,7.031100e+00
2.050528e+01,5.570816e+02,1.764822e-03,7.513900e+00
2.050528e+01,5.898787e+02,1.764822e-03,7.907800e+00
2.050528e+01,6.162683e+02,1.764822e-03,8.215200e+00
2.050528e+01,6.370472e+02,1.764822e-03,8.461700e+00
2.050528e+01,6.527514e+02,1.764822e-03,8.648400e+00
2.050528e+01,6.637412e+02,1.764822e-03,8.776300e+00
2.050528e+01,6.702487e+02,1.764822e-03,8.845800e+00
2.050528e+01,6.724038e+02,1.764822e-03,8.869000e+00
2.050528e+01,6.702487e+02,1.764822e-03,8.845800e+00
2.050528e+01,6.637412e+02,1.764822e-03,8.776300e+00
2.050528e+01,6.527514e+02,1.764822e-03,8.648400e+00
2.050528e+01,6.370472e+02,1.764822e-03,8.461700e+00
2.050528e+01,6.162683e+02,1.764822e-03,8.215200e+00
2.050528e+01,5.898787e+02,1.764822e-03,7.907800e+00
2.050528e+01,5.570816e+02,1.764822e-03,7.513900e+00
2.050528e+01,5.166582e+02,1.764822e-03,7.031100e+00
2.050528e+01,4.666308e+02,1.764822e-03,6.418700e+00
2.050528e+01,4.034423e+02,1.764822e-03,5.620300e+00
2.050528e+01,3.193741e+02,1.764822e-03,4.546400e+00
2.050528e+01,1.882731e+02,1.764822e-03,2.807600e+00
2.202497e+01,2.130889e+02,1.722949e-03,2.851900e+00
2.202497e+01,3.614700e+02,1.722949e-03,4.619000e+00
2.202497e+01,4.566190e+02,1.722949e-03,5.720700e+00
2.202497e+01,5.281362e+02,1.722949e-03,6.514600e+00
2.202497e+01,5.847576e+02,1.722949e-03,7.139800e+00
2.202497e+01,6.305091e+02,1.722949e-03,7.636600e+00
2.202497e+01,6.676291e+02,1.722949e-03,8.031300e+00
2.202497e+01,6.974970e+02,1.722949e-03,8.337600e+00
2.202497e+01,7.210147e+02,1.722949e-03,8.590000e+00
2.202497e+01,7.387889e+02,1.722949e-03,8.778100e+00
2.202497e+01,7.512273e+02,1.722949e-03,8.903000e+00
2.202497e+01,7.585924e+02,1.722949e-03,8.986000e+00
2.202497e+01,7.610316e+02,1.722949e-03,9.006700e+00
2.202497e+01,7.585924e+02,1.722949e-03,8.986000e+00
2.202497e+01,7.512273e+02,1.722949e-03,8.903000e+00
2.202497e+01,7.387889e+02,1.722949e-03,8.778100e+00
2.202497e+01,7.210147e+02,1.722949e-03,8.590000e+00
2.202497e+01,6.974970e+02,1.722949e-03,8.337600e+00
2.202497e+01,6.676291e+02,1.722949e-03,8.031300e+00
2.202497e+01,6.305091e+02,1.722949e-03,7.636600e+00
2.202497e+01,5.847576e+02,1.722949e-03,7.139800e+00
2.202497e+01,5.281362e+02,1.722949e-03,6.514600e+00
2.202497e+01,4.566190e+02,1.722949e-03,5.720700e+00
2.202497e+01,3.614700e+02,1.722949e-03,4.619000e+00
2.202497e+01,2.130889e+02,1.722949e-03,2.851900e+00
2.360887e+01,2.409358e+02,1.673951e-03,2.886000e+00
2.360887e+01,4.087076e+02,1.673951e-03,4.683900e+00
2.360887e+01,5.162909e+02,1.673951e-03,5.782300e+00
2.360887e+01,5.971542e+02,1.673951e-03,6.591400e+00
2.360887e+01,6.611750e+02,1.673951e-03,7.217500e+00
2.360887e+01,7.129053e+02,1.673951e-03,7.718500e+00
2.360887e+01,7.548762e+02,1.673951e-03,8.118800e+00
2.360887e+01,7.886474e+02,1.673951e-03,8.439400e+00
2.360887e+01,8.152384e+02,1.673951e-03,8.682400e+00
2.360887e+01,8.353353e+02,1.673951e-03,8.868100e+00
2.360887e+01,8.493992e+02,1.673951e-03,8.997500e+00
2.360887e+01,8.577269e+02,1.673951e-03,9.080400e+00
2.360887e+01,8.604848e+02,1.673951e-03,9.098800e+00
2.360887e+01,8.577269e+02,1.673951e-03,9.080400e+00
2.360887e+01,8.493992e+02,1.673951e-03,8.997500e+00
2.360887e+01,8.353353e+02,1.673951e-03,8.868100e+00
2.360887e+01,8.152384e+02,1.673951e-03,8.682400e+00
2.360887e+01,7.886474e+02,1.673951e-03,8.439400e+00
2.360887e+01,7.548762e+02,1.673951e-03,8.118800e+00
2.360887e+01,7.129053e+02,1.673951e-03,7.718500e+00
2.360887e+01,6.611750e+02,1.673951e-03,7.217500e+00
2.360887e+01,5.971542e+02,1.673951e-03,6.591400e+00
2.360887e+01,5.162909e+02,1.673951e-03,5.782300e+00
2.360887e+01,4.087076e+02,1.673951e-03,4.683900e+00
2.360887e+01,2.409358e+02,1.673951e-03,2.886000e+00
2.525719e+01,2.720047e+02,1.619517e-03,2.898500e+00
2.525719e+01,4.614110e+02,1.619517e-03,4.701400e+00
2.525719e+01,5.828673e+02,1.619517e-03,5.814900e+00
2.525719e+01,6.741580e+02,1.619517e-03,6.621600e+00
2.525719e+01,7.464343e+02,1.619517e-03,7.247600e+00
2.525719e+01,8.048354e+02,1.619517e-03,7.752100e+00
2.525719e+01,8.522185e+02,1.619517e-03,8.148300e+00
2.525719e+01,8.903445e+02,1.619517e-03,8.464800e+00
2.525719e+01,9.203645e+02,1.619517e-03,8.712500e+00
2.525719e+01,9.430529e+02,1.619517e-03,8.901100e+00
2.525719e+01,9.589304e+02,1.619517e-03,9.031600e+00
2.525719e+01,9.683319e+02,1.619517e-03,9.104700e+00
2.525719e+01,9.714455e+02,1.619517e-03,9.129100e+00
2.525719e+01,9.683319e+02,1.619517e-03,9.104700e+00
2.525719e+01,9.589304e+02,1.619517e-03,9.031600e+00
2.525719e+01,9.430529e+02,1.619517e-03,8.901100e+00
2.525719e+01,9.203645e+02,1.619517e-03,8.712500e+00
2.525719e+01,8.903445e+02,1.619517e-03,8.464800e+00
2.525719e+01,8.522185e+02,1.619517e-03,8.148300e+00
2.525719e+01,8.048354e+02,1.619517e-03,7.752100e+00
2.525719e+01,7.464343e+02,1.619517e-03,7.247600e+00
2.525719e+01,6.741580e+02,1.619517e-03,6.621600e+00
2.525719e+01,5.828673e+02,1.619517e-03,5.814900e+00
2.525719e+01,4.614110e+02,1.619517e-03,4.701400e+00
2.525719e+01,2.720047e+02,1.619517e-03,2.898500e+00
2.671291e+01,3.064448e+02,1.517133e-03,2.856800e+00
2.671291e+01,5.198329e+02,1.517133e-03,4.647000e+00
2.671291e+01,6.566674e+02,1.517133e-03,5.740800e+00
2.671291e+01,7.595169e+02,1.517133e-03,6.540200e+00
2.671291e+01,8.409446e+02,1.517133e-03,7.154800e+00
2.671291e+01,9.067401e+02,1.517133e-03,7.646300e+00
2.671291e+01,9.601227e+02,1.517133e-03,8.035000e+00
2.671291e+01,1.003076e+03,1.517133e-03,8.346500e+00
2.671291e+01,1.036897e+03,1.517133e-03,8.590400e+00
2.671291e+01,1.062458e+03,1.517133e-03,8.768400e+00
2.671291e+01,1.080346e+03,1.517133e-03,8.895900e+00
2.671291e+01,1.090938e+03,1.517133e-03,8.973500e+00
2.671291e+01,1.094446e+03,1.517133e-03,8.994700e+00
2.671291e+01,1.090938e+03,1.517133e-03,8.973500e+00
2.671291e+01,1.080346e+03,1.517133e-03,8.895900e+00
2.671291e+01,1.062458e+03,1.517133e-03,8.768400e+00
2.671291e+01,1.036897e+03,1.517133e-03,8.590400e+00
2.671291e+01,1.003076e+03,1.517133e-03,8.346500e+00
2.671291e+01,9.601227e+02,1.517133e-03,8.035000e+00
2.671291e+01,9.067401e+02,1.517133e-03,7.646300e+00
2.671291e+01,8.409446e+02,1.517133e-03,7.154800e+00
2.671291e+01,7.595169e+02,1.517133e-03,6.540200e+00
2.671291e+01,6.566674e+02,1.517133e-03,5.740800e+00
2.671291e+01,5.198329e+02,1.517133e-03,4.647000e+00
2.671291e+01,3.064448e+02,1.517133e-03,2.856800e+00
2.226585e+01,3.101956e+02,7.811707e-04,1.842400e+00
2.226585e+01,5.261955e+02,7.811707e-04,3.005700e+00
2.226585e+01,6.647049e+02,7.811707e-04,3.724800e+00
2.226585e+01,7.688132e+02,7.811707e-04,4.250400e+00
2.226585e+01,8.512376e+02,7.811707e-04,4.656900e+00
2.226585e+01,9.178384e+02,7.811707e-04,4.983400e+00
2.226585e+01,9.718744e+02,7.811707e-04,5.243000e+00
2.226585e+01,1.015353e+03,7.811707e-04,5.447400e+00
2.226585e+01,1.049588e+03,7.811707e-04,5.612400e+00
2.226585e+01,1.075462e+03,7.811707e-04,5.729500e+00
2.226585e+01,1.093569e+03,7.811707e-04,5.818100e+00
2.226585e+01,1.104291e+03,7.811707e-04,5.864500e+00
2.226585e+01,1.107841e+03,7.811707e-04,5.883100e+00
2.226585e+01,1.104291e+03,7.811707e-04,5.864500e+00
2.226585e+01,1.093569e+03,7.811707e-04,5.818100e+00
2.226585e+01,1.075462e+03,7.811707e-04,5.729500e+00
2.226585e+01,1.049588e+03,7.811707e-04,5.612400e+00
2.226585e+01,1.015353e+03,7.811707e-04,5.447400e+00
2.226585e+01,9.718744e+02,7.811707e-04,5.243000e+00
2.226585e+01,9.178384e+02,7.811707e-04,4.983400e+00
2.226585e+01,8.512376e+02,7.811707e-04,4.656900e+00
2.226585e+01,7.688132e+02,7.811707e-04,4.250400e+00
2.226585e+01,6.647049e+02,7.811707e-04,3.724800e+00
2.226585e+01,5.261955e+02,7.811707e-04,3.005700e+00
2.226585e+01,3.101956e+02,7.811707e-04,1.842400e+00
1.780594e+01,2.873405e+02,3.920144e-04,1.124600e+00
1.780594e+01,4.874256e+02,3.920144e-04,1.840900e+00
1.780594e+01,6.157296e+02,3.920144e-04,2.287700e+00
1.780594e+01,7.121672e+02,3.920144e-04,2.613300e+00
1.780594e+01,7.885186e+02,3.920144e-04,2.871700e+00
1.780594e+01,8.502123e+02,3.920144e-04,3.073500e+00
1.780594e+01,9.002669e+02,3.920144e-04,3.236800e+00
1.780594e+01,9.405424e+02,3.920144e-04,3.369600e+00
1.780594e+01,9.722550e+02,3.920144e-04,3.469200e+00
1.780594e+01,9.962226e+02,3.920144e-04,3.545900e+00
1.780594e+01,1.012995e+03,3.920144e-04,3.599900e+00
1.780594e+01,1.022927e+03,3.920144e-04,3.631700e+00
1.780594e+01,1.026216e+03,3.920144e-04,3.641200e+00
1.780594e+01,1.022927e+03,3.920144e-04,3.631700e+00
1.780594e+01,1.012995e+03,3.920144e-04,3.599900e+00
1.780594e+01,9.962226e+02,3.920144e-04,3.545900e+00
1.780594e+01,9.722550e+02,3.920144e-04,3.469200e+00
1.780594e+01,9.405424e+02,3.920144e-04,3.369600e+00
1.780594e+01,9.002669e+02,3.920144e-04,3.236800e+00
1.780594e+01,8.502123e+02,3.920144e-04,3.073500e+00
1.780594e+01,7.885186e+02,3.920144e-04,2.871700e+00
1.780594e+01,7.121672e+02,3.920144e-04,2.613300e+00
1.780594e+01,6.157296e+02,3.920144e-04,2.287700e+00
1.780594e+01,4.874256e+02,3.920144e-04,1.840900e+00
1.780594e+01,2.873405e+02,3.920144e-04,1.124600e+00
1.113934e+01,2.665997e+02,9.478967e-05,4.069000e-01
1.113934e+01,4.522423e+02,9.478967e-05,6.660000e-01
1.113934e+01,5.712851e+02,9.478967e-05,8.286000e-01
1.113934e+01,6.607618e+02,9.478967e-05,9.495000e-01
1.113934e+01,7.316019e+02,9.478967e-05,1.044400e+00
1.113934e+01,7.888425e+02,9.478967e-05,1.120600e+00
1.113934e+01,8.352841e+02,9.478967e-05,1.181400e+00
1.113934e+01,8.726524e+02,9.478967e-05,1.231200e+00
1.113934e+01,9.020759e+02,9.478967e-05,1.269000e+00
1.113934e+01,9.243135e+02,9.478967e-05,1.297500e+00
1.113934e+01,9.398755e+02,9.478967e-05,1.318200e+00
1.113934e+01,9.490901e+02,9.478967e-05,1.329800e+00
1.113934e+01,9.521419e+02,9.478967e-05,1.333600e+00
1.113934e+01,9.490901e+02,9.478967e-05,1.329800e+00
1.113934e+01,9.398755e+02,9.478967e-05,1.318200e+00
1.113934e+01,9.243135e+02,9.478967e-05,1.297500e+00
1.113934e+01,9.020759e+02,9.478967e-05,1.269000e+00
1.113934e+01,8.726524e+02,9.478967e-05,1.231200e+00
1.113934e+01,8.352841e+02,9.478967e-05,1.181400e+00
1.113934e+01,7.888425e+02,9.478967e-05,1.120600e+00
1.113934e+01,7.316019e+02,9.478967e-05,1.044400e+00
1.113934e+01,6.607618e+02,9.478967e-05,9.495000e-01
1.113934e+01,5.712851e+02,9.478967e-05,8.286000e-01
1.113934e+01,4.522423e+02,9.478967e-05,6.660000e-01
1.113934e+01,2.665997e+02,9.478967e-05,4.069000e-01
9.486440e-01,2.570460e+02,5.827763e-08,5.000000e-03
9.486440e-01,4.360360e+02,5.827763e-08,5.300000e-03
9.486440e-01,5.508128e+02,5.827763e-08,5.100000e-03
9.486440e-01,6.370830e+02,5.827763e-08,4.900000e-03
9.486440e-01,7.053845e+02,5.827763e-08,4.600000e-03
9.486440e-01,7.605739e+02,5.827763e-08,5.800000e-03
9.486440e-01,8.053512e+02,5.827763e-08,6.600000e-03
9.486440e-01,8.413804e+02,5.827763e-08,7.100000e-03
9.486440e-01,8.697495e+02,5.827763e-08,7.500000e-03
9.486440e-01,8.911902e+02,5.827763e-08,7.800000e-03
9.486440e-01,9.061945e+02,5.827763e-08,8.000000e-03
9.486440e-01,9.150789e+02,5.827763e-08,8.100000e-03
9.486440e-01,9.180213e+02,5.827763e-08,8.100000e-03
9.486440e-01,9.150789e+02,5.827763e-08,8.100000e-03
9.486440e-01,9.061945e+02,5.827763e-08,8.000000e-03
9.486440e-01,8.911902e+02,5.827763e-08,7.800000e-03
9.486440e-01,8.697495e+02,5.827763e-08,7.500000e-03
9.486440e-01,8.413804e+02,5.827763e-08,7.100000e-03
9.486440e-01,8.053512e+02,5.827763e-08,6.600000e-03
9.486440e-01,7.605739e+02,5.827763e-08,5.800000e-03
9.486440e-01,7.053845e+02,5.827763e-08,4.600000e-03
9.486440e-01,6.370830e+02,5.827763e-08,4.900000e-03
9.486440e-01,5.508128e+02,5.827763e-08,5.100000e-03
9.486440e-01,4.360360e+02,5.827763e-08,5.300000e-03
9.486440e-01,2.570460e+02,5.827763e-08,5.000000e-03
1.860880e+00,2.879040e+01,9.379031e-04,1.020300e+00
1.860880e+00,4.883815e+01,1.197332e-03,1.941700e+00
1.860880e+00,6.169372e+01,1.452066e-03,2.838900e+00
1.860880e+00,7.135640e+01,1.735517e-03,3.773500e+00
1.860880e+00,7.900651e+01,2.042761e-03,4.821600e+00
1.860880e+00,8.518798e+01,2.364881e-03,5.889600e+00
1.860880e+00,9.020326e+01,2.689898e-03,6.972900e+00
1.860880e+00,9.423871e+01,3.003441e-03,8.013300e+00
1.860880e+00,9.741618e+01,3.289743e-03,8.948500e+00
1.860880e+00,9.981764e+01,3.532943e-03,9.799400e+00
1.860880e+00,1.014982e+02,3.718564e-03,1.035410e+01
1.860880e+00,1.024933e+02,3.834980e-03,1.073620e+01
1.860880e+00,1.028229e+02,3.874655e-03,1.092470e+01
1.860880e+00,1.024933e+02,3.834980e-03,1.073620e+01
1.860880e+00,1.014982e+02,3.718564e-03,1.035410e+01
1.860880e+00,9.981764e+01,3.532943e-03,9.799400e+00
1.860880e+00,9.741618e+01,3.289743e-03,8.948500e+00
1.860880e+00,9.423871e+01,3.003441e-03,8.013300e+00
1.860880e+00,9.020326e+01,2.689898e-03,6.972900e+00
1.860880e+00,8.518798e+01,2.364881e-03,5.889600e+00
1.860880e+00,7.900651e+01,2.042761e-03,4.821600e+00
1.860880e+00,7.135640e+01,1.735517e-03,3.773500e+00
1.860880e+00,6.169372e+01,1.452066e-03,2.838900e+00
1.860880e+00,4.883815e+01,1.197332e-03,1.941700e+00
1.860880e+00,2.879040e+01,9.379031e-04,1.020300e+00
2.923439e+00,2.047528e+01,7.368098e-04,6.216000e-01
2.923439e+00,3.473293e+01,9.400814e-04,1.176600e+00
2.923439e+00,4.387561e+01,1.140040e-03,1.698200e+00
2.923439e+00,5.074756e+01,1.362535e-03,2.274300e+00
2.923439e+00,5.618819e+01,1.603697e-03,2.873700e+00
2.923439e+00,6.058436e+01,1.856526e-03,3.549200e+00
2.923439e+00,6.415115e+01,2.111620e-03,4.176800e+00
2.923439e+00,6.702110e+01,2.357702e-03,4.817700e+00
2.923439e+00,6.928087e+01,2.582399e-03,5.381000e+00
2.923439e+00,7.098875e+01,2.773264e-03,5.892900e+00
2.923439e+00,7.218393e+01,2.918940e-03,6.255300e+00
2.923439e+00,7.289163e+01,3.010301e-03,6.512500e+00
2.923439e+00,7.312601e+01,3.041438e-03,6.575700e+00
2.923439e+00,7.289163e+01,3.010301e-03,6.512500e+00
2.923439e+00,7.218393e+01,2.918940e-03,6.255300e+00
2.923439e+00,7.098875e+01,2.773264e-03,5.892900e+00
2.923439e+00,6.928087e+01,2.582399e-03,5.381000e+00
2.923439e+00,6.702110e+01,2.357702e-03,4.817700e+00
2.923439e+00,6.415115e+01,2.111620e-03,4.176800e+00
2.923439e+00,6.058436e+01,1.856526e-03,3.549200e+00
2.923439e+00,5.618819e+01,1.603697e-03,2.873700e+00
2.923439e+00,5.074756e+01,1.362535e-03,2.274300e+00
2.923439e+00,4.387561e+01,1.140040e-03,1.698200e+00
2.923439e+00,3.473293e+01,9.400814e-04,1.176600e+00
2.923439e+00,2.047528e+01,7.368098e-04,6.216000e-01
3.802205e+00,2.253884e+01,7.071704e-04,6.557000e-01
3.802205e+00,3.823341e+01,9.027203e-04,1.204500e+00
3.802205e+00,4.829751e+01,1.094770e-03,1.750000e+00
3.802205e+00,5.586203e+01,1.308471e-03,2.359800e+00
3.802205e+00,6.185099e+01,1.540108e-03,3.004900e+00
3.802205e+00,6.669022e+01,1.782960e-03,3.689500e+00
3.802205e+00,7.061647e+01,2.027995e-03,4.379400e+00
3.802205e+00,7.377567e+01,2.264379e-03,5.034100e+00
3.802205e+00,7.626318e+01,2.480225e-03,5.610500e+00
3.802205e+00,7.814319e+01,2.663575e-03,6.131600e+00
3.802205e+00,7.945882e+01,2.803516e-03,6.502200e+00
3.802205e+00,8.023785e+01,2.891283e-03,6.763000e+00
3.802205e+00,8.049585e+01,2.921194e-03,6.828500e+00
3.802205e+00,8.023785e+01,2.891283e-03,6.763000e+00
3.802205e+00,7.945882e+01,2.803516e-03,6.502200e+00
3.802205e+00,7.814319e+01,2.663575e-03,6.131600e+00
3.802205e+00,7.626318e+01,2.480225e-03,5.610500e+00
3.802205e+00,7.377567e+01,2.264379e-03,5.034100e+00
3.802205e+00,7.061647e+01,2.027995e-03,4.379400e+00
3.802205e+00,6.669022e+01,1.782960e-03,3.689500e+00
3.802205e+00,6.185099e+01,1.540108e-03,3.004900e+00
3.802205e+00,5.586203e+01,1.308471e-03,2.359800e+00
3.802205e+00,4.829751e+01,1.094770e-03,1.750000e+00
3.802205e+00,3.823341e+01,9.027203e-04,1.204500e+00
3.802205e+00,2.253884e+01,7.071704e-04,6.557000e-01
4.613169e+00,2.601645e+01,6.959690e-04,7.031000e-01
4.613169e+00,4.413261e+01,8.884602e-04,1.330600e+00
4.613169e+00,5.574954e+01,1.077479e-03,1.953700e+00
4.613169e+00,6.448123e+01,1.287808e-03,2.595300e+00
4.613169e+00,7.139425e+01,1.515791e-03,3.313400e+00
4.613169e+00,7.698014e+01,1.754812e-03,4.082400e+00
4.613169e+00,8.151219e+01,1.995983e-03,4.866900e+00
4.613169e+00,8.515883e+01,2.228639e-03,5.568800e+00
4.613169e+00,8.803015e+01,2.441082e-03,6.247400e+00
4.613169e+00,9.020024e+01,2.621542e-03,6.806900e+00
4.613169e+00,9.171887e+01,2.759277e-03,7.273300e+00
4.613169e+00,9.261809e+01,2.845659e-03,7.553300e+00
4.613169e+00,9.291590e+01,2.875099e-03,7.626100e+00
4.613169e+00,9.261809e+01,2.845659e-03,7.553300e+00
4.613169e+00,9.171887e+01,2.759277e-03,7.273300e+00
4.613169e+00,9.020024e+01,2.621542e-03,6.806900e+00
4.613169e+00,8.803015e+01,2.441082e-03,6.247400e+00
4.613169e+00,8.515883e+01,2.228639e-03,5.568800e+00
4.613169e+00,8.151219e+01,1.995983e-03,4.866900e+00
4.613169e+00,7.698014e+01,1.754812e-03,4.082400e+00
4.613169e+00,7.139425e+01,1.515791e-03,3.313400e+00
4.613169e+00,6.448123e+01,1.287808e-03,2.595300e+00
4.613169e+00,5.574954e+01,1.077479e-03,1.953700e+00
4.613169e+00,4.413261e+01,8.884602e-04,1.330600e+00
4.613169e+00,2.601645e+01,6.959690e-04,7.031000e-01
5.386476e+00,2.989955e+01,6.896768e-04,7.462000e-01
5.386476e+00,5.071963e+01,8.804370e-04,1.434600e+00
5.386476e+00,6.407046e+01,1.067750e-03,2.089900e+00
5.386476e+00,7.410539e+01,1.276180e-03,2.808100e+00
5.386476e+00,8.205022e+01,1.502106e-03,3.585100e+00
5.386476e+00,8.846983e+01,1.738970e-03,4.380200e+00
5.386476e+00,9.367832e+01,1.977964e-03,5.236900e+00
5.386476e+00,9.786924e+01,2.208521e-03,6.021500e+00
5.386476e+00,1.011691e+02,2.419047e-03,6.729300e+00
5.386476e+00,1.036631e+02,2.597878e-03,7.373700e+00
5.386476e+00,1.054084e+02,2.734370e-03,7.796500e+00
5.386476e+00,1.064418e+02,2.819974e-03,8.087400e+00
5.386476e+00,1.067841e+02,2.849148e-03,8.229700e+00
5.386476e+00,1.064418e+02,2.819974e-03,8.087400e+00
5.386476e+00,1.054084e+02,2.734370e-03,7.796500e+00
5.386476e+00,1.036631e+02,2.597878e-03,7.373700e+00
5.386476e+00,1.011691e+02,2.419047e-03,6.729300e+00
5.386476e+00,9.786924e+01,2.208521e-03,6.021500e+00
5.386476e+00,9.367832e+01,1.977964e-03,5.236900e+00
5.386476e+00,8.846983e+01,1.738970e-03,4.380200e+00
5.386476e+00,8.205022e+01,1.502106e-03,3.585100e+00
5.386476e+00,7.410539e+01,1.276180e-03,2.808100e+00
5.386476e+00,6.407046e+01,1.067750e-03,2.089900e+00
5.386476e+00,5.071963e+01,8.804370e-04,1.434600e+00
5.386476e+00,2.989955e+01,6.896768e-04,7.462000e-01
6.143543e+00,3.409228e+01,6.851214e-04,7.554000e-01
6.143543e+00,5.783192e+01,8.746251e-04,1.470800e+00
6.143543e+00,7.305490e+01,1.060702e-03,2.155000e+00
6.143543e+00,8.449700e+01,1.267757e-03,2.888400e+00
6.143543e+00,9.355591e+01,1.492191e-03,3.722500e+00
6.143543e+00,1.008757e+02,1.727492e-03,4.555300e+00
6.143543e+00,1.068146e+02,1.964909e-03,5.410000e+00
6.143543e+00,1.115932e+02,2.193945e-03,6.243300e+00
6.143543e+00,1.153558e+02,2.403081e-03,6.955700e+00
6.143543e+00,1.181995e+02,2.580733e-03,7.599900e+00
6.143543e+00,1.201896e+02,2.716324e-03,8.085400e+00
6.143543e+00,1.213679e+02,2.801363e-03,8.378800e+00
6.143543e+00,1.217582e+02,2.830344e-03,8.518300e+00
6.143543e+00,1.213679e+02,2.801363e-03,8.378800e+00
6.143543e+00,1.201896e+02,2.716324e-03,8.085400e+00
6.143543e+00,1.181995e+02,2.580733e-03,7.599900e+00
6.143543e+00,1.153558e+02,2.403081e-03,6.955700e+00
6.143543e+00,1.115932e+02,2.193945e-03,6.243300e+00
6.143543e+00,1.068146e+02,1.964909e-03,5.410000e+00
6.143543e+00,1.008757e+02,1.727492e-03,4.555300e+00
6.143543e+00,9.355591e+01,1.492191e-03,3.722500e+00
6.143543e+00,8.449700e+01,1.267757e-03,2.888400e+00
6.143543e+00,7.305490e+01,1.060702e-03,2.155000e+00
6.143543e+00,5.783192e+01,8.746251e-04,1.470800e+00
6.143543e+00,3.409228e+01,6.851214e-04,7.554000e-01
6.900059e+00,3.864687e+01,6.811527e-04,7.700000e-01
6.900059e+00,6.555802e+01,8.695601e-04,1.503900e+00
6.900059e+00,8.281471e+01,1.054560e-03,2.208300e+00
6.900059e+00,9.578544e+01,1.260415e-03,2.977200e+00
6.900059e+00,1.060546e+02,1.483550e-03,3.796100e+00
6.900059e+00,1.143523e+02,1.717489e-03,4.651400e+00
6.900059e+00,1.210846e+02,1.953531e-03,5.535100e+00
6.900059e+00,1.265016e+02,2.181241e-03,6.404200e+00
6.900059e+00,1.307669e+02,2.389166e-03,7.163800e+00
6.900059e+00,1.339905e+02,2.565789e-03,7.807000e+00
6.900059e+00,1.362464e+02,2.700596e-03,8.292000e+00
6.900059e+00,1.375821e+02,2.785142e-03,8.639400e+00
6.900059e+00,1.380245e+02,2.813956e-03,8.722000e+00
6.900059e+00,1.375821e+02,2.785142e-03,8.639400e+00
6.900059e+00,1.362464e+02,2.700596e-03,8.292000e+00
6.900059e+00,1.339905e+02,2.565789e-03,7.807000e+00
6.900059e+00,1.307669e+02,2.389166e-03,7.163800e+00
6.900059e+00,1.265016e+02,2.181241e-03,6.404200e+00
6.900059e+00,1.210846e+02,1.953531e-03,5.535100e+00
6.900059e+00,1.143523e+02,1.717489e-03,4.651400e+00
6.900059e+00,1.060546e+02,1.483550e-03,3.796100e+00
6.900059e+00,9.578544e+01,1.260415e-03,2.977200e+00
6.900059e+00,8.281471e+01,1.054560e-03,2.208300e+00
6.900059e+00,6.555802e+01,8.695601e-04,1.503900e+00
6.900059e+00,3.864687e+01,6.811527e-04,7.700000e-01
7.668102e+00,4.364916e+01,6.773105e-04,7.752000e-01
7.668102e+00,7.404358e+01,8.646560e-04,1.518100e+00
7.668102e+00,9.353391e+01,1.048612e-03,2.254000e+00
7.668102e+00,1.081835e+02,1.253307e-03,3.024900e+00
7.668102e+00,1.197818e+02,1.475184e-03,3.880900e+00
7.668102e+00,1.291536e+02,1.707803e-03,4.755400e+00
7.668102e+00,1.367573e+02,1.942514e-03,5.663400e+00
7.668102e+00,1.428754e+02,2.168940e-03,6.522500e+00
7.668102e+00,1.476928e+02,2.375693e-03,7.318200e+00
7.668102e+00,1.513336e+02,2.551320e-03,7.958100e+00
7.668102e+00,1.538815e+02,2.685366e-03,8.488200e+00
7.668102e+00,1.553902e+02,2.769436e-03,8.782600e+00
7.668102e+00,1.558898e+02,2.798087e-03,8.915700e+00
7.668102e+00,1.553902e+02,2.769436e-03,8.782600e+00
7.668102e+00,1.538815e+02,2.685366e-03,8.488200e+00
7.668102e+00,1.513336e+02,2.551320e-03,7.958100e+00
7.668102e+00,1.476928e+02,2.375693e-03,7.318200e+00
7.668102e+00,1.428754e+02,2.168940e-03,6.522500e+00
7.668102e+00,1.367573e+02,1.942514e-03,5.663400e+00
7.668102e+00,1.291536e+02,1.707803e-03,4.755400e+00
7.668102e+00,1.197818e+02,1.475184e-03,3.880900e+00
7.668102e+00,1.081835e+02,1.253307e-03,3.024900e+00
7.668102e+00,9.353391e+01,1.048612e-03,2.254000e+00
7.668102e+00,7.404358e+01,8.646560e-04,1.518100e+00
7.668102e+00,4.364916e+01,6.773105e-04,7.752000e-01
8.457334e+00,4.919994e+01,6.733123e-04,7.864000e-01
8.457334e+00,8.345956e+01,8.595524e-04,1.559500e+00
8.457334e+00,1.054284e+02,1.042423e-03,2.312100e+00
8.457334e+00,1.219410e+02,1.245909e-03,3.136700e+00
8.457334e+00,1.350143e+02,1.466477e-03,4.012000e+00
8.457334e+00,1.455778e+02,1.697723e-03,4.943600e+00
8.457334e+00,1.541484e+02,1.931049e-03,5.853300e+00
8.457334e+00,1.610446e+02,2.156138e-03,6.751100e+00
8.457334e+00,1.664746e+02,2.361671e-03,7.550000e+00
8.457334e+00,1.705785e+02,2.536261e-03,8.278800e+00
8.457334e+00,1.734503e+02,2.669516e-03,8.768900e+00
8.457334e+00,1.751509e+02,2.753090e-03,9.112300e+00
8.457334e+00,1.757141e+02,2.781572e-03,9.244500e+00
8.457334e+00,1.751509e+02,2.753090e-03,9.112300e+00
8.457334e+00,1.734503e+02,2.669516e-03,8.768900e+00
8.457334e+00,1.705785e+02,2.536261e-03,8.278800e+00
8.457334e+00,1.664746e+02,2.361671e-03,7.550000e+00
8.457334e+00,1.610446e+02,2.156138e-03,6.751100e+00
8.457334e+00,1.541484e+02,1.931049e-03,5.853300e+00
8.457334e+00,1.455778e+02,1.697723e-03,4.943600e+00
8.457334e+00,1.350143e+02,1.466477e-03,4.012000e+00
8.457334e+00,1.219410e+02,1.245909e-03,3.136700e+00
8.457334e+00,1.054284e+02,1.042423e-03,2.312100e+00
8.457334e+00,8.345956e+01,8.595524e-04,1.559500e+00
8.457334e+00,4.919994e+01,6.733123e-04,7.864000e-01
9.276325e+00,5.541140e+01,6.690456e-04,7.976000e-01
9.276325e+00,9.399627e+01,8.541058e-04,1.604600e+00
9.276325e+00,1.187387e+02,1.035817e-03,2.385200e+00
9.276325e+00,1.373360e+02,1.238015e-03,3.212600e+00
9.276325e+00,1.520597e+02,1.457184e-03,4.120900e+00
9.276325e+00,1.639569e+02,1.686965e-03,5.068800e+00
9.276325e+00,1.736095e+02,1.918813e-03,6.033500e+00
9.276325e+00,1.813764e+02,2.142476e-03,6.928900e+00
9.276325e+00,1.874919e+02,2.346706e-03,7.762900e+00
9.276325e+00,1.921139e+02,2.520190e-03,8.488200e+00
9.276325e+00,1.953483e+02,2.652601e-03,9.020900e+00
9.276325e+00,1.972636e+02,2.735645e-03,9.363600e+00
9.276325e+00,1.978978e+02,2.763947e-03,9.494400e+00
9.276325e+00,1.972636e+02,2.735645e-03,9.363600e+00
9.276325e+00,1.953483e+02,2.652601e-03,9.020900e+00
9.276325e+00,1.921139e+02,2.520190e-03,8.488200e+00
9.276325e+00,1.874919e+02,2.346706e-03,7.762900e+00
9.276325e+00,1.813764e+02,2.142476e-03,6.928900e+00
9.276325e+00,1.736095e+02,1.918813e-03,6.033500e+00
9.276325e+00,1.639569e+02,1.686965e-03,5.068800e+00
9.276325e+00,1.520597e+02,1.457184e-03,4.120900e+00
9.276325e+00,1.373360e+02,1.238015e-03,3.212600e+00
9.276325e+00,1.187387e+02,1.035817e-03,2.385200e+00
9.276325e+00,9.399627e+01,8.541058e-04,1.604600e+00
9.276325e+00,5.541140e+01,6.690456e-04,7.976000e-01
1.013246e+01,6.240759e+01,6.643673e-04,8.072000e-01
1.013246e+01,1.058642e+02,8.481336e-04,1.634200e+00
1.013246e+01,1.337305e+02,1.028575e-03,2.430600e+00
1.013246e+01,1.546759e+02,1.229358e-03,3.290300e+00
1.013246e+01,1.712587e+02,1.446995e-03,4.201200e+00
1.013246e+01,1.846579e+02,1.675170e-03,5.181600e+00
1.013246e+01,1.955293e+02,1.905396e-03,6.161000e+00
1.013246e+01,2.042768e+02,2.127495e-03,7.079500e+00
1.013246e+01,2.111644e+02,2.330297e-03,7.939900e+00
1.013246e+01,2.163700e+02,2.502569e-03,8.659500e+00
1.013246e+01,2.200128e+02,2.634054e-03,9.225900e+00
1.013246e+01,2.221699e+02,2.716517e-03,9.566900e+00
1.013246e+01,2.228842e+02,2.744621e-03,9.695700e+00
1.013246e+01,2.221699e+02,2.716517e-03,9.566900e+00
1.013246e+01,2.200128e+02,2.634054e-03,9.225900e+00
1.013246e+01,2.163700e+02,2.502569e-03,8.659500e+00
1.013246e+01,2.111644e+02,2.330297e-03,7.939900e+00
1.013246e+01,2.042768e+02,2.127495e-03,7.079500e+00
1.013246e+01,1.955293e+02,1.905396e-03,6.161000e+00
1.013246e+01,1.846579e+02,1.675170e-03,5.181600e+00
1.013246e+01,1.712587e+02,1.446995e-03,4.201200e+00
1.013246e+01,1.546759e+02,1.229358e-03,3.290300e+00
1.013246e+01,1.337305e+02,1.028575e-03,2.430600e+00
1.013246e+01,1.058642e+02,8.481336e-04,1.634200e+00
1.013246e+01,6.240759e+01,6.643673e-04,8.072000e-01
1.103262e+01,7.032539e+01,6.591858e-04,8.238000e-01
1.103262e+01,1.192954e+02,8.415190e-04,1.668700e+00
1.103262e+01,1.506973e+02,1.020553e-03,2.494000e+00
1.103262e+01,1.743000e+02,1.219770e-03,3.367000e+00
1.103262e+01,1.929867e+02,1.435710e-03,4.321600e+00
1.103262e+01,2.080860e+02,1.662105e-03,5.312800e+00
1.103262e+01,2.203366e+02,1.890536e-03,6.308300e+00
1.103262e+01,2.301939e+02,2.110903e-03,7.277500e+00
1.103262e+01,2.379554e+02,2.312124e-03,8.165200e+00
1.103262e+01,2.438214e+02,2.483051e-03,8.916500e+00
1.103262e+01,2.479264e+02,2.613511e-03,9.482100e+00
1.103262e+01,2.503571e+02,2.695331e-03,9.823700e+00
1.103262e+01,2.511621e+02,2.723215e-03,9.951600e+00
1.103262e+01,2.503571e+02,2.695331e-03,9.823700e+00
1.103262e+01,2.479264e+02,2.613511e-03,9.482100e+00
1.103262e+01,2.438214e+02,2.483051e-03,8.916500e+00
1.103262e+01,2.379554e+02,2.312124e-03,8.165200e+00
1.103262e+01,2.301939e+02,2.110903e-03,7.277500e+00
1.103262e+01,2.203366e+02,1.890536e-03,6.308300e+00
1.103262e+01,2.080860e+02,1.662105e-03,5.312800e+00
1.103262e+01,1.929867e+02,1.435710e-03,4.321600e+00
1.103262e+01,1.743000e+02,1.219770e-03,3.367000e+00
1.103262e+01,1.506973e+02,1.020553e-03,2.494000e+00
1.103262e+01,1.192954e+02,8.415190e-04,1.668700e+00
1.103262e+01,7.032539e+01,6.591858e-04,8.238000e-01
1.198306e+01,7.931558e+01,6.533985e-04,8.318000e-01
1.198306e+01,1.345458e+02,8.341310e-04,1.701400e+00
1.198306e+01,1.699620e+02,1.011593e-03,2.529100e+00
1.198306e+01,1.965820e+02,1.209062e-03,3.434100e+00
1.198306e+01,2.176575e+02,1.423105e-03,4.400100e+00
1.198306e+01,2.346870e+02,1.647513e-03,5.411700e+00
1.198306e+01,2.485038e+02,1.873938e-03,6.436600e+00
1.198306e+01,2.596212e+02,2.092370e-03,7.418100e+00
1.198306e+01,2.683749e+02,2.291825e-03,8.294700e+00
1.198306e+01,2.749908e+02,2.461251e-03,9.065200e+00
1.198306e+01,2.796206e+02,2.590566e-03,9.655200e+00
1.198306e+01,2.823620e+02,2.671667e-03,9.995000e+00
1.198306e+01,2.832699e+02,2.699307e-03,1.012120e+01
1.198306e+01,2.823620e+02,2.671667e-03,9.995000e+00
1.198306e+01,2.796206e+02,2.590566e-03,9.655200e+00
1.198306e+01,2.749908e+02,2.461251e-03,9.065200e+00
1.198306e+01,2.683749e+02,2.291825e-03,8.294700e+00
1.198306e+01,2.596212e+02,2.092370e-03,7.418100e+00
1.198306e+01,2.485038e+02,1.873938e-03,6.436600e+00
1.198306e+01,2.346870e+02,1.647513e-03,5.411700e+00
1.198306e+01,2.176575e+02,1.423105e-03,4.400100e+00
1.198306e+01,1.965820e+02,1.209062e-03,3.434100e+00
1.198306e+01,1.699620e+02,1.011593e-03,2.529100e+00
1.198306e+01,1.345458e+02,8.341310e-04,1.701400e+00
1.198306e+01,7.931558e+01,6.533985e-04,8.318000e-01
1.299170e+01,8.954396e+01,6.472147e-04,8.506000e-01
1.299170e+01,1.518965e+02,8.262368e-04,1.729500e+00
1.299170e+01,1.918799e+02,1.002019e-03,2.581200e+00
1.299170e+01,2.219328e+02,1.197619e-03,3.499700e+00
1.299170e+01,2.457262e+02,1.409637e-03,4.490900e+00
1.299170e+01,2.649518e+02,1.631921e-03,5.520700e+00
1.299170e+01,2.805503e+02,1.856203e-03,6.571200e+00
1.299170e+01,2.931014e+02,2.072568e-03,7.563800e+00
1.299170e+01,3.029840e+02,2.270135e-03,8.482100e+00
1.299170e+01,3.104530e+02,2.437958e-03,9.245800e+00
1.299170e+01,3.156799e+02,2.566049e-03,9.857300e+00
1.299170e+01,3.187749e+02,2.646383e-03,1.022490e+01
1.299170e+01,3.197999e+02,2.673761e-03,1.035010e+01
1.299170e+01,3.187749e+02,2.646383e-03,1.022490e+01
1.299170e+01,3.156799e+02,2.566049e-03,9.857300e+00
1.299170e+01,3.104530e+02,2.437958e-03,9.245800e+00
1.299170e+01,3.029840e+02,2.270135e-03,8.482100e+00
1.299170e+01,2.931014e+02,2.072568e-03,7.563800e+00
1.299170e+01,2.805503e+02,1.856203e-03,6.571200e+00
1.299170e+01,2.649518e+02,1.631921e-03,5.520700e+00
1.299170e+01,2.457262e+02,1.409637e-03,4.490900e+00
1.299170e+01,2.219328e+02,1.197619e-03,3.499700e+00
1.299170e+01,1.918799e+02,1.002019e-03,2.581200e+00
1.299170e+01,1.518965e+02,8.262368e-04,1.729500e+00
1.299170e+01,8.954396e+01,6.472147e-04,8.506000e-01
1.406422e+01,1.011975e+02,6.404558e-04,8.659000e-01
1.406422e+01,1.716649e+02,8.176082e-04,1.780400e+00
1.406422e+01,2.168519e+02,9.915549e-04,2.656700e+00
1.406422e+01,2.508160e+02,1.185112e-03,3.604600e+00
1.406422e+01,2.777059e+02,1.394916e-03,4.624000e+00
1.406422e+01,2.994336e+02,1.614878e-03,5.676300e+00
1.406422e+01,3.170622e+02,1.836818e-03,6.755200e+00
1.406422e+01,3.312467e+02,2.050924e-03,7.784700e+00
1.406422e+01,3.424155e+02,2.246427e-03,8.722300e+00
1.406422e+01,3.508566e+02,2.412498e-03,9.533100e+00
1.406422e+01,3.567637e+02,2.539251e-03,1.014320e+01
1.406422e+01,3.602614e+02,2.618746e-03,1.051100e+01
1.406422e+01,3.614198e+02,2.645838e-03,1.063640e+01
1.406422e+01,3.602614e+02,2.618746e-03,1.051100e+01
1.406422e+01,3.567637e+02,2.539251e-03,1.014320e+01
1.406422e+01,3.508566e+02,2.412498e-03,9.533100e+00
1.406422e+01,3.424155e+02,2.246427e-03,8.722300e+00
1.406422e+01,3.312467e+02,2.050924e-03,7.784700e+00
1.406422e+01,3.170622e+02,1.836818e-03,6.755200e+00
1.406422e+01,2.994336e+02,1.614878e-03,5.676300e+00
1.406422e+01,2.777059e+02,1.394916e-03,4.624000e+00
1.406422e+01,2.508160e+02,1.185112e-03,3.604600e+00
1.406422e+01,2.168519e+02,9.915549e-04,2.656700e+00
1.406422e+01,1.716649e+02,8.176082e-04,1.780400e+00
1.406422e+01,1.011975e+02,6.404558e-04,8.659000e-01
1.520377e+01,1.144756e+02,6.327377e-04,8.809000e-01
1.520377e+01,1.941890e+02,8.077552e-04,1.816200e+00
1.520377e+01,2.453049e+02,9.796057e-04,2.714800e+00
1.520377e+01,2.837254e+02,1.170830e-03,3.691800e+00
1.520377e+01,3.141436e+02,1.378106e-03,4.728800e+00
1.520377e+01,3.387222e+02,1.595417e-03,5.824900e+00
1.520377e+01,3.586638e+02,1.814683e-03,6.924700e+00
1.520377e+01,3.747095e+02,2.026208e-03,7.982100e+00
1.520377e+01,3.873437e+02,2.219356e-03,8.933300e+00
1.520377e+01,3.968923e+02,2.383425e-03,9.759100e+00
1.520377e+01,4.035744e+02,2.508650e-03,1.038780e+01
1.520377e+01,4.075312e+02,2.587188e-03,1.077800e+01
1.520377e+01,4.088415e+02,2.613953e-03,1.090330e+01
1.520377e+01,4.075312e+02,2.587188e-03,1.077800e+01
1.520377e+01,4.035744e+02,2.508650e-03,1.038780e+01
1.520377e+01,3.968923e+02,2.383425e-03,9.759100e+00
1.520377e+01,3.873437e+02,2.219356e-03,8.933300e+00
1.520377e+01,3.747095e+02,2.026208e-03,7.982100e+00
1.520377e+01,3.586638e+02,1.814683e-03,6.924700e+00
1.520377e+01,3.387222e+02,1.595417e-03,5.824900e+00
1.520377e+01,3.141436e+02,1.378106e-03,4.728800e+00
1.520377e+01,2.837254e+02,1.170830e-03,3.691800e+00
1.520377e+01,2.453049e+02,9.796057e-04,2.714800e+00
1.520377e+01,1.941890e+02,8.077552e-04,1.816200e+00
1.520377e+01,1.144756e+02,6.327377e-04,8.809000e-01
1.641370e+01,1.295896e+02,6.238692e-04,9.216000e-01
1.641370e+01,2.198274e+02,7.964337e-04,1.895900e+00
1.641370e+01,2.776921e+02,9.658755e-04,2.836800e+00
1.641370e+01,3.211852e+02,1.154420e-03,3.844100e+00
1.641370e+01,3.556194e+02,1.358790e-03,4.937100e+00
1.641370e+01,3.834431e+02,1.573056e-03,6.060900e+00
1.641370e+01,4.060175e+02,1.789248e-03,7.210000e+00
1.641370e+01,4.241817e+02,1.997808e-03,8.307400e+00
1.641370e+01,4.384839e+02,2.188249e-03,9.303300e+00
1.641370e+01,4.492933e+02,2.350019e-03,1.015490e+01
1.641370e+01,4.568577e+02,2.473489e-03,1.080920e+01
1.641370e+01,4.613368e+02,2.550925e-03,1.120300e+01
1.641370e+01,4.628202e+02,2.577316e-03,1.135150e+01
1.641370e+01,4.613368e+02,2.550925e-03,1.120300e+01
1.641370e+01,4.568577e+02,2.473489e-03,1.080920e+01
1.641370e+01,4.492933e+02,2.350019e-03,1.015490e+01
1.641370e+01,4.384839e+02,2.188249e-03,9.303300e+00
1.641370e+01,4.241817e+02,1.997808e-03,8.307400e+00
1.641370e+01,4.060175e+02,1.789248e-03,7.210000e+00
1.641370e+01,3.834431e+02,1.573056e-03,6.060900e+00
1.641370e+01,3.556194e+02,1.358790e-03,4.937100e+00
1.641370e+01,3.211852e+02,1.154420e-03,3.844100e+00
1.641370e+01,2.776921e+02,9.658755e-04,2.836800e+00
1.641370e+01,2.198274e+02,7.964337e-04,1.895900e+00
1.641370e+01,1.295896e+02,6.238692e-04,9.216000e-01
1.770001e+01,1.467628e+02,6.140522e-04,9.475000e-01
1.770001e+01,2.489588e+02,7.839011e-04,1.955400e+00
1.770001e+01,3.144917e+02,9.506766e-04,2.921500e+00
1.770001e+01,3.637485e+02,1.136254e-03,3.973200e+00
1.770001e+01,4.027459e+02,1.337408e-03,5.094400e+00
1.770001e+01,4.342567e+02,1.548302e-03,6.258600e+00
1.770001e+01,4.598227e+02,1.761093e-03,7.442700e+00
1.770001e+01,4.803940e+02,1.966371e-03,8.567500e+00
1.770001e+01,4.965916e+02,2.153815e-03,9.612400e+00
1.770001e+01,5.088333e+02,2.313039e-03,1.048180e+01
1.770001e+01,5.174002e+02,2.434566e-03,1.113570e+01
1.770001e+01,5.224728e+02,2.510784e-03,1.154970e+01
1.770001e+01,5.241528e+02,2.536759e-03,1.169730e+01
1.770001e+01,5.224728e+02,2.510784e-03,1.154970e+01
1.770001e+01,5.174002e+02,2.434566e-03,1.113570e+01
1.770001e+01,5.088333e+02,2.313039e-03,1.048180e+01
1.770001e+01,4.965916e+02,2.153815e-03,9.612400e+00
1.770001e+01,4.803940e+02,1.966371e-03,8.567500e+00
1.770001e+01,4.598227e+02,1.761093e-03,7.442700e+00
1.770001e+01,4.342567e+02,1.548302e-03,6.258600e+00
1.770001e+01,4.027459e+02,1.337408e-03,5.094400e+00
1.770001e+01,3.637485e+02,1.136254e-03,3.973200e+00
1.770001e+01,3.144917e+02,9.506766e-04,2.921500e+00
1.770001e+01,2.489588e+02,7.839011e-04,1.955400e+00
1.770001e+01,1.467628e+02,6.140522e-04,9.475000e-01
1.906611e+01,1.662436e+02,6.031599e-04,9.554000e-01
1.906611e+01,2.820048e+02,7.699958e-04,1.981300e+00
1.906611e+01,3.562363e+02,9.338129e-04,2.964200e+00
1.906611e+01,4.120313e+02,1.116098e-03,4.025500e+00
1.906611e+01,4.562051e+02,1.313685e-03,5.159900e+00
1.906611e+01,4.918986e+02,1.520838e-03,6.349500e+00
1.906611e+01,5.208582e+02,1.729853e-03,7.544000e+00
1.906611e+01,5.441600e+02,1.931490e-03,8.688300e+00
1.906611e+01,5.625076e+02,2.115609e-03,9.743000e+00
1.906611e+01,5.763743e+02,2.272009e-03,1.061400e+01
1.906611e+01,5.860783e+02,2.391380e-03,1.129130e+01
1.906611e+01,5.918243e+02,2.466246e-03,1.171640e+01
1.906611e+01,5.937272e+02,2.491761e-03,1.186130e+01
1.906611e+01,5.918243e+02,2.466246e-03,1.171640e+01
1.906611e+01,5.860783e+02,2.391380e-03,1.129130e+01
1.906611e+01,5.763743e+02,2.272009e-03,1.061400e+01
1.906611e+01,5.625076e+02,2.115609e-03,9.743000e+00
1.906611e+01,5.441600e+02,1.931490e-03,8.688300e+00
1.906611e+01,5.208582e+02,1.729853e-03,7.544000e+00
1.906611e+01,4.918986e+02,1.520838e-03,6.349500e+00
1.906611e+01,4.562051e+02,1.313685e-03,5.159900e+00
1.906611e+01,4.120313e+02,1.116098e-03,4.025500e+00
1.906611e+01,3.562363e+02,9.338129e-04,2.964200e+00
1.906611e+01,2.820048e+02,7.699958e-04,1.981300e+00
1.906611e+01,1.662436e+02,6.031599e-04,9.554000e-01
2.050528e+01,1.882731e+02,5.903720e-04,9.616000e-01
2.050528e+01,3.193741e+02,7.536706e-04,1.995500e+00
2.050528e+01,4.034423e+02,9.140146e-04,2.988400e+00
2.050528e+01,4.666308e+02,1.092435e-03,4.063300e+00
2.050528e+01,5.166582e+02,1.285832e-03,5.209200e+00
2.050528e+01,5.570816e+02,1.488593e-03,6.401200e+00
2.050528e+01,5.898787e+02,1.693178e-03,7.606700e+00
2.050528e+01,6.162683e+02,1.890540e-03,8.759300e+00
2.050528e+01,6.370472e+02,2.070755e-03,9.815100e+00
2.050528e+01,6.527514e+02,2.223838e-03,1.071030e+01
2.050528e+01,6.637412e+02,2.340679e-03,1.138820e+01
2.050528e+01,6.702487e+02,2.413958e-03,1.180450e+01
2.050528e+01,6.724038e+02,2.438931e-03,1.194640e+01
2.050528e+01,6.702487e+02,2.413958e-03,1.180450e+01
2.050528e+01,6.637412e+02,2.340679e-03,1.138820e+01
2.050528e+01,6.527514e+02,2.223838e-03,1.071030e+01
2.050528e+01,6.370472e+02,2.070755e-03,9.815100e+00
2.050528e+01,6.162683e+02,1.890540e-03,8.759300e+00
2.050528e+01,5.898787e+02,1.693178e-03,7.606700e+00
2.050528e+01,5.570816e+02,1.488593e-03,6.401200e+00
2.050528e+01,5.166582e+02,1.285832e-03,5.209200e+00
2.050528e+01,4.666308e+02,1.092435e-03,4.063300e+00
2.050528e+01,4.034423e+02,9.140146e-04,2.988400e+00
2.050528e+01,3.193741e+02,7.536706e-04,1.995500e+00
2.050528e+01,1.882731e+02,5.903720e-04,9.616000e-01
2.202497e+01,2.130889e+02,5.763650e-04,9.767000e-01
2.202497e+01,3.614700e+02,7.357890e-04,2.027300e+00
2.202497e+01,4.566190e+02,8.923285e-04,3.041800e+00
2.202497e+01,5.281362e+02,1.066516e-03,4.124000e+00
2.202497e+01,5.847576e+02,1.255325e-03,5.289900e+00
2.202497e+01,6.305091e+02,1.453275e-03,6.505900e+00
2.202497e+01,6.676291e+02,1.653005e-03,7.725600e+00
2.202497e+01,6.974970e+02,1.845684e-03,8.889700e+00
2.202497e+01,7.210147e+02,2.021623e-03,9.963300e+00
2.202497e+01,7.387889e+02,2.171075e-03,1.086980e+01
2.202497e+01,7.512273e+02,2.285143e-03,1.155130e+01
2.202497e+01,7.585924e+02,2.356683e-03,1.198950e+01
2.202497e+01,7.610316e+02,2.381065e-03,1.212980e+01
2.202497e+01,7.585924e+02,2.356683e-03,1.198950e+01
2.202497e+01,7.512273e+02,2.285143e-03,1.155130e+01
2.202497e+01,7.387889e+02,2.171075e-03,1.086980e+01
2.202497e+01,7.210147e+02,2.021623e-03,9.963300e+00
2.202497e+01,6.974970e+02,1.845684e-03,8.889700e+00
2.202497e+01,6.676291e+02,1.653005e-03,7.725600e+00
2.202497e+01,6.305091e+02,1.453275e-03,6.505900e+00
2.202497e+01,5.847576e+02,1.255325e-03,5.289900e+00
2.202497e+01,5.281362e+02,1.066516e-03,4.124000e+00
2.202497e+01,4.566190e+02,8.923285e-04,3.041800e+00
2.202497e+01,3.614700e+02,7.357890e-04,2.027300e+00
2.202497e+01,2.130889e+02,5.763650e-04,9.767000e-01
2.360887e+01,2.409358e+02,5.599741e-04,9.883000e-01
2.360887e+01,4.087076e+02,7.148642e-04,2.055500e+00
2.360887e+01,5.162909e+02,8.669520e-04,3.074200e+00
2.360887e+01,5.971542e+02,1.036186e-03,4.172300e+00
2.360887e+01,6.611750e+02,1.219625e-03,5.347200e+00
2.360887e+01,7.129053e+02,1.411945e-03,6.575600e+00
2.360887e+01,7.548762e+02,1.605996e-03,7.809900e+00
2.360887e+01,7.886474e+02,1.793195e-03,8.998000e+00
2.360887e+01,8.152384e+02,1.964131e-03,1.007000e+01
2.360887e+01,8.353353e+02,2.109333e-03,1.098060e+01
2.360887e+01,8.493992e+02,2.220157e-03,1.167290e+01
2.360887e+01,8.577269e+02,2.289662e-03,1.211430e+01
2.360887e+01,8.604848e+02,2.313350e-03,1.225270e+01
2.360887e+01,8.577269e+02,2.289662e-03,1.211430e+01
2.360887e+01,8.493992e+02,2.220157e-03,1.167290e+01
2.360887e+01,8.353353e+02,2.109333e-03,1.098060e+01
2.360887e+01,8.152384e+02,1.964131e-03,1.007000e+01
2.360887e+01,7.886474e+02,1.793195e-03,8.998000e+00
2.360887e+01,7.548762e+02,1.605996e-03,7.809900e+00
2.360887e+01,7.129053e+02,1.411945e-03,6.575600e+00
2.360887e+01,6.611750e+02,1.219625e-03,5.347200e+00
2.360887e+01,5.971542e+02,1.036186e-03,4.172300e+00
2.360887e+01,5.162909e+02,8.669520e-04,3.074200e+00
2.360887e+01,4.087076e+02,7.148642e-04,2.055500e+00
2.360887e+01,2.409358e+02,5.599741e-04,9.883000e-01
2.525719e+01,2.720047e+02,5.417652e-04,9.922000e-01
2.525719e+01,4.614110e+02,6.916183e-04,2.062400e+00
2.525719e+01,5.828673e+02,8.387605e-04,3.090700e+00
2.525719e+01,6.741580e+02,1.002491e-03,4.190600e+00
2.525719e+01,7.464343e+02,1.179965e-03,5.369100e+00
2.525719e+01,8.048354e+02,1.366032e-03,6.604100e+00
2.525719e+01,8.522185e+02,1.553772e-03,7.838100e+00
2.525719e+01,8.903445e+02,1.734884e-03,9.025300e+00
2.525719e+01,9.203645e+02,1.900261e-03,1.010530e+01
2.525719e+01,9.430529e+02,2.040741e-03,1.102190e+01
2.525719e+01,9.589304e+02,2.147962e-03,1.171770e+01
2.525719e+01,9.683319e+02,2.215207e-03,1.214780e+01
2.525719e+01,9.714455e+02,2.238125e-03,1.229430e+01
2.525719e+01,9.683319e+02,2.215207e-03,1.214780e+01
2.525719e+01,9.589304e+02,2.147962e-03,1.171770e+01
2.525719e+01,9.430529e+02,2.040741e-03,1.102190e+01
2.525719e+01,9.203645e+02,1.900261e-03,1.010530e+01
2.525719e+01,8.903445e+02,1.734884e-03,9.025300e+00
2.525719e+01,8.522185e+02,1.553772e-03,7.838100e+00
2.525719e+01,8.048354e+02,1.366032e-03,6.604100e+00
2.525719e+01,7.464343e+02,1.179965e-03,5.369100e+00
2.525719e+01,6.741580e+02,1.002491e-03,4.190600e+00
2.525719e+01,5.828673e+02,8.387605e-04,3.090700e+00
2.525719e+01,4.614110e+02,6.916183e-04,2.062400e+00
2.525719e+01,2.720047e+02,5.417652e-04,9.922000e-01
2.671291e+01,3.064448e+02,5.075156e-04,9.775000e-01
2.671291e+01,5.198329e+02,6.478950e-04,2.037400e+00
2.671291e+01,6.566674e+02,7.857350e-04,3.049700e+00
2.671291e+01,7.595169e+02,9.391147e-04,4.137800e+00
2.671291e+01,8.409446e+02,1.105369e-03,5.299300e+00
2.671291e+01,9.067401e+02,1.279673e-03,6.513100e+00
2.671291e+01,9.601227e+02,1.455544e-03,7.728800e+00
2.671291e+01,1.003076e+03,1.625207e-03,8.899700e+00
2.671291e+01,1.036897e+03,1.780129e-03,9.965300e+00
2.671291e+01,1.062458e+03,1.911728e-03,1.086050e+01
2.671291e+01,1.080346e+03,2.012170e-03,1.154560e+01
2.671291e+01,1.090938e+03,2.075164e-03,1.197710e+01
2.671291e+01,1.094446e+03,2.096633e-03,1.211790e+01
2.671291e+01,1.090938e+03,2.075164e-03,1.197710e+01
2.671291e+01,1.080346e+03,2.012170e-03,1.154560e+01
2.671291e+01,1.062458e+03,1.911728e-03,1.086050e+01
2.671291e+01,1.036897e+03,1.780129e-03,9.965300e+00
2.671291e+01,1.003076e+03,1.625207e-03,8.899700e+00
2.671291e+01,9.601227e+02,1.455544e-03,7.728800e+00
2.671291e+01,9.067401e+02,1.279673e-03,6.513100e+00
2.671291e+01,8.409446e+02,1.105369e-03,5.299300e+00
2.671291e+01,7.595169e+02,9.391147e-04,4.137800e+00
2.671291e+01,6.566674e+02,7.857350e-04,3.049700e+00
2.671291e+01,5.198329e+02,6.478950e-04,2.037400e+00
2.671291e+01,3.064448e+02,5.075156e-04,9.775000e-01
2.226585e+01,3.101956e+02,2.613194e-04,6.281000e-01
2.226585e+01,5.261955e+02,3.336007e-04,1.309700e+00
2.226585e+01,6.647049e+02,4.045744e-04,1.966200e+00
2.226585e+01,7.688132e+02,4.835496e-04,2.674700e+00
2.226585e+01,8.512376e+02,5.691538e-04,3.435100e+00
2.226585e+01,9.178384e+02,6.589027e-04,4.234400e+00
2.226585e+01,9.718744e+02,7.494587e-04,5.039900e+00
2.226585e+01,1.015353e+03,8.368180e-04,5.815300e+00
2.226585e+01,1.049588e+03,9.165873e-04,6.529700e+00
2.226585e+01,1.075462e+03,9.843474e-04,7.128000e+00
2.226585e+01,1.093569e+03,1.036065e-03,7.593200e+00
2.226585e+01,1.104291e+03,1.068501e-03,7.877100e+00
2.226585e+01,1.107841e+03,1.079555e-03,7.978100e+00
2.226585e+01,1.104291e+03,1.068501e-03,7.877100e+00
2.226585e+01,1.093569e+03,1.036065e-03,7.593200e+00
2.226585e+01,1.075462e+03,9.843474e-04,7.128000e+00
2.226585e+01,1.049588e+03,9.165873e-04,6.529700e+00
2.226585e+01,1.015353e+03,8.368180e-04,5.815300e+00
2.226585e+01,9.718744e+02,7.494587e-04,5.039900e+00
2.226585e+01,9.178384e+02,6.589027e-04,4.234400e+00
2.226585e+01,8.512376e+02,5.691538e-04,3.435100e+00
2.226585e+01,7.688132e+02,4.835496e-04,2.674700e+00
2.226585e+01,6.647049e+02,4.045744e-04,1.966200e+00
2.226585e+01,5.261955e+02,3.336007e-04,1.309700e+00
2.226585e+01,3.101956e+02,2.613194e-04,6.281000e-01
1.780594e+01,2.873405e+02,1.311375e-04,3.828000e-01
1.780594e+01,4.874256e+02,1.674105e-04,7.987000e-01
1.780594e+01,6.157296e+02,2.030272e-04,1.201900e+00
1.780594e+01,7.121672e+02,2.426593e-04,1.637100e+00
1.780594e+01,7.885186e+02,2.856180e-04,2.111400e+00
1.780594e+01,8.502123e+02,3.306566e-04,2.606500e+00
1.780594e+01,9.002669e+02,3.761003e-04,3.109900e+00
1.780594e+01,9.405424e+02,4.199397e-04,3.600400e+00
1.780594e+01,9.722550e+02,4.599703e-04,4.045200e+00
1.780594e+01,9.962226e+02,4.939743e-04,4.426200e+00
1.780594e+01,1.012995e+03,5.199278e-04,4.718400e+00
1.780594e+01,1.022927e+03,5.362049e-04,4.901500e+00
1.780594e+01,1.026216e+03,5.417522e-04,4.962700e+00
1.780594e+01,1.022927e+03,5.362049e-04,4.901500e+00
1.780594e+01,1.012995e+03,5.199278e-04,4.718400e+00
1.780594e+01,9.962226e+02,4.939743e-04,4.426200e+00
1.780594e+01,9.722550e+02,4.599703e-04,4.045200e+00
1.780594e+01,9.405424e+02,4.199397e-04,3.600400e+00
1.780594e+01,9.002669e+02,3.761003e-04,3.109900e+00
1.780594e+01,8.502123e+02,3.306566e-04,2.606500e+00
1.780594e+01,7.885186e+02,2.856180e-04,2.111400e+00
1.780594e+01,7.121672e+02,2.426593e-04,1.637100e+00
1.780594e+01,6.157296e+02,2.030272e-04,1.201900e+00
1.780594e+01,4.874256e+02,1.674105e-04,7.987000e-01
1.780594e+01,2.873405e+02,1.311375e-04,3.828000e-01
1.113934e+01,2.665997e+02,3.170923e-05,1.397000e-01
1.113934e+01,4.522423e+02,4.048011e-05,2.885000e-01
1.113934e+01,5.712851e+02,4.909229e-05,4.335000e-01
1.113934e+01,6.607618e+02,5.867538e-05,5.920000e-01
1.113934e+01,7.316019e+02,6.906286e-05,7.650000e-01
1.113934e+01,7.888425e+02,7.995327e-05,9.482000e-01
1.113934e+01,8.352841e+02,9.094162e-05,1.134400e+00
1.113934e+01,8.726524e+02,1.015421e-04,1.317000e+00
1.113934e+01,9.020759e+02,1.112215e-04,1.483700e+00
1.113934e+01,9.243135e+02,1.194438e-04,1.626300e+00
1.113934e+01,9.398755e+02,1.257193e-04,1.736600e+00
1.113934e+01,9.490901e+02,1.296552e-04,1.805300e+00
1.113934e+01,9.521419e+02,1.309965e-04,1.828700e+00
1.113934e+01,9.490901e+02,1.296552e-04,1.805300e+00
1.113934e+01,9.398755e+02,1.257193e-04,1.736600e+00
1.113934e+01,9.243135e+02,1.194438e-04,1.626300e+00
1.113934e+01,9.020759e+02,1.112215e-04,1.483700e+00
1.113934e+01,8.726524e+02,1.015421e-04,1.317000e+00
1.113934e+01,8.352841e+02,9.094162e-05,1.134400e+00
1.113934e+01,7.888425e+02,7.995327e-05,9.482000e-01
1.113934e+01,7.316019e+02,6.906286e-05,7.650000e-01
1.113934e+01,6.607618e+02,5.867538e-05,5.920000e-01
1.113934e+01,5.712851e+02,4.909229e-05,4.335000e-01
1.113934e+01,4.522423e+02,4.048011e-05,2.885000e-01
1.113934e+01,2.665997e+02,3.170923e-05,1.397000e-01
9.486440e-01,2.570460e+02,1.949514e-08,4.700000e-03
9.486440e-01,4.360360e+02,2.488757e-08,4.900000e-03
9.486440e-01,5.508128e+02,3.018242e-08,4.700000e-03
9.486440e-01,6.370830e+02,3.607420e-08,4.400000e-03
9.486440e-01,7.053845e+02,4.246053e-08,4.300000e-03
9.486440e-01,7.605739e+02,4.915606e-08,5.600000e-03
9.486440e-01,8.053512e+02,5.591181e-08,6.500000e-03
9.486440e-01,8.413804e+02,6.242906e-08,7.200000e-03
9.486440e-01,8.697495e+02,6.838009e-08,7.700000e-03
9.486440e-01,8.911902e+02,7.343520e-08,8.200000e-03
9.486440e-01,9.061945e+02,7.729349e-08,8.500000e-03
9.486440e-01,9.150789e+02,7.971328e-08,8.600000e-03
9.486440e-01,9.180213e+02,8.053796e-08,8.700000e-03
9.486440e-01,9.150789e+02,7.971328e-08,8.600000e-03
9.486440e-01,9.061945e+02,7.729349e-08,8.500000e-03
9.486440e-01,8.911902e+02,7.343520e-08,8.200000e-03
9.486440e-01,8.697495e+02,6.838009e-08,7.700000e-03
9.486440e-01,8.413804e+02,6.242906e-08,7.200000e-03
9.486440e-01,8.053512e+02,5.591181e-08,6.500000e-03
9.486440e-01,7.605739e+02,4.915606e-08,5.600000e-03
9.486440e-01,7.053845e+02,4.246053e-08,4.300000e-03
9.486440e-01,6.370830e+02,3.607420e-08,4.400000e-03
9.486440e-01,5.508128e+02,3.018242e-08,4.700000e-03
9.486440e-01,4.360360e+02,2.488757e-08,4.900000e-03
9.486440e-01,2.570460e+02,1.949514e-08,4.700000e-03
1.860880e+00,2.879040e+01,7.864409e-03,7.903400e+00
1.860880e+00,4.883815e+01,4.636119e-03,7.096800e+00
1.860880e+00,6.169372e+01,3.670058e-03,6.867000e+00
1.860880e+00,7.135640e+01,3.173079e-03,6.688100e+00
1.860880e+00,7.900651e+01,2.865834e-03,6.637700e+00
1.860880e+00,8.518798e+01,2.657881e-03,6.573300e+00
1.860880e+00,9.020326e+01,2.510103e-03,6.535400e+00
1.860880e+00,9.423871e+01,2.402617e-03,6.506300e+00
1.860880e+00,9.741618e+01,2.324249e-03,6.476600e+00
1.860880e+00,9.981764e+01,2.268331e-03,6.495700e+00
1.860880e+00,1.014982e+02,2.230774e-03,6.449000e+00
1.860880e+00,1.024933e+02,2.209115e-03,6.443900e+00
1.860880e+00,1.028229e+02,2.202035e-03,6.478100e+00
1.860880e+00,1.024933e+02,2.209115e-03,6.443900e+00
1.860880e+00,1.014982e+02,2.230774e-03,6.449000e+00
1.860880e+00,9.981764e+01,2.268331e-03,6.495700e+00
1.860880e+00,9.741618e+01,2.324249e-03,6.476600e+00
1.860880e+00,9.423871e+01,2.402617e-03,6.506300e+00
1.860880e+00,9.020326e+01,2.510103e-03,6.535400e+00
1.860880e+00,8.518798e+01,2.657881e-03,6.573300e+00
1.860880e+00,7.900651e+01,2.865834e-03,6.637700e+00
1.860880e+00,7.135640e+01,3.173079e-03,6.688100e+00
1.860880e+00,6.169372e+01,3.670058e-03,6.867000e+00
1.860880e+00,4.883815e+01,4.636119e-03,7.096800e+00
1.860880e+00,2.879040e+01,7.864409e-03,7.903400e+00
2.923439e+00,2.047528e+01,6.173898e-03,4.921400e+00
2.923439e+00,3.473293e+01,3.639552e-03,4.374500e+00
2.923439e+00,4.387561e+01,2.881152e-03,4.163400e+00
2.923439e+00,5.074756e+01,2.491003e-03,4.069100e+00
2.923439e+00,5.618819e+01,2.249802e-03,3.979400e+00
2.923439e+00,6.058436e+01,2.086550e-03,3.969700e+00
2.923439e+00,6.415115e+01,1.970539e-03,3.909500e+00
2.923439e+00,6.702110e+01,1.886157e-03,3.893900e+00
2.923439e+00,6.928087e+01,1.824635e-03,3.865600e+00
2.923439e+00,7.098875e+01,1.780737e-03,3.867600e+00
2.923439e+00,7.218393e+01,1.751253e-03,3.851000e+00
2.923439e+00,7.289163e+01,1.734250e-03,3.859600e+00
2.923439e+00,7.312601e+01,1.728691e-03,3.847800e+00
2.923439e+00,7.289163e+01,1.734250e-03,3.859600e+00
2.923439e+00,7.218393e+01,1.751253e-03,3.851000e+00
2.923439e+00,7.098875e+01,1.780737e-03,3.867600e+00
2.923439e+00,6.928087e+01,1.824635e-03,3.865600e+00
2.923439e+00,6.702110e+01,1.886157e-03,3.893900e+00
2.923439e+00,6.415115e+01,1.970539e-03,3.909500e+00
2.923439e+00,6.058436e+01,2.086550e-03,3.969700e+00
2.923439e+00,5.618819e+01,2.249802e-03,3.979400e+00
2.923439e+00,5.074756e+01,2.491003e-03,4.069100e+00
2.923439e+00,4.387561e+01,2.881152e-03,4.163400e+00
2.923439e+00,3.473293e+01,3.639552e-03,4.374500e+00
2.923439e+00,2.047528e+01,6.173898e-03,4.921400e+00
3.802205e+00,2.253884e+01,5.929233e-03,5.183700e+00
3.802205e+00,3.823341e+01,3.495320e-03,4.475600e+00
3.802205e+00,4.829751e+01,2.766975e-03,4.287800e+00
3.802205e+00,5.586203e+01,2.392287e-03,4.220000e+00
3.802205e+00,6.185099e+01,2.160645e-03,4.159500e+00
3.802205e+00,6.669022e+01,2.003862e-03,4.126000e+00
3.802205e+00,7.061647e+01,1.892448e-03,4.099500e+00
3.802205e+00,7.377567e+01,1.811411e-03,4.069900e+00
3.802205e+00,7.626318e+01,1.752327e-03,4.032300e+00
3.802205e+00,7.814319e+01,1.710168e-03,4.026600e+00
3.802205e+00,7.945882e+01,1.681852e-03,4.005700e+00
3.802205e+00,8.023785e+01,1.665523e-03,4.011000e+00
3.802205e+00,8.049585e+01,1.660185e-03,3.998700e+00
3.802205e+00,8.023785e+01,1.665523e-03,4.011000e+00
3.802205e+00,7.945882e+01,1.681852e-03,4.005700e+00
3.802205e+00,7.814319e+01,1.710168e-03,4.026600e+00
3.802205e+00,7.626318e+01,1.752327e-03,4.032300e+00
3.802205e+00,7.377567e+01,1.811411e-03,4.069900e+00
3.802205e+00,7.061647e+01,1.892448e-03,4.099500e+00
3.802205e+00,6.669022e+01,2.003862e-03,4.126000e+00
3.802205e+00,6.185099e+01,2.160645e-03,4.159500e+00
3.802205e+00,5.586203e+01,2.392287e-03,4.220000e+00
3.802205e+00,4.829751e+01,2.766975e-03,4.287800e+00
3.802205e+00,3.823341e+01,3.495320e-03,4.475600e+00
3.802205e+00,2.253884e+01,5.929233e-03,5.183700e+00
4.613169e+00,2.601645e+01,5.835627e-03,5.543800e+00
4.613169e+00,4.413261e+01,3.440139e-03,4.929600e+00
4.613169e+00,5.574954e+01,2.723292e-03,4.774700e+00
4.613169e+00,6.448123e+01,2.354519e-03,4.633800e+00
4.613169e+00,7.139425e+01,2.126534e-03,4.582000e+00
4.613169e+00,7.698014e+01,1.972227e-03,4.563700e+00
4.613169e+00,8.151219e+01,1.862572e-03,4.556900e+00
4.613169e+00,8.515883e+01,1.782813e-03,4.505900e+00
4.613169e+00,8.803015e+01,1.724662e-03,4.496300e+00
4.613169e+00,9.020024e+01,1.683170e-03,4.478200e+00
4.613169e+00,9.171887e+01,1.655301e-03,4.491000e+00
4.613169e+00,9.261809e+01,1.639229e-03,4.490800e+00
4.613169e+00,9.291590e+01,1.633975e-03,4.477000e+00
4.613169e+00,9.261809e+01,1.639229e-03,4.490800e+00
4.613169e+00,9.171887e+01,1.655301e-03,4.491000e+00
4.613169e+00,9.020024e+01,1.683170e-03,4.478200e+00
4.613169e+00,8.803015e+01,1.724662e-03,4.496300e+00
4.613169e+00,8.515883e+01,1.782813e-03,4.505900e+00
4.613169e+00,8.151219e+01,1.862572e-03,4.556900e+00
4.613169e+00,7.698014e+01,1.972227e-03,4.563700e+00
4.613169e+00,7.139425e+01,2.126534e-03,4.582000e+00
4.613169e+00,6.448123e+01,2.354519e-03,4.633800e+00
4.613169e+00,5.574954e+01,2.723292e-03,4.774700e+00
4.613169e+00,4.413261e+01,3.440139e-03,4.929600e+00
4.613169e+00,2.601645e+01,5.835627e-03,5.543800e+00
5.386476e+00,2.989955e+01,5.782942e-03,5.869300e+00
5.386476e+00,5.071963e+01,3.409081e-03,5.302000e+00
5.386476e+00,6.407046e+01,2.698706e-03,5.099300e+00
5.386476e+00,7.410539e+01,2.333263e-03,5.006900e+00
5.386476e+00,8.205022e+01,2.107335e-03,4.953600e+00
5.386476e+00,8.846983e+01,1.954421e-03,4.895300e+00
5.386476e+00,9.367832e+01,1.845756e-03,4.904200e+00
5.386476e+00,9.786924e+01,1.766718e-03,4.875300e+00
5.386476e+00,1.011691e+02,1.709092e-03,4.848000e+00
5.386476e+00,1.036631e+02,1.667974e-03,4.858000e+00
5.386476e+00,1.054084e+02,1.640356e-03,4.821100e+00
5.386476e+00,1.064418e+02,1.624430e-03,4.815900e+00
5.386476e+00,1.067841e+02,1.619224e-03,4.840200e+00
5.386476e+00,1.064418e+02,1.624430e-03,4.815900e+00
5.386476e+00,1.054084e+02,1.640356e-03,4.821100e+00
5.386476e+00,1.036631e+02,1.667974e-03,4.858000e+00
5.386476e+00,1.011691e+02,1.709092e-03,4.848000e+00
5.386476e+00,9.786924e+01,1.766718e-03,4.875300e+00
5.386476e+00,9.367832e+01,1.845756e-03,4.904200e+00
5.386476e+00,8.846983e+01,1.954421e-03,4.895300e+00
5.386476e+00,8.205022e+01,2.107335e-03,4.953600e+00
5.386476e+00,7.410539e+01,2.333263e-03,5.006900e+00
5.386476e+00,6.407046e+01,2.698706e-03,5.099300e+00
5.386476e+00,5.071963e+01,3.409081e-03,5.302000e+00
5.386476e+00,2.989955e+01,5.782942e-03,5.869300e+00
6.143543e+00,3.409228e+01,5.744772e-03,5.938500e+00
6.143543e+00,5.783192e+01,3.386580e-03,5.431900e+00
6.143543e+00,7.305490e+01,2.680894e-03,5.254200e+00
6.143543e+00,8.449700e+01,2.317862e-03,5.147600e+00
6.143543e+00,9.355591e+01,2.093426e-03,5.141400e+00
6.143543e+00,1.008757e+02,1.941521e-03,5.090200e+00
6.143543e+00,1.068146e+02,1.833573e-03,5.066700e+00
6.143543e+00,1.115932e+02,1.755057e-03,5.056300e+00
6.143543e+00,1.153558e+02,1.697811e-03,5.013200e+00
6.143543e+00,1.181995e+02,1.656964e-03,5.009400e+00
6.143543e+00,1.201896e+02,1.629529e-03,5.003200e+00
6.143543e+00,1.213679e+02,1.613708e-03,4.993000e+00
6.143543e+00,1.217582e+02,1.608536e-03,5.013700e+00
6.143543e+00,1.213679e+02,1.613708e-03,4.993000e+00
6.143543e+00,1.201896e+02,1.629529e-03,5.003200e+00
6.143543e+00,1.181995e+02,1.656964e-03,5.009400e+00
6.143543e+00,1.153558e+02,1.697811e-03,5.013200e+00
6.143543e+00,1.115932e+02,1.755057e-03,5.056300e+00
6.143543e+00,1.068146e+02,1.833573e-03,5.066700e+00
6.143543e+00,1.008757e+02,1.941521e-03,5.090200e+00
6.143543e+00,9.355591e+01,2.093426e-03,5.141400e+00
6.143543e+00,8.449700e+01,2.317862e-03,5.147600e+00
6.143543e+00,7.305490e+01,2.680894e-03,5.254200e+00
6.143543e+00,5.783192e+01,3.386580e-03,5.431900e+00
6.143543e+00,3.409228e+01,5.744772e-03,5.938500e+00
6.900059e+00,3.864687e+01,5.711507e-03,6.047800e+00
6.900059e+00,6.555802e+01,3.366969e-03,5.550000e+00
6.900059e+00,8.281471e+01,2.665370e-03,5.380900e+00
6.900059e+00,9.578544e+01,2.304440e-03,5.303200e+00
6.900059e+00,1.060546e+02,2.081304e-03,5.242100e+00
6.900059e+00,1.143523e+02,1.930279e-03,5.197200e+00
6.900059e+00,1.210846e+02,1.822956e-03,5.184100e+00
6.900059e+00,1.265016e+02,1.744894e-03,5.187600e+00
6.900059e+00,1.307669e+02,1.687980e-03,5.165000e+00
6.900059e+00,1.339905e+02,1.647370e-03,5.148100e+00
6.900059e+00,1.362464e+02,1.620094e-03,5.133400e+00
6.900059e+00,1.375821e+02,1.604364e-03,5.151700e+00
6.900059e+00,1.380245e+02,1.599222e-03,5.136000e+00
6.900059e+00,1.375821e+02,1.604364e-03,5.151700e+00
6.900059e+00,1.362464e+02,1.620094e-03,5.133400e+00
6.900059e+00,1.339905e+02,1.647370e-03,5.148100e+00
6.900059e+00,1.307669e+02,1.687980e-03,5.165000e+00
6.900059e+00,1.265016e+02,1.744894e-03,5.187600e+00
6.900059e+00,1.210846e+02,1.822956e-03,5.184100e+00
6.900059e+00,1.143523e+02,1.930279e-03,5.197200e+00
6.900059e+00,1.060546e+02,2.081304e-03,5.242100e+00
6.900059e+00,9.578544e+01,2.304440e-03,5.303200e+00
6.900059e+00,8.281471e+01,2.665370e-03,5.380900e+00
6.900059e+00,6.555802e+01,3.366969e-03,5.550000e+00
6.900059e+00,3.864687e+01,5.711507e-03,6.047800e+00
7.668102e+00,4.364916e+01,5.679296e-03,6.087100e+00
7.668102e+00,7.404358e+01,3.347981e-03,5.600500e+00
7.668102e+00,9.353391e+01,2.650338e-03,5.489400e+00
7.668102e+00,1.081835e+02,2.291444e-03,5.386600e+00
7.668102e+00,1.197818e+02,2.069566e-03,5.357900e+00
7.668102e+00,1.291536e+02,1.919393e-03,5.313000e+00
7.668102e+00,1.367573e+02,1.812675e-03,5.304600e+00
7.668102e+00,1.428754e+02,1.735054e-03,5.284100e+00
7.668102e+00,1.476928e+02,1.678460e-03,5.277700e+00
7.668102e+00,1.513336e+02,1.638079e-03,5.249200e+00
7.668102e+00,1.538815e+02,1.610957e-03,5.257200e+00
7.668102e+00,1.553902e+02,1.595316e-03,5.238600e+00
7.668102e+00,1.558898e+02,1.590203e-03,5.252400e+00
7.668102e+00,1.553902e+02,1.595316e-03,5.238600e+00
7.668102e+00,1.538815e+02,1.610957e-03,5.257200e+00
7.668102e+00,1.513336e+02,1.638079e-03,5.249200e+00
7.668102e+00,1.476928e+02,1.678460e-03,5.277700e+00
7.668102e+00,1.428754e+02,1.735054e-03,5.284100e+00
7.668102e+00,1.367573e+02,1.812675e-03,5.304600e+00
7.668102e+00,1.291536e+02,1.919393e-03,5.313000e+00
7.668102e+00,1.197818e+02,2.069566e-03,5.357900e+00
7.668102e+00,1.081835e+02,2.291444e-03,5.386600e+00
7.668102e+00,9.353391e+01,2.650338e-03,5.489400e+00
7.668102e+00,7.404358e+01,3.347981e-03,5.600500e+00
7.668102e+00,4.364916e+01,5.679296e-03,6.087100e+00
8.457334e+00,4.919994e+01,5.645775e-03,6.172500e+00
8.457334e+00,8.345956e+01,3.328220e-03,5.749400e+00
8.457334e+00,1.054284e+02,2.634695e-03,5.628100e+00
8.457334e+00,1.219410e+02,2.277919e-03,5.582700e+00
8.457334e+00,1.350143e+02,2.057351e-03,5.537300e+00
8.457334e+00,1.455778e+02,1.908064e-03,5.522600e+00
8.457334e+00,1.541484e+02,1.801976e-03,5.482800e+00
8.457334e+00,1.610446e+02,1.724813e-03,5.470600e+00
8.457334e+00,1.664746e+02,1.668554e-03,5.446700e+00
8.457334e+00,1.705785e+02,1.628411e-03,5.464200e+00
8.457334e+00,1.734503e+02,1.601448e-03,5.434200e+00
8.457334e+00,1.751509e+02,1.585900e-03,5.439400e+00
8.457334e+00,1.757141e+02,1.580817e-03,5.450300e+00
8.457334e+00,1.751509e+02,1.585900e-03,5.439400e+00
8.457334e+00,1.734503e+02,1.601448e-03,5.434200e+00
8.457334e+00,1.705785e+02,1.628411e-03,5.464200e+00
8.457334e+00,1.664746e+02,1.668554e-03,5.446700e+00
8.457334e+00,1.610446e+02,1.724813e-03,5.470600e+00
8.457334e+00,1.541484e+02,1.801976e-03,5.482800e+00
8.457334e+00,1.455778e+02,1.908064e-03,5.522600e+00
8.457334e+00,1.350143e+02,2.057351e-03,5.537300e+00
8.457334e+00,1.219410e+02,2.277919e-03,5.582700e+00
8.457334e+00,1.054284e+02,2.634695e-03,5.628100e+00
8.457334e+00,8.345956e+01,3.328220e-03,5.749400e+00
8.457334e+00,4.919994e+01,5.645775e-03,6.172500e+00
9.276325e+00,5.541140e+01,5.610000e-03,6.259200e+00
9.276325e+00,9.399627e+01,3.307131e-03,5.911300e+00
9.276325e+00,1.187387e+02,2.618000e-03,5.802600e+00
9.276325e+00,1.373360e+02,2.263485e-03,5.716200e+00
9.276325e+00,1.520597e+02,2.044315e-03,5.686400e+00
9.276325e+00,1.639569e+02,1.895974e-03,5.662000e+00
9.276325e+00,1.736095e+02,1.790558e-03,5.651900e+00
9.276325e+00,1.813764e+02,1.713883e-03,5.615600e+00
9.276325e+00,1.874919e+02,1.657981e-03,5.602000e+00
9.276325e+00,1.921139e+02,1.618092e-03,5.604300e+00
9.276325e+00,1.953483e+02,1.591301e-03,5.593000e+00
9.276325e+00,1.972636e+02,1.575851e-03,5.592200e+00
9.276325e+00,1.978978e+02,1.570800e-03,5.600400e+00
9.276325e+00,1.972636e+02,1.575851e-03,5.592200e+00
9.276325e+00,1.953483e+02,1.591301e-03,5.593000e+00
9.276325e+00,1.921139e+02,1.618092e-03,5.604300e+00
9.276325e+00,1.874919e+02,1.657981e-03,5.602000e+00
9.276325e+00,1.813764e+02,1.713883e-03,5.615600e+00
9.276325e+00,1.736095e+02,1.790558e-03,5.651900e+00
9.276325e+00,1.639569e+02,1.895974e-03,5.662000e+00
9.276325e+00,1.520597e+02,2.044315e-03,5.686400e+00
9.276325e+00,1.373360e+02,2.263485e-03,5.716200e+00
9.276325e+00,1.187387e+02,2.618000e-03,5.802600e+00
9.276325e+00,9.399627e+01,3.307131e-03,5.911300e+00
9.276325e+00,5.541140e+01,5.610000e-03,6.259200e+00
1.013246e+01,6.240759e+01,5.570774e-03,6.333300e+00
1.013246e+01,1.058642e+02,3.284007e-03,6.018600e+00
1.013246e+01,1.337305e+02,2.599695e-03,5.911400e+00
1.013246e+01,1.546759e+02,2.247659e-03,5.852700e+00
1.013246e+01,1.712587e+02,2.030020e-03,5.796600e+00
1.013246e+01,1.846579e+02,1.882717e-03,5.787700e+00
1.013246e+01,1.955293e+02,1.778038e-03,5.771600e+00
1.013246e+01,2.042768e+02,1.701900e-03,5.738300e+00
1.013246e+01,2.111644e+02,1.646388e-03,5.730900e+00
1.013246e+01,2.163700e+02,1.606778e-03,5.718600e+00
1.013246e+01,2.200128e+02,1.580174e-03,5.722000e+00
1.013246e+01,2.221699e+02,1.564832e-03,5.715400e+00
1.013246e+01,2.228842e+02,1.559817e-03,5.721000e+00
1.013246e+01,2.221699e+02,1.564832e-03,5.715400e+00
1.013246e+01,2.200128e+02,1.580174e-03,5.722000e+00
1.013246e+01,2.163700e+02,1.606778e-03,5.718600e+00
1.013246e+01,2.111644e+02,1.646388e-03,5.730900e+00
1.013246e+01,2.042768e+02,1.701900e-03,5.738300e+00
1.013246e+01,1.955293e+02,1.778038e-03,5.771600e+00
1.013246e+01,1.846579e+02,1.882717e-03,5.787700e+00
1.013246e+01,1.712587e+02,2.030020e-03,5.796600e+00
1.013246e+01,1.546759e+02,2.247659e-03,5.852700e+00
1.013246e+01,1.337305e+02,2.599695e-03,5.911400e+00
1.013246e+01,1.058642e+02,3.284007e-03,6.018600e+00
1.013246e+01,6.240759e+01,5.570774e-03,6.333300e+00
1.103262e+01,7.032539e+01,5.527328e-03,6.460900e+00
1.103262e+01,1.192954e+02,3.258395e-03,6.143300e+00
1.103262e+01,1.506973e+02,2.579420e-03,6.063300e+00
1.103262e+01,1.743000e+02,2.230129e-03,5.987700e+00
1.103262e+01,1.929867e+02,2.014188e-03,5.961400e+00
1.103262e+01,2.080860e+02,1.868033e-03,5.933900e+00
1.103262e+01,2.203366e+02,1.764171e-03,5.909800e+00
1.103262e+01,2.301939e+02,1.688627e-03,5.899800e+00
1.103262e+01,2.379554e+02,1.633548e-03,5.895200e+00
1.103262e+01,2.438214e+02,1.594247e-03,5.890800e+00
1.103262e+01,2.479264e+02,1.567850e-03,5.883600e+00
1.103262e+01,2.503571e+02,1.552628e-03,5.871600e+00
1.103262e+01,2.511621e+02,1.547652e-03,5.874800e+00
1.103262e+01,2.503571e+02,1.552628e-03,5.871600e+00
1.103262e+01,2.479264e+02,1.567850e-03,5.883600e+00
1.103262e+01,2.438214e+02,1.594247e-03,5.890800e+00
1.103262e+01,2.379554e+02,1.633548e-03,5.895200e+00
1.103262e+01,2.301939e+02,1.688627e-03,5.899800e+00
1.103262e+01,2.203366e+02,1.764171e-03,5.909800e+00
1.103262e+01,2.080860e+02,1.868033e-03,5.933900e+00
1.103262e+01,1.929867e+02,2.014188e-03,5.961400e+00
1.103262e+01,1.743000e+02,2.230129e-03,5.987700e+00
1.103262e+01,1.506973e+02,2.579420e-03,6.063300e+00
1.103262e+01,1.192954e+02,3.258395e-03,6.143300e+00
1.103262e+01,7.032539e+01,5.527328e-03,6.460900e+00
1.198306e+01,7.931558e+01,5.478801e-03,6.525100e+00
1.198306e+01,1.345458e+02,3.229788e-03,6.262500e+00
1.198306e+01,1.699620e+02,2.556774e-03,6.148500e+00
1.198306e+01,1.965820e+02,2.210550e-03,6.106200e+00
1.198306e+01,2.176575e+02,1.996505e-03,6.069300e+00
1.198306e+01,2.346870e+02,1.851633e-03,6.044100e+00
1.198306e+01,2.485038e+02,1.748683e-03,6.030200e+00
1.198306e+01,2.596212e+02,1.673801e-03,6.014200e+00
1.198306e+01,2.683749e+02,1.619206e-03,5.989100e+00
1.198306e+01,2.749908e+02,1.580250e-03,5.989700e+00
1.198306e+01,2.796206e+02,1.554086e-03,5.992000e+00
1.198306e+01,2.823620e+02,1.538997e-03,5.975100e+00
1.198306e+01,2.832699e+02,1.534064e-03,5.976000e+00
1.198306e+01,2.823620e+02,1.538997e-03,5.975100e+00
1.198306e+01,2.796206e+02,1.554086e-03,5.992000e+00
1.198306e+01,2.749908e+02,1.580250e-03,5.989700e+00
1.198306e+01,2.683749e+02,1.619206e-03,5.989100e+00
1.198306e+01,2.596212e+02,1.673801e-03,6.014200e+00
1.198306e+01,2.485038e+02,1.748683e-03,6.030200e+00
1.198306e+01,2.346870e+02,1.851633e-03,6.044100e+00
1.198306e+01,2.176575e+02,1.996505e-03,6.069300e+00
1.198306e+01,1.965820e+02,2.210550e-03,6.106200e+00
1.198306e+01,1.699620e+02,2.556774e-03,6.148500e+00
1.198306e+01,1.345458e+02,3.229788e-03,6.262500e+00
1.198306e+01,7.931558e+01,5.478801e-03,6.525100e+00
1.299170e+01,8.954396e+01,5.426950e-03,6.670000e+00
1.299170e+01,1.518965e+02,3.199221e-03,6.365200e+00
1.299170e+01,1.918799e+02,2.532577e-03,6.273800e+00
1.299170e+01,2.219328e+02,2.189629e-03,6.222100e+00
1.299170e+01,2.457262e+02,1.977610e-03,6.193900e+00
1.299170e+01,2.649518e+02,1.834109e-03,6.165600e+00
1.299170e+01,2.805503e+02,1.732133e-03,6.156400e+00
1.299170e+01,2.931014e+02,1.657961e-03,6.132900e+00
1.299170e+01,3.029840e+02,1.603882e-03,6.125500e+00
1.299170e+01,3.104530e+02,1.565295e-03,6.110200e+00
1.299170e+01,3.156799e+02,1.539378e-03,6.119100e+00
1.299170e+01,3.187749e+02,1.524432e-03,6.114600e+00
1.299170e+01,3.197999e+02,1.519546e-03,6.113200e+00
1.299170e+01,3.187749e+02,1.524432e-03,6.114600e+00
1.299170e+01,3.156799e+02,1.539378e-03,6.119100e+00
1.299170e+01,3.104530e+02,1.565295e-03,6.110200e+00
1.299170e+01,3.029840e+02,1.603882e-03,6.125500e+00
1.299170e+01,2.931014e+02,1.657961e-03,6.132900e+00
1.299170e+01,2.805503e+02,1.732133e-03,6.156400e+00
1.299170e+01,2.649518e+02,1.834109e-03,6.165600e+00
1.299170e+01,2.457262e+02,1.977610e-03,6.193900e+00
1.299170e+01,2.219328e+02,2.189629e-03,6.222100e+00
1.299170e+01,1.918799e+02,2.532577e-03,6.273800e+00
1.299170e+01,1.518965e+02,3.199221e-03,6.365200e+00
1.299170e+01,8.954396e+01,5.426950e-03,6.670000e+00
1.406422e+01,1.011975e+02,5.370275e-03,6.788000e+00
1.406422e+01,1.716649e+02,3.165811e-03,6.548400e+00
1.406422e+01,2.168519e+02,2.506128e-03,6.454200e+00
1.406422e+01,2.508160e+02,2.166763e-03,6.406100e+00
1.406422e+01,2.777059e+02,1.956957e-03,6.376100e+00
1.406422e+01,2.994336e+02,1.814955e-03,6.339000e+00
1.406422e+01,3.170622e+02,1.714044e-03,6.329100e+00
1.406422e+01,3.312467e+02,1.640646e-03,6.313200e+00
1.406422e+01,3.424155e+02,1.587132e-03,6.301000e+00
1.406422e+01,3.508566e+02,1.548948e-03,6.303100e+00
1.406422e+01,3.567637e+02,1.523302e-03,6.299800e+00
1.406422e+01,3.602614e+02,1.508512e-03,6.289100e+00
1.406422e+01,3.614198e+02,1.503677e-03,6.285700e+00
1.406422e+01,3.602614e+02,1.508512e-03,6.289100e+00
1.406422e+01,3.567637e+02,1.523302e-03,6.299800e+00
1.406422e+01,3.508566e+02,1.548948e-03,6.303100e+00
1.406422e+01,3.424155e+02,1.587132e-03,6.301000e+00
1.406422e+01,3.312467e+02,1.640646e-03,6.313200e+00
1.406422e+01,3.170622e+02,1.714044e-03,6.329100e+00
1.406422e+01,2.994336e+02,1.814955e-03,6.339000e+00
1.406422e+01,2.777059e+02,1.956957e-03,6.376100e+00
1.406422e+01,2.508160e+02,2.166763e-03,6.406100e+00
1.406422e+01,2.168519e+02,2.506128e-03,6.454200e+00
1.406422e+01,1.716649e+02,3.165811e-03,6.548400e+00
1.406422e+01,1.011975e+02,5.370275e-03,6.788000e+00
1.520377e+01,1.144756e+02,5.305558e-03,6.904400e+00
1.520377e+01,1.941890e+02,3.127660e-03,6.678400e+00
1.520377e+01,2.453049e+02,2.475927e-03,6.593700e+00
1.520377e+01,2.837254e+02,2.140651e-03,6.559600e+00
1.520377e+01,3.141436e+02,1.933374e-03,6.519800e+00
1.520377e+01,3.387222e+02,1.793083e-03,6.504500e+00
1.520377e+01,3.586638e+02,1.693388e-03,6.488200e+00
1.520377e+01,3.747095e+02,1.620875e-03,6.474300e+00
1.520377e+01,3.873437e+02,1.568006e-03,6.454900e+00
1.520377e+01,3.968923e+02,1.530282e-03,6.454400e+00
1.520377e+01,4.035744e+02,1.504944e-03,6.454100e+00
1.520377e+01,4.075312e+02,1.490333e-03,6.451800e+00
1.520377e+01,4.088415e+02,1.485556e-03,6.446400e+00
1.520377e+01,4.075312e+02,1.490333e-03,6.451800e+00
1.520377e+01,4.035744e+02,1.504944e-03,6.454100e+00
1.520377e+01,3.968923e+02,1.530282e-03,6.454400e+00
1.520377e+01,3.873437e+02,1.568006e-03,6.454900e+00
1.520377e+01,3.747095e+02,1.620875e-03,6.474300e+00
1.520377e+01,3.586638e+02,1.693388e-03,6.488200e+00
1.520377e+01,3.387222e+02,1.793083e-03,6.504500e+00
1.520377e+01,3.141436e+02,1.933374e-03,6.519800e+00
1.520377e+01,2.837254e+02,2.140651e-03,6.559600e+00
1.520377e+01,2.453049e+02,2.475927e-03,6.593700e+00
1.520377e+01,1.941890e+02,3.127660e-03,6.678400e+00
1.520377e+01,1.144756e+02,5.305558e-03,6.904400e+00
1.641370e+01,1.295896e+02,5.231195e-03,7.211900e+00
1.641370e+01,2.198274e+02,3.083822e-03,6.963000e+00
1.641370e+01,2.776921e+02,2.441224e-03,6.883200e+00
1.641370e+01,3.211852e+02,2.110647e-03,6.825800e+00
1.641370e+01,3.556194e+02,1.906276e-03,6.803800e+00
1.641370e+01,3.834431e+02,1.767951e-03,6.767000e+00
1.641370e+01,4.060175e+02,1.669654e-03,6.756100e+00
1.641370e+01,4.241817e+02,1.598156e-03,6.740400e+00
1.641370e+01,4.384839e+02,1.546028e-03,6.726100e+00
1.641370e+01,4.492933e+02,1.508833e-03,6.721300e+00
1.641370e+01,4.568577e+02,1.483851e-03,6.722000e+00
1.641370e+01,4.613368e+02,1.469444e-03,6.712600e+00
1.641370e+01,4.628202e+02,1.464734e-03,6.718400e+00
1.641370e+01,4.613368e+02,1.469444e-03,6.712600e+00
1.641370e+01,4.568577e+02,1.483851e-03,6.722000e+00
1.641370e+01,4.492933e+02,1.508833e-03,6.721300e+00
1.641370e+01,4.384839e+02,1.546028e-03,6.726100e+00
1.641370e+01,4.241817e+02,1.598156e-03,6.740400e+00
1.641370e+01,4.060175e+02,1.669654e-03,6.756100e+00
1.641370e+01,3.834431e+02,1.767951e-03,6.767000e+00
1.641370e+01,3.556194e+02,1.906276e-03,6.803800e+00
1.641370e+01,3.211852e+02,2.110647e-03,6.825800e+00
1.641370e+01,2.776921e+02,2.441224e-03,6.883200e+00
1.641370e+01,2.198274e+02,3.083822e-03,6.963000e+00
1.641370e+01,1.295896e+02,5.231195e-03,7.211900e+00
1.770001e+01,1.467628e+02,5.148877e-03,7.409000e+00
1.770001e+01,2.489588e+02,3.035296e-03,7.176400e+00
1.770001e+01,3.144917e+02,2.402809e-03,7.084900e+00
1.770001e+01,3.637485e+02,2.077434e-03,7.051700e+00
1.770001e+01,4.027459e+02,1.876279e-03,7.018700e+00
1.770001e+01,4.342567e+02,1.740131e-03,6.986900e+00
1.770001e+01,4.598227e+02,1.643380e-03,6.974700e+00
1.770001e+01,4.803940e+02,1.573008e-03,6.953100e+00
1.770001e+01,4.965916e+02,1.521700e-03,6.952500e+00
1.770001e+01,5.088333e+02,1.485090e-03,6.941500e+00
1.770001e+01,5.174002e+02,1.460501e-03,6.929200e+00
1.770001e+01,5.224728e+02,1.446321e-03,6.925200e+00
1.770001e+01,5.241528e+02,1.441686e-03,6.927900e+00
1.770001e+01,5.224728e+02,1.446321e-03,6.925200e+00
1.770001e+01,5.174002e+02,1.460501e-03,6.929200e+00
1.770001e+01,5.088333e+02,1.485090e-03,6.941500e+00
1.770001e+01,4.965916e+02,1.521700e-03,6.952500e+00
1.770001e+01,4.803940e+02,1.573008e-03,6.953100e+00
1.770001e+01,4.598227e+02,1.643380e-03,6.974700e+00
1.770001e+01,4.342567e+02,1.740131e-03,6.986900e+00
1.770001e+01,4.027459e+02,1.876279e-03,7.018700e+00
1.770001e+01,3.637485e+02,2.077434e-03,7.051700e+00
1.770001e+01,3.144917e+02,2.402809e-03,7.084900e+00
1.770001e+01,2.489588e+02,3.035296e-03,7.176400e+00
1.770001e+01,1.467628e+02,5.148877e-03,7.409000e+00
1.906611e+01,1.662436e+02,5.057543e-03,7.474100e+00
1.906611e+01,2.820048e+02,2.981454e-03,7.272100e+00
1.906611e+01,3.562363e+02,2.360187e-03,7.188800e+00
1.906611e+01,4.120313e+02,2.040584e-03,7.144800e+00
1.906611e+01,4.562051e+02,1.842996e-03,7.109100e+00
1.906611e+01,4.918986e+02,1.709263e-03,7.088400e+00
1.906611e+01,5.208582e+02,1.614229e-03,7.069600e+00
1.906611e+01,5.441600e+02,1.545105e-03,7.051300e+00
1.906611e+01,5.625076e+02,1.494707e-03,7.047300e+00
1.906611e+01,5.763743e+02,1.458747e-03,7.029300e+00
1.906611e+01,5.860783e+02,1.434594e-03,7.026700e+00
1.906611e+01,5.918243e+02,1.420666e-03,7.026000e+00
1.906611e+01,5.937272e+02,1.416112e-03,7.025900e+00
1.906611e+01,5.918243e+02,1.420666e-03,7.026000e+00
1.906611e+01,5.860783e+02,1.434594e-03,7.026700e+00
1.906611e+01,5.763743e+02,1.458747e-03,7.029300e+00
1.906611e+01,5.625076e+02,1.494707e-03,7.047300e+00
1.906611e+01,5.441600e+02,1.545105e-03,7.051300e+00
1.906611e+01,5.208582e+02,1.614229e-03,7.069600e+00
1.906611e+01,4.918986e+02,1.709263e-03,7.088400e+00
1.906611e+01,4.562051e+02,1.842996e-03,7.109100e+00
1.906611e+01,4.120313e+02,2.040584e-03,7.144800e+00
1.906611e+01,3.562363e+02,2.360187e-03,7.188800e+00
1.906611e+01,2.820048e+02,2.981454e-03,7.272100e+00
1.906611e+01,1.662436e+02,5.057543e-03,7.474100e+00
2.050528e+01,1.882731e+02,4.950315e-03,7.526900e+00
2.050528e+01,3.193741e+02,2.918242e-03,7.327200e+00
2.050528e+01,4.034423e+02,2.310147e-03,7.249200e+00
2.050528e+01,4.666308e+02,1.997320e-03,7.212800e+00
2.050528e+01,5.166582e+02,1.803922e-03,7.177500e+00
2.050528e+01,5.570816e+02,1.673024e-03,7.146300e+00
2.050528e+01,5.898787e+02,1.580004e-03,7.128400e+00
2.050528e+01,6.162683e+02,1.512346e-03,7.108600e+00
2.050528e+01,6.370472e+02,1.463017e-03,7.098800e+00
2.050528e+01,6.527514e+02,1.427819e-03,7.092700e+00
2.050528e+01,6.637412e+02,1.404178e-03,7.086500e+00
2.050528e+01,6.702487e+02,1.390545e-03,7.078100e+00
2.050528e+01,6.724038e+02,1.386088e-03,7.075400e+00
2.050528e+01,6.702487e+02,1.390545e-03,7.078100e+00
2.050528e+01,6.637412e+02,1.404178e-03,7.086500e+00
2.050528e+01,6.527514e+02,1.427819e-03,7.092700e+00
2.050528e+01,6.370472e+02,1.463017e-03,7.098800e+00
2.050528e+01,6.162683e+02,1.512346e-03,7.108600e+00
2.050528e+01,5.898787e+02,1.580004e-03,7.128400e+00
2.050528e+01,5.570816e+02,1.673024e-03,7.146300e+00
2.050528e+01,5.166582e+02,1.803922e-03,7.177500e+00
2.050528e+01,4.666308e+02,1.997320e-03,7.212800e+00
2.050528e+01,4.034423e+02,2.310147e-03,7.249200e+00
2.050528e+01,3.193741e+02,2.918242e-03,7.327200e+00
2.050528e+01,1.882731e+02,4.950315e-03,7.526900e+00
2.202497e+01,2.130889e+02,4.832863e-03,7.645600e+00
2.202497e+01,3.614700e+02,2.849003e-03,7.443900e+00
2.202497e+01,4.566190e+02,2.255336e-03,7.378200e+00
2.202497e+01,5.281362e+02,1.949931e-03,7.320600e+00
2.202497e+01,5.847576e+02,1.761121e-03,7.288500e+00
2.202497e+01,6.305091e+02,1.633330e-03,7.263000e+00
2.202497e+01,6.676291e+02,1.542517e-03,7.239800e+00
2.202497e+01,6.974970e+02,1.476464e-03,7.214700e+00
2.202497e+01,7.210147e+02,1.428305e-03,7.206800e+00
2.202497e+01,7.387889e+02,1.393942e-03,7.199500e+00
2.202497e+01,7.512273e+02,1.370862e-03,7.189300e+00
2.202497e+01,7.585924e+02,1.357553e-03,7.190900e+00
2.202497e+01,7.610316e+02,1.353202e-03,7.185900e+00
2.202497e+01,7.585924e+02,1.357553e-03,7.190900e+00
2.202497e+01,7.512273e+02,1.370862e-03,7.189300e+00
2.202497e+01,7.387889e+02,1.393942e-03,7.199500e+00
2.202497e+01,7.210147e+02,1.428305e-03,7.206800e+00
2.202497e+01,6.974970e+02,1.476464e-03,7.214700e+00
2.202497e+01,6.676291e+02,1.542517e-03,7.239800e+00
2.202497e+01,6.305091e+02,1.633330e-03,7.263000e+00
2.202497e+01,5.847576e+02,1.761121e-03,7.288500e+00
2.202497e+01,5.281362e+02,1.949931e-03,7.320600e+00
2.202497e+01,4.566190e+02,2.255336e-03,7.378200e+00
2.202497e+01,3.614700e+02,2.849003e-03,7.443900e+00
2.202497e+01,2.130889e+02,4.832863e-03,7.645600e+00
2.360887e+01,2.409358e+02,4.695423e-03,7.737700e+00
2.360887e+01,4.087076e+02,2.767982e-03,7.548500e+00
2.360887e+01,5.162909e+02,2.191197e-03,7.457900e+00
2.360887e+01,5.971542e+02,1.894478e-03,7.406800e+00
2.360887e+01,6.611750e+02,1.711038e-03,7.367800e+00
2.360887e+01,7.129053e+02,1.586880e-03,7.340900e+00
2.360887e+01,7.548762e+02,1.498650e-03,7.318800e+00
2.360887e+01,7.886474e+02,1.434475e-03,7.303000e+00
2.360887e+01,8.152384e+02,1.387686e-03,7.284500e+00
2.360887e+01,8.353353e+02,1.354301e-03,7.273600e+00
2.360887e+01,8.493992e+02,1.331877e-03,7.266000e+00
2.360887e+01,8.577269e+02,1.318946e-03,7.266800e+00
2.360887e+01,8.604848e+02,1.314718e-03,7.259700e+00
2.360887e+01,8.577269e+02,1.318946e-03,7.266800e+00
2.360887e+01,8.493992e+02,1.331877e-03,7.266000e+00
2.360887e+01,8.353353e+02,1.354301e-03,7.273600e+00
2.360887e+01,8.152384e+02,1.387686e-03,7.284500e+00
2.360887e+01,7.886474e+02,1.434475e-03,7.303000e+00
2.360887e+01,7.548762e+02,1.498650e-03,7.318800e+00
2.360887e+01,7.129053e+02,1.586880e-03,7.340900e+00
2.360887e+01,6.611750e+02,1.711038e-03,7.367800e+00
2.360887e+01,5.971542e+02,1.894478e-03,7.406800e+00
2.360887e+01,5.162909e+02,2.191197e-03,7.457900e+00
2.360887e+01,4.087076e+02,2.767982e-03,7.548500e+00
2.360887e+01,2.409358e+02,4.695423e-03,7.737700e+00
2.525719e+01,2.720047e+02,4.542737e-03,7.774200e+00
2.525719e+01,4.614110e+02,2.677972e-03,7.578200e+00
2.525719e+01,5.828673e+02,2.119944e-03,7.500600e+00
2.525719e+01,6.741580e+02,1.832873e-03,7.441200e+00
2.525719e+01,7.464343e+02,1.655398e-03,7.398600e+00
2.525719e+01,8.048354e+02,1.535278e-03,7.372900e+00
2.525719e+01,8.522185e+02,1.449917e-03,7.345200e+00
2.525719e+01,8.903445e+02,1.387829e-03,7.324900e+00
2.525719e+01,9.203645e+02,1.342562e-03,7.309600e+00
2.525719e+01,9.430529e+02,1.310262e-03,7.300300e+00
2.525719e+01,9.589304e+02,1.288567e-03,7.293200e+00
2.525719e+01,9.683319e+02,1.276056e-03,7.285800e+00
2.525719e+01,9.714455e+02,1.271966e-03,7.283500e+00
2.525719e+01,9.683319e+02,1.276056e-03,7.285800e+00
2.525719e+01,9.589304e+02,1.288567e-03,7.293200e+00
2.525719e+01,9.430529e+02,1.310262e-03,7.300300e+00
2.525719e+01,9.203645e+02,1.342562e-03,7.309600e+00
2.525719e+01,8.903445e+02,1.387829e-03,7.324900e+00
2.525719e+01,8.522185e+02,1.449917e-03,7.345200e+00
2.525719e+01,8.048354e+02,1.535278e-03,7.372900e+00
2.525719e+01,7.464343e+02,1.655398e-03,7.398600e+00
2.525719e+01,6.741580e+02,1.832873e-03,7.441200e+00
2.525719e+01,5.828673e+02,2.119944e-03,7.500600e+00
2.525719e+01,4.614110e+02,2.677972e-03,7.578200e+00
2.525719e+01,2.720047e+02,4.542737e-03,7.774200e+00
2.671291e+01,3.064448e+02,4.255550e-03,7.669200e+00
2.671291e+01,5.198329e+02,2.508674e-03,7.493700e+00
2.671291e+01,6.566674e+02,1.985923e-03,7.407000e+00
2.671291e+01,7.595169e+02,1.717001e-03,7.350200e+00
2.671291e+01,8.409446e+02,1.550746e-03,7.304000e+00
2.671291e+01,9.067401e+02,1.438219e-03,7.271900e+00
2.671291e+01,9.601227e+02,1.358255e-03,7.242400e+00
2.671291e+01,1.003076e+03,1.300092e-03,7.221400e+00
2.671291e+01,1.036897e+03,1.257686e-03,7.205800e+00
2.671291e+01,1.062458e+03,1.227428e-03,7.190000e+00
2.671291e+01,1.080346e+03,1.207105e-03,7.181900e+00
2.671291e+01,1.090938e+03,1.195385e-03,7.179100e+00
2.671291e+01,1.094446e+03,1.191554e-03,7.174500e+00
2.671291e+01,1.090938e+03,1.195385e-03,7.179100e+00
2.671291e+01,1.080346e+03,1.207105e-03,7.181900e+00
2.671291e+01,1.062458e+03,1.227428e-03,7.190000e+00
2.671291e+01,1.036897e+03,1.257686e-03,7.205800e+00
2.671291e+01,1.003076e+03,1.300092e-03,7.221400e+00
2.671291e+01,9.601227e+02,1.358255e-03,7.242400e+00
2.671291e+01,9.067401e+02,1.438219e-03,7.271900e+00
2.671291e+01,8.409446e+02,1.550746e-03,7.304000e+00
2.671291e+01,7.595169e+02,1.717001e-03,7.350200e+00
2.671291e+01,6.566674e+02,1.985923e-03,7.407000e+00
2.671291e+01,5.198329e+02,2.508674e-03,7.493700e+00
2.671291e+01,3.064448e+02,4.255550e-03,7.669200e+00
2.226585e+01,3.101956e+02,2.191180e-03,4.999800e+00
2.226585e+01,5.261955e+02,1.291715e-03,4.877800e+00
2.226585e+01,6.647049e+02,1.022551e-03,4.823500e+00
2.226585e+01,7.688132e+02,8.840826e-04,4.785400e+00
2.226585e+01,8.512376e+02,7.984779e-04,4.755500e+00
2.226585e+01,9.178384e+02,7.405382e-04,4.735600e+00
2.226585e+01,9.718744e+02,6.993645e-04,4.717800e+00
2.226585e+01,1.015353e+03,6.694166e-04,4.701800e+00
2.226585e+01,1.049588e+03,6.475819e-04,4.693900e+00
2.226585e+01,1.075462e+03,6.320020e-04,4.682300e+00
2.226585e+01,1.093569e+03,6.215377e-04,4.679900e+00
2.226585e+01,1.104291e+03,6.155032e-04,4.673800e+00
2.226585e+01,1.107841e+03,6.135304e-04,4.674400e+00
2.226585e+01,1.104291e+03,6.155032e-04,4.673800e+00
2.226585e+01,1.093569e+03,6.215377e-04,4.679900e+00
2.226585e+01,1.075462e+03,6.320020e-04,4.682300e+00
2.226585e+01,1.049588e+03,6.475819e-04,4.693900e+00
2.226585e+01,1.015353e+03,6.694166e-04,4.701800e+00
2.226585e+01,9.718744e+02,6.993645e-04,4.717800e+00
2.226585e+01,9.178384e+02,7.405382e-04,4.735600e+00
2.226585e+01,8.512376e+02,7.984779e-04,4.755500e+00
2.226585e+01,7.688132e+02,8.840826e-04,4.785400e+00
2.226585e+01,6.647049e+02,1.022551e-03,4.823500e+00
2.226585e+01,5.261955e+02,1.291715e-03,4.877800e+00
2.226585e+01,3.101956e+02,2.191180e-03,4.999800e+00
1.780594e+01,2.873405e+02,1.099598e-03,3.077100e+00
1.780594e+01,4.874256e+02,6.482201e-04,3.002100e+00
1.780594e+01,6.157296e+02,5.131458e-04,2.971100e+00
1.780594e+01,7.121672e+02,4.436585e-04,2.946300e+00
1.780594e+01,7.885186e+02,4.006996e-04,2.933300e+00
1.780594e+01,8.502123e+02,3.716237e-04,2.918800e+00
1.780594e+01,9.002669e+02,3.509615e-04,2.908800e+00
1.780594e+01,9.405424e+02,3.359328e-04,2.903000e+00
1.780594e+01,9.722550e+02,3.249755e-04,2.894800e+00
1.780594e+01,9.962226e+02,3.171571e-04,2.890300e+00
1.780594e+01,1.012995e+03,3.119058e-04,2.887600e+00
1.780594e+01,1.022927e+03,3.088775e-04,2.885900e+00
1.780594e+01,1.026216e+03,3.078875e-04,2.884500e+00
1.780594e+01,1.022927e+03,3.088775e-04,2.885900e+00
1.780594e+01,1.012995e+03,3.119058e-04,2.887600e+00
1.780594e+01,9.962226e+02,3.171571e-04,2.890300e+00
1.780594e+01,9.722550e+02,3.249755e-04,2.894800e+00
1.780594e+01,9.405424e+02,3.359328e-04,2.903000e+00
1.780594e+01,9.002669e+02,3.509615e-04,2.908800e+00
1.780594e+01,8.502123e+02,3.716237e-04,2.918800e+00
1.780594e+01,7.885186e+02,4.006996e-04,2.933300e+00
1.780594e+01,7.121672e+02,4.436585e-04,2.946300e+00
1.780594e+01,6.157296e+02,5.131458e-04,2.971100e+00
1.780594e+01,4.874256e+02,6.482201e-04,3.002100e+00
1.780594e+01,2.873405e+02,1.099598e-03,3.077100e+00
1.113934e+01,2.665997e+02,2.658845e-04,1.121900e+00
1.113934e+01,4.522423e+02,1.567406e-04,1.092000e+00
1.113934e+01,5.712851e+02,1.240794e-04,1.079700e+00
1.113934e+01,6.607618e+02,1.072773e-04,1.072300e+00
1.113934e+01,7.316019e+02,9.688975e-05,1.067100e+00
1.113934e+01,7.888425e+02,8.985917e-05,1.063400e+00
1.113934e+01,8.352841e+02,8.486302e-05,1.060000e+00
1.113934e+01,8.726524e+02,8.122905e-05,1.058400e+00
1.113934e+01,9.020759e+02,7.857956e-05,1.056100e+00
1.113934e+01,9.243135e+02,7.668906e-05,1.054400e+00
1.113934e+01,9.398755e+02,7.541928e-05,1.053900e+00
1.113934e+01,9.490901e+02,7.468704e-05,1.053100e+00
1.113934e+01,9.521419e+02,7.444766e-05,1.052800e+00
1.113934e+01,9.490901e+02,7.468704e-05,1.053100e+00
1.113934e+01,9.398755e+02,7.541928e-05,1.053900e+00
1.113934e+01,9.243135e+02,7.668906e-05,1.054400e+00
1.113934e+01,9.020759e+02,7.857956e-05,1.056100e+00
1.113934e+01,8.726524e+02,8.122905e-05,1.058400e+00
1.113934e+01,8.352841e+02,8.486302e-05,1.060000e+00
1.113934e+01,7.888425e+02,8.985917e-05,1.063400e+00
1.113934e+01,7.316019e+02,9.688975e-05,1.067100e+00
1.113934e+01,6.607618e+02,1.072773e-04,1.072300e+00
1.113934e+01,5.712851e+02,1.240794e-04,1.079700e+00
1.113934e+01,4.522423e+02,1.567406e-04,1.092000e+00
1.113934e+01,2.665997e+02,2.658845e-04,1.121900e+00
9.486440e-01,2.570460e+02,1.634684e-07,5.800000e-03
9.486440e-01,4.360360e+02,9.636566e-08,5.700000e-03
9.486440e-01,5.508128e+02,7.628526e-08,5.400000e-03
9.486440e-01,6.370830e+02,6.595514e-08,5.000000e-03
9.486440e-01,7.053845e+02,5.956878e-08,4.700000e-03
9.486440e-01,7.605739e+02,5.524630e-08,5.700000e-03
9.486440e-01,8.053512e+02,5.217463e-08,6.400000e-03
9.486440e-01,8.413804e+02,4.994042e-08,6.900000e-03
9.486440e-01,8.697495e+02,4.831149e-08,7.300000e-03
9.486440e-01,8.911902e+02,4.714919e-08,7.500000e-03
9.486440e-01,9.061945e+02,4.636852e-08,7.700000e-03
9.486440e-01,9.150789e+02,4.591833e-08,7.800000e-03
9.486440e-01,9.180213e+02,4.577115e-08,7.800000e-03
9.486440e-01,9.150789e+02,4.591833e-08,7.800000e-03
9.486440e-01,9.061945e+02,4.636852e-08,7.700000e-03
9.486440e-01,8.911902e+02,4.714919e-08,7.500000e-03
9.486440e-01,8.697495e+02,4.831149e-08,7.300000e-03
9.486440e-01,8.413804e+02,4.994042e-08,6.900000e-03
9.486440e-01,8.053512e+02,5.217463e-08,6.400000e-03
9.486440e-01,7.605739e+02,5.524630e-08,5.700000e-03
9.486440e-01,7.053845e+02,5.956878e-08,4.700000e-03
9.486440e-01,6.370830e+02,6.595514e-08,5.000000e-03
9.486440e-01,5.508128e+02,7.628526e-08,5.400000e-03
9.486440e-01,4.360360e+02,9.636566e-08,5.700000e-03
9.486440e-01,2.570460e+02,1.634684e-07,5.800000e-03
9.159725e-01,2.879040e+01,9.379031e-04,1.020300e+00
1.185055e+00,4.883815e+01,1.197332e-03,1.941700e+00
1.366122e+00,6.169372e+01,1.452066e-03,2.838900e+00
1.521836e+00,7.135640e+01,1.735517e-03,3.773500e+00
1.662292e+00,7.900651e+01,2.042761e-03,4.821600e+00
1.789822e+00,8.518798e+01,2.364881e-03,5.889600e+00
1.904291e+00,9.020326e+01,2.689898e-03,6.972900e+00
2.004611e+00,9.423871e+01,3.003441e-03,8.013300e+00
2.089352e+00,9.741618e+01,3.289743e-03,8.948500e+00
2.157058e+00,9.981764e+01,3.532943e-03,9.799400e+00
2.206438e+00,1.014982e+02,3.718564e-03,1.035410e+01
2.236489e+00,1.024933e+02,3.834980e-03,1.073620e+01
2.246578e+00,1.028229e+02,3.874655e-03,1.092470e+01
2.236489e+00,1.024933e+02,3.834980e-03,1.073620e+01
2.206438e+00,1.014982e+02,3.718564e-03,1.035410e+01
2.157058e+00,9.981764e+01,3.532943e-03,9.799400e+00
2.089352e+00,9.741618e+01,3.289743e-03,8.948500e+00
2.004611e+00,9.423871e+01,3.003441e-03,8.013300e+00
1.904291e+00,9.020326e+01,2.689898e-03,6.972900e+00
1.789822e+00,8.518798e+01,2.364881e-03,5.889600e+00
1.662292e+00,7.900651e+01,2.042761e-03,4.821600e+00
1.521836e+00,7.135640e+01,1.735517e-03,3.773500e+00
1.366122e+00,6.169372e+01,1.452066e-03,2.838900e+00
1.185055e+00,4.883815e+01,1.197332e-03,1.941700e+00
9.159725e-01,2.879040e+01,9.379031e-04,1.020300e+00
1.439327e+00,2.047528e+01,7.368098e-04,6.216000e-01
1.861801e+00,3.473293e+01,9.400814e-04,1.176600e+00
2.146242e+00,4.387561e+01,1.140040e-03,1.698200e+00
2.390848e+00,5.074756e+01,1.362535e-03,2.274300e+00
2.611480e+00,5.618819e+01,1.603697e-03,2.873700e+00
2.811802e+00,6.058436e+01,1.856526e-03,3.549200e+00
2.991606e+00,6.415115e+01,2.111620e-03,4.176800e+00
3.149182e+00,6.702110e+01,2.357702e-03,4.817700e+00
3.282287e+00,6.928087e+01,2.582399e-03,5.381000e+00
3.388633e+00,7.098875e+01,2.773264e-03,5.892900e+00
3.466194e+00,7.218393e+01,2.918940e-03,6.255300e+00
3.513394e+00,7.289163e+01,3.010301e-03,6.512500e+00
3.529240e+00,7.312601e+01,3.041438e-03,6.575700e+00
3.513394e+00,7.289163e+01,3.010301e-03,6.512500e+00
3.466194e+00,7.218393e+01,2.918940e-03,6.255300e+00
3.388633e+00,7.098875e+01,2.773264e-03,5.892900e+00
3.282287e+00,6.928087e+01,2.582399e-03,5.381000e+00
3.149182e+00,6.702110e+01,2.357702e-03,4.817700e+00
2.991606e+00,6.415115e+01,2.111620e-03,4.176800e+00
2.811802e+00,6.058436e+01,1.856526e-03,3.549200e+00
2.611480e+00,5.618819e+01,1.603697e-03,2.873700e+00
2.390848e+00,5.074756e+01,1.362535e-03,2.274300e+00
2.146242e+00,4.387561e+01,1.140040e-03,1.698200e+00
1.861801e+00,3.473293e+01,9.400814e-04,1.176600e+00
1.439327e+00,2.047528e+01,7.368098e-04,6.216000e-01
1.871590e+00,2.253884e+01,7.071704e-04,6.557000e-01
2.421350e+00,3.823341e+01,9.027203e-04,1.204500e+00
2.791310e+00,4.829751e+01,1.094770e-03,1.750000e+00
3.109466e+00,5.586203e+01,1.308471e-03,2.359800e+00
3.396447e+00,6.185099e+01,1.540108e-03,3.004900e+00
3.657015e+00,6.669022e+01,1.782960e-03,3.689500e+00
3.890898e+00,7.061647e+01,2.027995e-03,4.379400e+00
4.095871e+00,7.377567e+01,2.264379e-03,5.034100e+00
4.269013e+00,7.626318e+01,2.480225e-03,5.610500e+00
4.407350e+00,7.814319e+01,2.663575e-03,6.131600e+00
4.508243e+00,7.945882e+01,2.803516e-03,6.502200e+00
4.569642e+00,8.023785e+01,2.891283e-03,6.763000e+00
4.590255e+00,8.049585e+01,2.921194e-03,6.828500e+00
4.569642e+00,8.023785e+01,2.891283e-03,6.763000e+00
4.508243e+00,7.945882e+01,2.803516e-03,6.502200e+00
4.407350e+00,7.814319e+01,2.663575e-03,6.131600e+00
4.269013e+00,7.626318e+01,2.480225e-03,5.610500e+00
4.095871e+00,7.377567e+01,2.264379e-03,5.034100e+00
3.890898e+00,7.061647e+01,2.027995e-03,4.379400e+00
3.657015e+00,6.669022e+01,1.782960e-03,3.689500e+00
3.396447e+00,6.185099e+01,1.540108e-03,3.004900e+00
3.109466e+00,5.586203e+01,1.308471e-03,2.359800e+00
2.791310e+00,4.829751e+01,1.094770e-03,1.750000e+00
2.421350e+00,3.823341e+01,9.027203e-04,1.204500e+00
1.871590e+00,2.253884e+01,7.071704e-04,6.557000e-01
2.270737e+00,2.601645e+01,6.959690e-04,7.031000e-01
2.937785e+00,4.413261e+01,8.884602e-04,1.330600e+00
3.386655e+00,5.574954e+01,1.077479e-03,1.953700e+00
3.772671e+00,6.448123e+01,1.287808e-03,2.595300e+00
4.120865e+00,7.139425e+01,1.515791e-03,3.313400e+00
4.437012e+00,7.698014e+01,1.754812e-03,4.082400e+00
4.720782e+00,8.151219e+01,1.995983e-03,4.866900e+00
4.969476e+00,8.515883e+01,2.228639e-03,5.568800e+00
5.179551e+00,8.803015e+01,2.441082e-03,6.154300e+00
5.347395e+00,9.020024e+01,2.621542e-03,6.606500e+00
5.469808e+00,9.171887e+01,2.759277e-03,6.981800e+00
5.544304e+00,9.261809e+01,2.845659e-03,7.202500e+00
5.569315e+00,9.291590e+01,2.875099e-03,7.255400e+00
5.544304e+00,9.261809e+01,2.845659e-03,7.202500e+00
5.469808e+00,9.171887e+01,2.759277e-03,6.981800e+00
5.347395e+00,9.020024e+01,2.621542e-03,6.606500e+00
5.179551e+00,8.803015e+01,2.441082e-03,6.154300e+00
4.969476e+00,8.515883e+01,2.228639e-03,5.568800e+00
4.720782e+00,8.151219e+01,1.995983e-03,4.866900e+00
4.437012e+00,7.698014e+01,1.754812e-03,4.082400e+00
4.120865e+00,7.139425e+01,1.515791e-03,3.313400e+00
3.772671e+00,6.448123e+01,1.287808e-03,2.595300e+00
3.386655e+00,5.574954e+01,1.077479e-03,1.953700e+00
2.937785e+00,4.413261e+01,8.884602e-04,1.330600e+00
2.270737e+00,2.601645e+01,6.959690e-04,7.031000e-01
2.651370e+00,2.989955e+01,6.896768e-04,7.729000e-01
3.430244e+00,5.071963e+01,8.804370e-04,1.485600e+00
3.954359e+00,6.407046e+01,1.067750e-03,2.163800e+00
4.405084e+00,7.410539e+01,1.276180e-03,2.906700e+00
4.811646e+00,8.205022e+01,1.502106e-03,3.710100e+00
5.180790e+00,8.846983e+01,1.738970e-03,4.463000e+00
5.512129e+00,9.367832e+01,1.977964e-03,5.176400e+00
5.802513e+00,9.786924e+01,2.208521e-03,5.792400e+00
6.047803e+00,1.011691e+02,2.419047e-03,6.324400e+00
6.243785e+00,1.036631e+02,2.597878e-03,6.800700e+00
6.386718e+00,1.054084e+02,2.734370e-03,7.091100e+00
6.473702e+00,1.064418e+02,2.819974e-03,7.293100e+00
6.502905e+00,1.067841e+02,2.849148e-03,7.400600e+00
6.473702e+00,1.064418e+02,2.819974e-03,7.293100e+00
6.386718e+00,1.054084e+02,2.734370e-03,7.091100e+00
6.243785e+00,1.036631e+02,2.597878e-03,6.800700e+00
6.047803e+00,1.011691e+02,2.419047e-03,6.324400e+00
5.802513e+00,9.786924e+01,2.208521e-03,5.792400e+00
5.512129e+00,9.367832e+01,1.977964e-03,5.176400e+00
5.180790e+00,8.846983e+01,1.738970e-03,4.463000e+00
4.811646e+00,8.205022e+01,1.502106e-03,3.710100e+00
4.405084e+00,7.410539e+01,1.276180e-03,2.906700e+00
3.954359e+00,6.407046e+01,1.067750e-03,2.163800e+00
3.430244e+00,5.071963e+01,8.804370e-04,1.485600e+00
2.651370e+00,2.989955e+01,6.896768e-04,7.729000e-01
3.024014e+00,3.409228e+01,6.851214e-04,8.433000e-01
3.912363e+00,5.783192e+01,8.746251e-04,1.640900e+00
4.510141e+00,7.305490e+01,1.060702e-03,2.402400e+00
5.024216e+00,8.449700e+01,1.267757e-03,3.213500e+00
5.487920e+00,9.355591e+01,1.492191e-03,3.966500e+00
5.908948e+00,1.008757e+02,1.727492e-03,4.661700e+00
6.286857e+00,1.068146e+02,1.964909e-03,5.333500e+00
6.618055e+00,1.115932e+02,2.193945e-03,5.951800e+00
6.897821e+00,1.153558e+02,2.403081e-03,6.440800e+00
7.121347e+00,1.181995e+02,2.580733e-03,6.872900e+00
7.284370e+00,1.201896e+02,2.716324e-03,7.184700e+00
7.383580e+00,1.213679e+02,2.801363e-03,7.364600e+00
7.416888e+00,1.217582e+02,2.830344e-03,7.460500e+00
7.383580e+00,1.213679e+02,2.801363e-03,7.364600e+00
7.284370e+00,1.201896e+02,2.716324e-03,7.184700e+00
7.121347e+00,1.181995e+02,2.580733e-03,6.872900e+00
6.897821e+00,1.153558e+02,2.403081e-03,6.440800e+00
6.618055e+00,1.115932e+02,2.193945e-03,5.951800e+00
6.286857e+00,1.068146e+02,1.964909e-03,5.333500e+00
5.908948e+00,1.008757e+02,1.727492e-03,4.661700e+00
5.487920e+00,9.355591e+01,1.492191e-03,3.966500e+00
5.024216e+00,8.449700e+01,1.267757e-03,3.213500e+00
4.510141e+00,7.305490e+01,1.060702e-03,2.402400e+00
3.912363e+00,5.783192e+01,8.746251e-04,1.640900e+00
3.024014e+00,3.409228e+01,6.851214e-04,8.433000e-01
3.396389e+00,3.864687e+01,6.811527e-04,9.320000e-01
4.394130e+00,6.555802e+01,8.695601e-04,1.818100e+00
5.065519e+00,8.281471e+01,1.054560e-03,2.652600e+00
5.642898e+00,9.578544e+01,1.260415e-03,3.385400e+00
6.163703e+00,1.060546e+02,1.483550e-03,4.099300e+00
6.636576e+00,1.143523e+02,1.717489e-03,4.783400e+00
7.061021e+00,1.210846e+02,1.953531e-03,5.439200e+00
7.433002e+00,1.265016e+02,2.181241e-03,6.038500e+00
7.747219e+00,1.307669e+02,2.389166e-03,6.578600e+00
7.998270e+00,1.339905e+02,2.565789e-03,7.031600e+00
8.181368e+00,1.362464e+02,2.700596e-03,7.362500e+00
8.292795e+00,1.375821e+02,2.785142e-03,7.604000e+00
8.330204e+00,1.380245e+02,2.813956e-03,7.654200e+00
8.292795e+00,1.375821e+02,2.785142e-03,7.604000e+00
8.181368e+00,1.362464e+02,2.700596e-03,7.362500e+00
7.998270e+00,1.339905e+02,2.565789e-03,7.031600e+00
7.747219e+00,1.307669e+02,2.389166e-03,6.578600e+00
7.433002e+00,1.265016e+02,2.181241e-03,6.038500e+00
7.061021e+00,1.210846e+02,1.953531e-03,5.439200e+00
6.636576e+00,1.143523e+02,1.717489e-03,4.783400e+00
6.163703e+00,1.060546e+02,1.483550e-03,4.099300e+00
5.642898e+00,9.578544e+01,1.260415e-03,3.385400e+00
5.065519e+00,8.281471e+01,1.054560e-03,2.652600e+00
4.394130e+00,6.555802e+01,8.695601e-04,1.818100e+00
3.396389e+00,3.864687e+01,6.811527e-04,9.320000e-01
3.774438e+00,4.364916e+01,6.773105e-04,1.019500e+00
4.883239e+00,7.404358e+01,8.646560e-04,1.992600e+00
5.629360e+00,9.353391e+01,1.048612e-03,2.787500e+00
6.271006e+00,1.081835e+02,1.253307e-03,3.506600e+00
6.849782e+00,1.197818e+02,1.475184e-03,4.230400e+00
7.375291e+00,1.291536e+02,1.707803e-03,4.888200e+00
7.846981e+00,1.367573e+02,1.942514e-03,5.583900e+00
8.260368e+00,1.428754e+02,2.168940e-03,6.221200e+00
8.609559e+00,1.476928e+02,2.375693e-03,6.782600e+00
8.888555e+00,1.513336e+02,2.551320e-03,7.205400e+00
9.092034e+00,1.538815e+02,2.685366e-03,7.554200e+00
9.215864e+00,1.553902e+02,2.769436e-03,7.733300e+00
9.257437e+00,1.558898e+02,2.798087e-03,7.823000e+00
9.215864e+00,1.553902e+02,2.769436e-03,7.733300e+00
9.092034e+00,1.538815e+02,2.685366e-03,7.554200e+00
8.888555e+00,1.513336e+02,2.551320e-03,7.205400e+00
8.609559e+00,1.476928e+02,2.375693e-03,6.782600e+00
8.260368e+00,1.428754e+02,2.168940e-03,6.221200e+00
7.846981e+00,1.367573e+02,1.942514e-03,5.583900e+00
7.375291e+00,1.291536e+02,1.707803e-03,4.888200e+00
6.849782e+00,1.197818e+02,1.475184e-03,4.230400e+00
6.271006e+00,1.081835e+02,1.253307e-03,3.506600e+00
5.629360e+00,9.353391e+01,1.048612e-03,2.787500e+00
4.883239e+00,7.404358e+01,8.646560e-04,1.992600e+00
3.774438e+00,4.364916e+01,6.773105e-04,1.019500e+00
4.162918e+00,4.919994e+01,6.733123e-04,1.105500e+00
5.385842e+00,8.345956e+01,8.595524e-04,2.111800e+00
6.208757e+00,1.054284e+02,1.042423e-03,2.883000e+00
6.916444e+00,1.219410e+02,1.245909e-03,3.625200e+00
7.554790e+00,1.350143e+02,1.466477e-03,4.318800e+00
8.134386e+00,1.455778e+02,1.697723e-03,5.078100e+00
8.654624e+00,1.541484e+02,1.931049e-03,5.756100e+00
9.110559e+00,1.610446e+02,2.156138e-03,6.382700e+00
9.495690e+00,1.664746e+02,2.361671e-03,6.897800e+00
9.803402e+00,1.705785e+02,2.536261e-03,7.355200e+00
1.002782e+01,1.734503e+02,2.669516e-03,7.633700e+00
1.016440e+01,1.751509e+02,2.753090e-03,7.854600e+00
1.021025e+01,1.757141e+02,2.781572e-03,7.941900e+00
1.016440e+01,1.751509e+02,2.753090e-03,7.854600e+00
1.002782e+01,1.734503e+02,2.669516e-03,7.633700e+00
9.803402e+00,1.705785e+02,2.536261e-03,7.355200e+00
9.495690e+00,1.664746e+02,2.361671e-03,6.897800e+00
9.110559e+00,1.610446e+02,2.156138e-03,6.382700e+00
8.654624e+00,1.541484e+02,1.931049e-03,5.756100e+00
8.134386e+00,1.455778e+02,1.697723e-03,5.078100e+00
7.554790e+00,1.350143e+02,1.466477e-03,4.318800e+00
6.916444e+00,1.219410e+02,1.245909e-03,3.625200e+00
6.208757e+00,1.054284e+02,1.042423e-03,2.883000e+00
5.385842e+00,8.345956e+01,8.595524e-04,2.111800e+00
4.162918e+00,4.919994e+01,6.733123e-04,1.105500e+00
4.566046e+00,5.541140e+01,6.690456e-04,1.207800e+00
5.907396e+00,9.399627e+01,8.541058e-04,2.223800e+00
6.810000e+00,1.187387e+02,1.035817e-03,3.003500e+00
7.586218e+00,1.373360e+02,1.238015e-03,3.711700e+00
8.286381e+00,1.520597e+02,1.457184e-03,4.493500e+00
8.922103e+00,1.639569e+02,1.686965e-03,5.231700e+00
9.492721e+00,1.736095e+02,1.918813e-03,5.915200e+00
9.992807e+00,1.813764e+02,2.142476e-03,6.481700e+00
1.041523e+01,1.874919e+02,2.346706e-03,7.033600e+00
1.075274e+01,1.921139e+02,2.520190e-03,7.493100e+00
1.099890e+01,1.953483e+02,2.652601e-03,7.811300e+00
1.114870e+01,1.972636e+02,2.735645e-03,8.012200e+00
1.119899e+01,1.978978e+02,2.763947e-03,8.091900e+00
1.114870e+01,1.972636e+02,2.735645e-03,8.012200e+00
1.099890e+01,1.953483e+02,2.652601e-03,7.811300e+00
1.075274e+01,1.921139e+02,2.520190e-03,7.493100e+00
1.041523e+01,1.874919e+02,2.346706e-03,7.033600e+00
9.992807e+00,1.813764e+02,2.142476e-03,6.481700e+00
9.492721e+00,1.736095e+02,1.918813e-03,5.915200e+00
8.922103e+00,1.639569e+02,1.686965e-03,5.231700e+00
8.286381e+00,1.520597e+02,1.457184e-03,4.493500e+00
7.586218e+00,1.373360e+02,1.238015e-03,3.711700e+00
6.810000e+00,1.187387e+02,1.035817e-03,3.003500e+00
5.907396e+00,9.399627e+01,8.541058e-04,2.223800e+00
4.566046e+00,5.541140e+01,6.690456e-04,1.207800e+00
4.987457e+00,6.240759e+01,6.643673e-04,1.325700e+00
6.452604e+00,1.058642e+02,8.481336e-04,2.321500e+00
7.438513e+00,1.337305e+02,1.028575e-03,3.088000e+00
8.286370e+00,1.546759e+02,1.229358e-03,3.886600e+00
9.051152e+00,1.712587e+02,1.446995e-03,4.639400e+00
9.745547e+00,1.846579e+02,1.675170e-03,5.364000e+00
1.036883e+01,1.955293e+02,1.905396e-03,6.049200e+00
1.091507e+01,2.042768e+02,2.127495e-03,6.656900e+00
1.137648e+01,2.111644e+02,2.330297e-03,7.189700e+00
1.174514e+01,2.163700e+02,2.502569e-03,7.601600e+00
1.201402e+01,2.200128e+02,2.634054e-03,7.913600e+00
1.217764e+01,2.221699e+02,2.716517e-03,8.089200e+00
1.223257e+01,2.228842e+02,2.744621e-03,8.158600e+00
1.217764e+01,2.221699e+02,2.716517e-03,8.089200e+00
1.201402e+01,2.200128e+02,2.634054e-03,7.913600e+00
1.174514e+01,2.163700e+02,2.502569e-03,7.601600e+00
1.137648e+01,2.111644e+02,2.330297e-03,7.189700e+00
1.091507e+01,2.042768e+02,2.127495e-03,6.656900e+00
1.036883e+01,1.955293e+02,1.905396e-03,6.049200e+00
9.745547e+00,1.846579e+02,1.675170e-03,5.364000e+00
9.051152e+00,1.712587e+02,1.446995e-03,4.639400e+00
8.286370e+00,1.546759e+02,1.229358e-03,3.886600e+00
7.438513e+00,1.337305e+02,1.028575e-03,3.088000e+00
6.452604e+00,1.058642e+02,8.481336e-04,2.321500e+00
4.987457e+00,6.240759e+01,6.643673e-04,1.325700e+00
5.430537e+00,7.032539e+01,6.591858e-04,1.401900e+00
7.025847e+00,1.192954e+02,8.415190e-04,2.398900e+00
8.099342e+00,1.506973e+02,1.020553e-03,3.225200e+00
9.022522e+00,1.743000e+02,1.219770e-03,4.012900e+00
9.855246e+00,1.929867e+02,1.435710e-03,4.761200e+00
1.061133e+01,2.080860e+02,1.662105e-03,5.498900e+00
1.128998e+01,2.203366e+02,1.890536e-03,6.174400e+00
1.188475e+01,2.301939e+02,2.110903e-03,6.767500e+00
1.238716e+01,2.379554e+02,2.312124e-03,7.259000e+00
1.278857e+01,2.438214e+02,2.483051e-03,7.711500e+00
1.308133e+01,2.479264e+02,2.613511e-03,8.057900e+00
1.325949e+01,2.503571e+02,2.695331e-03,8.258200e+00
1.331930e+01,2.511621e+02,2.723215e-03,8.335100e+00
1.325949e+01,2.503571e+02,2.695331e-03,8.258200e+00
1.308133e+01,2.479264e+02,2.613511e-03,8.057900e+00
1.278857e+01,2.438214e+02,2.483051e-03,7.711500e+00
1.238716e+01,2.379554e+02,2.312124e-03,7.259000e+00
1.188475e+01,2.301939e+02,2.110903e-03,6.767500e+00
1.128998e+01,2.203366e+02,1.890536e-03,6.174400e+00
1.061133e+01,2.080860e+02,1.662105e-03,5.498900e+00
9.855246e+00,1.929867e+02,1.435710e-03,4.761200e+00
9.022522e+00,1.743000e+02,1.219770e-03,4.012900e+00
8.099342e+00,1.506973e+02,1.020553e-03,3.225200e+00
7.025847e+00,1.192954e+02,8.415190e-04,2.398900e+00
5.430537e+00,7.032539e+01,6.591858e-04,1.401900e+00
5.898371e+00,7.931558e+01,6.533985e-04,1.473500e+00
7.631115e+00,1.345458e+02,8.341310e-04,2.494300e+00
8.797090e+00,1.699620e+02,1.011593e-03,3.350600e+00
9.799801e+00,1.965820e+02,1.209062e-03,4.138200e+00
1.070426e+01,2.176575e+02,1.423105e-03,4.912200e+00
1.152548e+01,2.346870e+02,1.647513e-03,5.636000e+00
1.226260e+01,2.485038e+02,1.873938e-03,6.274300e+00
1.290861e+01,2.596212e+02,2.092370e-03,6.898200e+00
1.345430e+01,2.683749e+02,2.291825e-03,7.454600e+00
1.389029e+01,2.749908e+02,2.461251e-03,7.922500e+00
1.420827e+01,2.796206e+02,2.590566e-03,8.264600e+00
1.440178e+01,2.823620e+02,2.671667e-03,8.446000e+00
1.446674e+01,2.832699e+02,2.699307e-03,8.515600e+00
1.440178e+01,2.823620e+02,2.671667e-03,8.446000e+00
1.420827e+01,2.796206e+02,2.590566e-03,8.264600e+00
1.389029e+01,2.749908e+02,2.461251e-03,7.922500e+00
1.345430e+01,2.683749e+02,2.291825e-03,7.454600e+00
1.290861e+01,2.596212e+02,2.092370e-03,6.898200e+00
1.226260e+01,2.485038e+02,1.873938e-03,6.274300e+00
1.152548e+01,2.346870e+02,1.647513e-03,5.636000e+00
1.070426e+01,2.176575e+02,1.423105e-03,4.912200e+00
9.799801e+00,1.965820e+02,1.209062e-03,4.138200e+00
8.797090e+00,1.699620e+02,1.011593e-03,3.350600e+00
7.631115e+00,1.345458e+02,8.341310e-04,2.494300e+00
5.898371e+00,7.931558e+01,6.533985e-04,1.473500e+00
6.394850e+00,8.954396e+01,6.472147e-04,1.554300e+00
8.273442e+00,1.518965e+02,8.262368e-04,2.607400e+00
9.537560e+00,1.918799e+02,1.002019e-03,3.462600e+00
1.062467e+01,2.219328e+02,1.197619e-03,4.263100e+00
1.160526e+01,2.457262e+02,1.409637e-03,5.029400e+00
1.249561e+01,2.649518e+02,1.631921e-03,5.695500e+00
1.329477e+01,2.805503e+02,1.856203e-03,6.445300e+00
1.399515e+01,2.931014e+02,2.072568e-03,7.086200e+00
1.458677e+01,3.029840e+02,2.270135e-03,7.633500e+00
1.505946e+01,3.104530e+02,2.437958e-03,8.063700e+00
1.540421e+01,3.156799e+02,2.566049e-03,8.470500e+00
1.561401e+01,3.187749e+02,2.646383e-03,8.706500e+00
1.568444e+01,3.197999e+02,2.673761e-03,8.786400e+00
1.561401e+01,3.187749e+02,2.646383e-03,8.706500e+00
1.540421e+01,3.156799e+02,2.566049e-03,8.470500e+00
1.505946e+01,3.104530e+02,2.437958e-03,8.063700e+00
1.458677e+01,3.029840e+02,2.270135e-03,7.633500e+00
1.399515e+01,2.931014e+02,2.072568e-03,7.086200e+00
1.329477e+01,2.805503e+02,1.856203e-03,6.445300e+00
1.249561e+01,2.649518e+02,1.631921e-03,5.695500e+00
1.160526e+01,2.457262e+02,1.409637e-03,5.029400e+00
1.062467e+01,2.219328e+02,1.197619e-03,4.263100e+00
9.537560e+00,1.918799e+02,1.002019e-03,3.462600e+00
8.273442e+00,1.518965e+02,8.262368e-04,2.607400e+00
6.394850e+00,8.954396e+01,6.472147e-04,1.554300e+00
6.922769e+00,1.011975e+02,6.404558e-04,1.608300e+00
8.956446e+00,1.716649e+02,8.176082e-04,2.718600e+00
1.032492e+01,2.168519e+02,9.915549e-04,3.569700e+00
1.150178e+01,2.508160e+02,1.185112e-03,4.380400e+00
1.256332e+01,2.777059e+02,1.394916e-03,5.102000e+00
1.352717e+01,2.994336e+02,1.614878e-03,5.885000e+00
1.439230e+01,3.170622e+02,1.836818e-03,6.604300e+00
1.515051e+01,3.312467e+02,2.050924e-03,7.241700e+00
1.579097e+01,3.424155e+02,2.246427e-03,7.885300e+00
1.630268e+01,3.508566e+02,2.412498e-03,8.420100e+00
1.667588e+01,3.567637e+02,2.539251e-03,8.806300e+00
1.690300e+01,3.602614e+02,2.618746e-03,9.029700e+00
1.697925e+01,3.614198e+02,2.645838e-03,9.104900e+00
1.690300e+01,3.602614e+02,2.618746e-03,9.029700e+00
1.667588e+01,3.567637e+02,2.539251e-03,8.806300e+00
1.630268e+01,3.508566e+02,2.412498e-03,8.420100e+00
1.579097e+01,3.424155e+02,2.246427e-03,7.885300e+00
1.515051e+01,3.312467e+02,2.050924e-03,7.241700e+00
1.439230e+01,3.170622e+02,1.836818e-03,6.604300e+00
1.352717e+01,2.994336e+02,1.614878e-03,5.885000e+00
1.256332e+01,2.777059e+02,1.394916e-03,5.102000e+00
1.150178e+01,2.508160e+02,1.185112e-03,4.380400e+00
1.032492e+01,2.168519e+02,9.915549e-04,3.569700e+00
8.956446e+00,1.716649e+02,8.176082e-04,2.718600e+00
6.922769e+00,1.011975e+02,6.404558e-04,1.608300e+00
7.483683e+00,1.144756e+02,6.327377e-04,1.659300e+00
9.682138e+00,1.941890e+02,8.077552e-04,2.800600e+00
1.116149e+01,2.453049e+02,9.796057e-04,3.677500e+00
1.243370e+01,2.837254e+02,1.170830e-03,4.447200e+00
1.358126e+01,3.141436e+02,1.378106e-03,5.273200e+00
1.462320e+01,3.387222e+02,1.595417e-03,6.041800e+00
1.555844e+01,3.586638e+02,1.814683e-03,6.813700e+00
1.637807e+01,3.747095e+02,2.026208e-03,7.560300e+00
1.707042e+01,3.873437e+02,2.219356e-03,8.186200e+00
1.762360e+01,3.968923e+02,2.383425e-03,8.698800e+00
1.802704e+01,4.035744e+02,2.508650e-03,9.056400e+00
1.827256e+01,4.075312e+02,2.587188e-03,9.268500e+00
1.835499e+01,4.088415e+02,2.613953e-03,9.333000e+00
1.827256e+01,4.075312e+02,2.587188e-03,9.268500e+00
1.802704e+01,4.035744e+02,2.508650e-03,9.056400e+00
1.762360e+01,3.968923e+02,2.383425e-03,8.698800e+00
1.707042e+01,3.873437e+02,2.219356e-03,8.186200e+00
1.637807e+01,3.747095e+02,2.026208e-03,7.560300e+00
1.555844e+01,3.586638e+02,1.814683e-03,6.813700e+00
1.462320e+01,3.387222e+02,1.595417e-03,6.041800e+00
1.358126e+01,3.141436e+02,1.378106e-03,5.273200e+00
1.243370e+01,2.837254e+02,1.170830e-03,4.447200e+00
1.116149e+01,2.453049e+02,9.796057e-04,3.677500e+00
9.682138e+00,1.941890e+02,8.077552e-04,2.800600e+00
7.483683e+00,1.144756e+02,6.327377e-04,1.659300e+00
8.079242e+00,1.295896e+02,6.238692e-04,1.752200e+00
1.045265e+01,2.198274e+02,7.964337e-04,2.896700e+00
1.204974e+01,2.776921e+02,9.658755e-04,3.761100e+00
1.342319e+01,3.211852e+02,1.154420e-03,4.592500e+00
1.466207e+01,3.556194e+02,1.358790e-03,5.408200e+00
1.578693e+01,3.834431e+02,1.573056e-03,6.244400e+00
1.679659e+01,4.060175e+02,1.789248e-03,7.077500e+00
1.768145e+01,4.241817e+02,1.997808e-03,7.797500e+00
1.842890e+01,4.384839e+02,2.188249e-03,8.369800e+00
1.902610e+01,4.492933e+02,2.350019e-03,8.822200e+00
1.946165e+01,4.568577e+02,2.473489e-03,9.147900e+00
1.972671e+01,4.613368e+02,2.550925e-03,9.328600e+00
1.981569e+01,4.628202e+02,2.577316e-03,9.400400e+00
1.972671e+01,4.613368e+02,2.550925e-03,9.328600e+00
1.946165e+01,4.568577e+02,2.473489e-03,9.147900e+00
1.902610e+01,4.492933e+02,2.350019e-03,8.822200e+00
1.842890e+01,4.384839e+02,2.188249e-03,8.369800e+00
1.768145e+01,4.241817e+02,1.997808e-03,7.797500e+00
1.679659e+01,4.060175e+02,1.789248e-03,7.077500e+00
1.578693e+01,3.834431e+02,1.573056e-03,6.244400e+00
1.466207e+01,3.556194e+02,1.358790e-03,5.408200e+00
1.342319e+01,3.211852e+02,1.154420e-03,4.592500e+00
1.204974e+01,2.776921e+02,9.658755e-04,3.761100e+00
1.045265e+01,2.198274e+02,7.964337e-04,2.896700e+00
8.079242e+00,1.295896e+02,6.238692e-04,1.752200e+00
8.712401e+00,1.467628e+02,6.140522e-04,1.825000e+00
1.127181e+01,2.489588e+02,7.839011e-04,2.982600e+00
1.299406e+01,3.144917e+02,9.506766e-04,3.844100e+00
1.447515e+01,3.637485e+02,1.136254e-03,4.717200e+00
1.581111e+01,4.027459e+02,1.337408e-03,5.600300e+00
1.702413e+01,4.342567e+02,1.548302e-03,6.483800e+00
1.811291e+01,4.598227e+02,1.761093e-03,7.268600e+00
1.906712e+01,4.803940e+02,1.966371e-03,7.907200e+00
1.987315e+01,4.965916e+02,2.153815e-03,8.438800e+00
2.051715e+01,5.088333e+02,2.313039e-03,8.926200e+00
2.098683e+01,5.174002e+02,2.434566e-03,9.289000e+00
2.127266e+01,5.224728e+02,2.510784e-03,9.512400e+00
2.136862e+01,5.241528e+02,2.536759e-03,9.592700e+00
2.127266e+01,5.224728e+02,2.510784e-03,9.512400e+00
2.098683e+01,5.174002e+02,2.434566e-03,9.289000e+00
2.051715e+01,5.088333e+02,2.313039e-03,8.926200e+00
1.987315e+01,4.965916e+02,2.153815e-03,8.438800e+00
1.906712e+01,4.803940e+02,1.966371e-03,7.907200e+00
1.811291e+01,4.598227e+02,1.761093e-03,7.268600e+00
1.702413e+01,4.342567e+02,1.548302e-03,6.483800e+00
1.581111e+01,4.027459e+02,1.337408e-03,5.600300e+00
1.447515e+01,3.637485e+02,1.136254e-03,4.717200e+00
1.299406e+01,3.144917e+02,9.506766e-04,3.844100e+00
1.127181e+01,2.489588e+02,7.839011e-04,2.982600e+00
8.712401e+00,1.467628e+02,6.140522e-04,1.825000e+00
9.384827e+00,1.662436e+02,6.031599e-04,1.882900e+00
1.214177e+01,2.820048e+02,7.699958e-04,3.037200e+00
1.399694e+01,3.562363e+02,9.338129e-04,3.962400e+00
1.559234e+01,4.120313e+02,1.116098e-03,4.860100e+00
1.703142e+01,4.562051e+02,1.313685e-03,5.801300e+00
1.833805e+01,4.918986e+02,1.520838e-03,6.636300e+00
1.951087e+01,5.208582e+02,1.729853e-03,7.336700e+00
2.053873e+01,5.441600e+02,1.931490e-03,7.994500e+00
2.140696e+01,5.625076e+02,2.115609e-03,8.617800e+00
2.210066e+01,5.763743e+02,2.272009e-03,9.087600e+00
2.260660e+01,5.860783e+02,2.391380e-03,9.445200e+00
2.291449e+01,5.918243e+02,2.466246e-03,9.683500e+00
2.301786e+01,5.937272e+02,2.491761e-03,9.763100e+00
2.291449e+01,5.918243e+02,2.466246e-03,9.683500e+00
2.260660e+01,5.860783e+02,2.391380e-03,9.445200e+00
2.210066e+01,5.763743e+02,2.272009e-03,9.087600e+00
2.140696e+01,5.625076e+02,2.115609e-03,8.617800e+00
2.053873e+01,5.441600e+02,1.931490e-03,7.994500e+00
1.951087e+01,5.208582e+02,1.729853e-03,7.336700e+00
1.833805e+01,4.918986e+02,1.520838e-03,6.636300e+00
1.703142e+01,4.562051e+02,1.313685e-03,5.801300e+00
1.559234e+01,4.120313e+02,1.116098e-03,4.860100e+00
1.399694e+01,3.562363e+02,9.338129e-04,3.962400e+00
1.214177e+01,2.820048e+02,7.699958e-04,3.037200e+00
9.384827e+00,1.662436e+02,6.031599e-04,1.882900e+00
1.009323e+01,1.882731e+02,5.903720e-04,1.931200e+00
1.305827e+01,3.193741e+02,7.536706e-04,3.105800e+00
1.505348e+01,4.034423e+02,9.140146e-04,4.034800e+00
1.676930e+01,4.666308e+02,1.092435e-03,5.040300e+00
1.831701e+01,5.166582e+02,1.285832e-03,5.927900e+00
1.972227e+01,5.570816e+02,1.488593e-03,6.670200e+00
2.098362e+01,5.898787e+02,1.693178e-03,7.440400e+00
2.208906e+01,6.162683e+02,1.890540e-03,8.128800e+00
2.302283e+01,6.370472e+02,2.070755e-03,8.740100e+00
2.376890e+01,6.527514e+02,2.223838e-03,9.248400e+00
2.431302e+01,6.637412e+02,2.340679e-03,9.610900e+00
2.464415e+01,6.702487e+02,2.413958e-03,9.822100e+00
2.475532e+01,6.724038e+02,2.438931e-03,9.892600e+00
2.464415e+01,6.702487e+02,2.413958e-03,9.822100e+00
2.431302e+01,6.637412e+02,2.340679e-03,9.610900e+00
2.376890e+01,6.527514e+02,2.223838e-03,9.248400e+00
2.302283e+01,6.370472e+02,2.070755e-03,8.740100e+00
2.208906e+01,6.162683e+02,1.890540e-03,8.128800e+00
2.098362e+01,5.898787e+02,1.693178e-03,7.440400e+00
1.972227e+01,5.570816e+02,1.488593e-03,6.670200e+00
1.831701e+01,5.166582e+02,1.285832e-03,5.927900e+00
1.676930e+01,4.666308e+02,1.092435e-03,5.040300e+00
1.505348e+01,4.034423e+02,9.140146e-04,4.034800e+00
1.305827e+01,3.193741e+02,7.536706e-04,3.105800e+00
1.009323e+01,1.882731e+02,5.903720e-04,1.931200e+00
1.084126e+01,2.130889e+02,5.763650e-04,1.990000e+00
1.402605e+01,3.614700e+02,7.357890e-04,3.184400e+00
1.616912e+01,4.566190e+02,8.923285e-04,4.195300e+00
1.801211e+01,5.281362e+02,1.066516e-03,5.150400e+00
1.967452e+01,5.847576e+02,1.255325e-03,5.950800e+00
2.118393e+01,6.305091e+02,1.453275e-03,6.777200e+00
2.253876e+01,6.676291e+02,1.653005e-03,7.532500e+00
2.372613e+01,6.974970e+02,1.845684e-03,8.247600e+00
2.472910e+01,7.210147e+02,2.021623e-03,8.849600e+00
2.553046e+01,7.387889e+02,2.171075e-03,9.355900e+00
2.611491e+01,7.512273e+02,2.285143e-03,9.728300e+00
2.647058e+01,7.585924e+02,2.356683e-03,9.962800e+00
2.658999e+01,7.610316e+02,2.381065e-03,1.003380e+01
2.647058e+01,7.585924e+02,2.356683e-03,9.962800e+00
2.611491e+01,7.512273e+02,2.285143e-03,9.728300e+00
2.553046e+01,7.387889e+02,2.171075e-03,9.355900e+00
2.472910e+01,7.210147e+02,2.021623e-03,8.849600e+00
2.372613e+01,6.974970e+02,1.845684e-03,8.247600e+00
2.253876e+01,6.676291e+02,1.653005e-03,7.532500e+00
2.118393e+01,6.305091e+02,1.453275e-03,6.777200e+00
1.967452e+01,5.847576e+02,1.255325e-03,5.950800e+00
1.801211e+01,5.281362e+02,1.066516e-03,5.150400e+00
1.616912e+01,4.566190e+02,8.923285e-04,4.195300e+00
1.402605e+01,3.614700e+02,7.357890e-04,3.184400e+00
1.084126e+01,2.130889e+02,5.763650e-04,1.990000e+00
1.162090e+01,2.409358e+02,5.599741e-04,2.025100e+00
1.503472e+01,4.087076e+02,7.148642e-04,3.231200e+00
1.733191e+01,5.162909e+02,8.669520e-04,4.300600e+00
1.930743e+01,5.971542e+02,1.036186e-03,5.171900e+00
2.108939e+01,6.611750e+02,1.219625e-03,6.012600e+00
2.270735e+01,7.129053e+02,1.411945e-03,6.833400e+00
2.415961e+01,7.548762e+02,1.605996e-03,7.623800e+00
2.543236e+01,7.886474e+02,1.793195e-03,8.322900e+00
2.650747e+01,8.152384e+02,1.964131e-03,8.938700e+00
2.736645e+01,8.353353e+02,2.109333e-03,9.421900e+00
2.799293e+01,8.493992e+02,2.220157e-03,9.799700e+00
2.837418e+01,8.577269e+02,2.289662e-03,1.004050e+01
2.850218e+01,8.604848e+02,2.313350e-03,1.011100e+01
2.837418e+01,8.577269e+02,2.289662e-03,1.004050e+01
2.799293e+01,8.493992e+02,2.220157e-03,9.799700e+00
2.736645e+01,8.353353e+02,2.109333e-03,9.421900e+00
2.650747e+01,8.152384e+02,1.964131e-03,8.938700e+00
2.543236e+01,7.886474e+02,1.793195e-03,8.322900e+00
2.415961e+01,7.548762e+02,1.605996e-03,7.623800e+00
2.270735e+01,7.129053e+02,1.411945e-03,6.833400e+00
2.108939e+01,6.611750e+02,1.219625e-03,6.012600e+00
1.930743e+01,5.971542e+02,1.036186e-03,5.171900e+00
1.733191e+01,5.162909e+02,8.669520e-04,4.300600e+00
1.503472e+01,4.087076e+02,7.148642e-04,3.231200e+00
1.162090e+01,2.409358e+02,5.599741e-04,2.025100e+00
1.243224e+01,2.720047e+02,5.417652e-04,2.031600e+00
1.608441e+01,4.614110e+02,6.916183e-04,3.323700e+00
1.854198e+01,5.828673e+02,8.387605e-04,4.339000e+00
2.065544e+01,6.741580e+02,1.002491e-03,5.183500e+00
2.256181e+01,7.464343e+02,1.179965e-03,6.041000e+00
2.429273e+01,8.048354e+02,1.366032e-03,6.888500e+00
2.584638e+01,8.522185e+02,1.553772e-03,7.662000e+00
2.720799e+01,8.903445e+02,1.734884e-03,8.356700e+00
2.835816e+01,9.203645e+02,1.900261e-03,8.976600e+00
2.927712e+01,9.430529e+02,2.040741e-03,9.478500e+00
2.994734e+01,9.589304e+02,2.147962e-03,9.836100e+00
3.035520e+01,9.683319e+02,2.215207e-03,1.007540e+01
3.049214e+01,9.714455e+02,2.238125e-03,1.015720e+01
3.035520e+01,9.683319e+02,2.215207e-03,1.007540e+01
2.994734e+01,9.589304e+02,2.147962e-03,9.836100e+00
2.927712e+01,9.430529e+02,2.040741e-03,9.478500e+00
2.835816e+01,9.203645e+02,1.900261e-03,8.976600e+00
2.720799e+01,8.903445e+02,1.734884e-03,8.356700e+00
2.584638e+01,8.522185e+02,1.553772e-03,7.662000e+00
2.429273e+01,8.048354e+02,1.366032e-03,6.888500e+00
2.256181e+01,7.464343e+02,1.179965e-03,6.041000e+00
2.065544e+01,6.741580e+02,1.002491e-03,5.183500e+00
1.854198e+01,5.828673e+02,8.387605e-04,4.339000e+00
1.608441e+01,4.614110e+02,6.916183e-04,3.323700e+00
1.243224e+01,2.720047e+02,5.417652e-04,2.031600e+00
1.314879e+01,3.064448e+02,5.075156e-04,2.024500e+00
1.701145e+01,5.198329e+02,6.478950e-04,3.327700e+00
1.961067e+01,6.566674e+02,7.857350e-04,4.244600e+00
2.184594e+01,7.595169e+02,9.391147e-04,5.123400e+00
2.386218e+01,8.409446e+02,1.105369e-03,5.975600e+00
2.569286e+01,9.067401e+02,1.279673e-03,6.784400e+00
2.733606e+01,9.601227e+02,1.455544e-03,7.533300e+00
2.877615e+01,1.003076e+03,1.625207e-03,8.236100e+00
2.999261e+01,1.036897e+03,1.780129e-03,8.820500e+00
3.096453e+01,1.062458e+03,1.911728e-03,9.342600e+00
3.167338e+01,1.080346e+03,2.012170e-03,9.724400e+00
3.210476e+01,1.090938e+03,2.075164e-03,9.956900e+00
3.224958e+01,1.094446e+03,2.096633e-03,1.002960e+01
3.210476e+01,1.090938e+03,2.075164e-03,9.956900e+00
3.167338e+01,1.080346e+03,2.012170e-03,9.724400e+00
3.096453e+01,1.062458e+03,1.911728e-03,9.342600e+00
2.999261e+01,1.036897e+03,1.780129e-03,8.820500e+00
2.877615e+01,1.003076e+03,1.625207e-03,8.236100e+00
2.733606e+01,9.601227e+02,1.455544e-03,7.533300e+00
2.569286e+01,9.067401e+02,1.279673e-03,6.784400e+00
2.386218e+01,8.409446e+02,1.105369e-03,5.975600e+00
2.184594e+01,7.595169e+02,9.391147e-04,5.123400e+00
1.961067e+01,6.566674e+02,7.857350e-04,4.244600e+00
1.701145e+01,5.198329e+02,6.478950e-04,3.327700e+00
1.314879e+01,3.064448e+02,5.075156e-04,2.024500e+00
1.095983e+01,3.101956e+02,2.613194e-04,1.287500e+00
1.417945e+01,5.261955e+02,3.336007e-04,2.070400e+00
1.634596e+01,6.647049e+02,4.045744e-04,2.733900e+00
1.820911e+01,7.688132e+02,4.835496e-04,3.354000e+00
1.988970e+01,8.512376e+02,5.691538e-04,3.864700e+00
2.141562e+01,9.178384e+02,6.589027e-04,4.418900e+00
2.278526e+01,9.718744e+02,7.494587e-04,4.920100e+00
2.398561e+01,1.015353e+03,8.368180e-04,5.388900e+00
2.499956e+01,1.049588e+03,9.165873e-04,5.779200e+00
2.580968e+01,1.075462e+03,9.843474e-04,6.116900e+00
2.640052e+01,1.093569e+03,1.036065e-03,6.367600e+00
2.676008e+01,1.104291e+03,1.068501e-03,6.512200e+00
2.688080e+01,1.107841e+03,1.079555e-03,6.563900e+00
2.676008e+01,1.104291e+03,1.068501e-03,6.512200e+00
2.640052e+01,1.093569e+03,1.036065e-03,6.367600e+00
2.580968e+01,1.075462e+03,9.843474e-04,6.116900e+00
2.499956e+01,1.049588e+03,9.165873e-04,5.779200e+00
2.398561e+01,1.015353e+03,8.368180e-04,5.388900e+00
2.278526e+01,9.718744e+02,7.494587e-04,4.920100e+00
2.141562e+01,9.178384e+02,6.589027e-04,4.418900e+00
1.988970e+01,8.512376e+02,5.691538e-04,3.864700e+00
1.820911e+01,7.688132e+02,4.835496e-04,3.354000e+00
1.634596e+01,6.647049e+02,4.045744e-04,2.733900e+00
1.417945e+01,5.261955e+02,3.336007e-04,2.070400e+00
1.095983e+01,3.101956e+02,2.613194e-04,1.287500e+00
8.764541e+00,2.873405e+02,1.311375e-04,7.416000e-01
1.133927e+01,4.874256e+02,1.674105e-04,1.227100e+00
1.307182e+01,6.157296e+02,2.030272e-04,1.592900e+00
1.456177e+01,7.121672e+02,2.426593e-04,1.952500e+00
1.590573e+01,7.885186e+02,2.856180e-04,2.331700e+00
1.712601e+01,8.502123e+02,3.306566e-04,2.706300e+00
1.822131e+01,9.002669e+02,3.761003e-04,3.033600e+00
1.918123e+01,9.405424e+02,4.199397e-04,3.308300e+00
1.999208e+01,9.722550e+02,4.599703e-04,3.524300e+00
2.063993e+01,9.962226e+02,4.939743e-04,3.742400e+00
2.111242e+01,1.012995e+03,5.199278e-04,3.901800e+00
2.139996e+01,1.022927e+03,5.362049e-04,3.997800e+00
2.149650e+01,1.026216e+03,5.417522e-04,4.029000e+00
2.139996e+01,1.022927e+03,5.362049e-04,3.997800e+00
2.111242e+01,1.012995e+03,5.199278e-04,3.901800e+00
2.063993e+01,9.962226e+02,4.939743e-04,3.742400e+00
1.999208e+01,9.722550e+02,4.599703e-04,3.524300e+00
1.918123e+01,9.405424e+02,4.199397e-04,3.308300e+00
1.822131e+01,9.002669e+02,3.761003e-04,3.033600e+00
1.712601e+01,8.502123e+02,3.306566e-04,2.706300e+00
1.590573e+01,7.885186e+02,2.856180e-04,2.331700e+00
1.456177e+01,7.121672e+02,2.426593e-04,1.952500e+00
1.307182e+01,6.157296e+02,2.030272e-04,1.592900e+00
1.133927e+01,4.874256e+02,1.674105e-04,1.227100e+00
8.764541e+00,2.873405e+02,1.311375e-04,7.416000e-01
5.483068e+00,2.665997e+02,3.170923e-05,2.377000e-01
7.093810e+00,4.522423e+02,4.048011e-05,4.174000e-01
8.177689e+00,5.712851e+02,4.909229e-05,5.657000e-01
9.109799e+00,6.607618e+02,5.867538e-05,7.107000e-01
9.950579e+00,7.316019e+02,6.906286e-05,8.457000e-01
1.071398e+01,7.888425e+02,7.995327e-05,9.835000e-01
1.139919e+01,8.352841e+02,9.094162e-05,1.108500e+00
1.199972e+01,8.726524e+02,1.015421e-04,1.217800e+00
1.250698e+01,9.020759e+02,1.112215e-04,1.306500e+00
1.291228e+01,9.243135e+02,1.194438e-04,1.395100e+00
1.320787e+01,9.398755e+02,1.257193e-04,1.460900e+00
1.338775e+01,9.490901e+02,1.296552e-04,1.500400e+00
1.344814e+01,9.521419e+02,1.309965e-04,1.513800e+00
1.338775e+01,9.490901e+02,1.296552e-04,1.500400e+00
1.320787e+01,9.398755e+02,1.257193e-04,1.460900e+00
1.291228e+01,9.243135e+02,1.194438e-04,1.395100e+00
1.250698e+01,9.020759e+02,1.112215e-04,1.306500e+00
1.199972e+01,8.726524e+02,1.015421e-04,1.217800e+00
1.139919e+01,8.352841e+02,9.094162e-05,1.108500e+00
1.071398e+01,7.888425e+02,7.995327e-05,9.835000e-01
9.950579e+00,7.316019e+02,6.906286e-05,8.457000e-01
9.109799e+00,6.607618e+02,5.867538e-05,7.107000e-01
8.177689e+00,5.712851e+02,4.909229e-05,5.657000e-01
7.093810e+00,4.522423e+02,4.048011e-05,4.174000e-01
5.483068e+00,2.665997e+02,3.170923e-05,2.377000e-01
4.669468e-01,2.570460e+02,1.949514e-08,4.700000e-03
6.041202e-01,4.360360e+02,2.488757e-08,4.900000e-03
6.964251e-01,5.508128e+02,3.018242e-08,4.700000e-03
7.758051e-01,6.370830e+02,3.607420e-08,4.400000e-03
8.474072e-01,7.053845e+02,4.246053e-08,4.300000e-03
9.124194e-01,7.605739e+02,4.915606e-08,5.600000e-03
9.707737e-01,8.053512e+02,5.591181e-08,6.500000e-03
1.021915e+00,8.413804e+02,6.242906e-08,7.200000e-03
1.065115e+00,8.697495e+02,6.838009e-08,7.700000e-03
1.099630e+00,8.911902e+02,7.343520e-08,8.200000e-03
1.124803e+00,9.061945e+02,7.729349e-08,8.500000e-03
1.140122e+00,9.150789e+02,7.971328e-08,8.600000e-03
1.145266e+00,9.180213e+02,8.053796e-08,8.700000e-03
1.140122e+00,9.150789e+02,7.971328e-08,8.600000e-03
1.124803e+00,9.061945e+02,7.729349e-08,8.500000e-03
1.099630e+00,8.911902e+02,7.343520e-08,8.200000e-03
1.065115e+00,8.697495e+02,6.838009e-08,7.700000e-03
1.021915e+00,8.413804e+02,6.242906e-08,7.200000e-03
9.707737e-01,8.053512e+02,5.591181e-08,6.500000e-03
9.124194e-01,7.605739e+02,4.915606e-08,5.600000e-03
8.474072e-01,7.053845e+02,4.246053e-08,4.300000e-03
7.758051e-01,6.370830e+02,3.607420e-08,4.400000e-03
6.964251e-01,5.508128e+02,3.018242e-08,4.700000e-03
6.041202e-01,4.360360e+02,2.488757e-08,4.900000e-03
4.669468e-01,2.570460e+02,1.949514e-08,4.700000e-03
2.725933e+00,2.879040e+01,9.379031e-04,1.020300e+00
2.827997e+00,4.883815e+01,1.197332e-03,1.941700e+00
2.664872e+00,6.169372e+01,1.452066e-03,2.838900e+00
2.473656e+00,7.135640e+01,1.735517e-03,3.773500e+00
2.295102e+00,7.900651e+01,2.042761e-03,4.821600e+00
2.139764e+00,8.518798e+01,2.364881e-03,5.889600e+00
2.009506e+00,9.020326e+01,2.689898e-03,6.972900e+00
1.903377e+00,9.423871e+01,3.003441e-03,8.013300e+00
1.819631e+00,9.741618e+01,3.289743e-03,8.948500e+00
1.756503e+00,9.981764e+01,3.532943e-03,9.799400e+00
1.712508e+00,1.014982e+02,3.718564e-03,1.035410e+01
1.686553e+00,1.024933e+02,3.834980e-03,1.073620e+01
1.677975e+00,1.028229e+02,3.874655e-03,1.092470e+01
1.686553e+00,1.024933e+02,3.834980e-03,1.073620e+01
1.712508e+00,1.014982e+02,3.718564e-03,1.035410e+01
1.756503e+00,9.981764e+01,3.532943e-03,9.799400e+00
1.819631e+00,9.741618e+01,3.289743e-03,8.948500e+00
1.903377e+00,9.423871e+01,3.003441e-03,8.013300e+00
2.009506e+00,9.020326e+01,2.689898e-03,6.972900e+00
2.139764e+00,8.518798e+01,2.364881e-03,5.889600e+00
2.295102e+00,7.900651e+01,2.042761e-03,4.821600e+00
2.473656e+00,7.135640e+01,1.735517e-03,3.773500e+00
2.664872e+00,6.169372e+01,1.452066e-03,2.838900e+00
2.827997e+00,4.883815e+01,1.197332e-03,1.941700e+00
2.725933e+00,2.879040e+01,9.379031e-04,1.020300e+00
4.283435e+00,2.047528e+01,7.368098e-04,6.216000e-01
4.442974e+00,3.473293e+01,9.400814e-04,1.176600e+00
4.186638e+00,4.387561e+01,1.140040e-03,1.698200e+00
3.886184e+00,5.074756e+01,1.362535e-03,2.274300e+00
3.605631e+00,5.618819e+01,1.603697e-03,2.873700e+00
3.361561e+00,6.058436e+01,1.856526e-03,3.549200e+00
3.156898e+00,6.415115e+01,2.111620e-03,4.176800e+00
2.990147e+00,6.702110e+01,2.357702e-03,4.817700e+00
2.858566e+00,6.928087e+01,2.582399e-03,5.381000e+00
2.759381e+00,7.098875e+01,2.773264e-03,5.892900e+00
2.690257e+00,7.218393e+01,2.918940e-03,6.255300e+00
2.649477e+00,7.289163e+01,3.010301e-03,6.512500e+00
2.635999e+00,7.312601e+01,3.041438e-03,6.575700e+00
2.649477e+00,7.289163e+01,3.010301e-03,6.512500e+00
2.690257e+00,7.218393e+01,2.918940e-03,6.255300e+00
2.759381e+00,7.098875e+01,2.773264e-03,5.892900e+00
2.858566e+00,6.928087e+01,2.582399e-03,5.381000e+00
2.990147e+00,6.702110e+01,2.357702e-03,4.817700e+00
3.156898e+00,6.415115e+01,2.111620e-03,4.176800e+00
3.361561e+00,6.058436e+01,1.856526e-03,3.549200e+00
3.605631e+00,5.618819e+01,1.603697e-03,2.873700e+00
3.886184e+00,5.074756e+01,1.362535e-03,2.274300e+00
4.186638e+00,4.387561e+01,1.140040e-03,1.698200e+00
4.442974e+00,3.473293e+01,9.400814e-04,1.176600e+00
4.283435e+00,2.047528e+01,7.368098e-04,6.216000e-01
5.569850e+00,2.253884e+01,7.071704e-04,6.219000e-01
5.778274e+00,3.823341e+01,9.027203e-04,1.119700e+00
5.444962e+00,4.829751e+01,1.094770e-03,1.680600e+00
5.054256e+00,5.586203e+01,1.308471e-03,2.350400e+00
4.689423e+00,6.185099e+01,1.540108e-03,3.004900e+00
4.372028e+00,6.669022e+01,1.782960e-03,3.689500e+00
4.105878e+00,7.061647e+01,2.027995e-03,4.379400e+00
3.889027e+00,7.377567e+01,2.264379e-03,5.034100e+00
3.717913e+00,7.626318e+01,2.480225e-03,5.610500e+00
3.588927e+00,7.814319e+01,2.663575e-03,6.131600e+00
3.499034e+00,7.945882e+01,2.803516e-03,6.502200e+00
3.446001e+00,8.023785e+01,2.891283e-03,6.763000e+00
3.428474e+00,8.049585e+01,2.921194e-03,6.828500e+00
3.446001e+00,8.023785e+01,2.891283e-03,6.763000e+00
3.499034e+00,7.945882e+01,2.803516e-03,6.502200e+00
3.588927e+00,7.814319e+01,2.663575e-03,6.131600e+00
3.717913e+00,7.626318e+01,2.480225e-03,5.610500e+00
3.889027e+00,7.377567e+01,2.264379e-03,5.034100e+00
4.105878e+00,7.061647e+01,2.027995e-03,4.379400e+00
4.372028e+00,6.669022e+01,1.782960e-03,3.689500e+00
4.689423e+00,6.185099e+01,1.540108e-03,3.004900e+00
5.054256e+00,5.586203e+01,1.308471e-03,2.350400e+00
5.444962e+00,4.829751e+01,1.094770e-03,1.680600e+00
5.778274e+00,3.823341e+01,9.027203e-04,1.119700e+00
5.569850e+00,2.253884e+01,7.071704e-04,6.219000e-01
6.757710e+00,2.601645e+01,6.959690e-04,5.900000e-01
7.010686e+00,4.413261e+01,8.884602e-04,1.086300e+00
6.606290e+00,5.574954e+01,1.077479e-03,1.669200e+00
6.132257e+00,6.448123e+01,1.287808e-03,2.331300e+00
5.689615e+00,7.139425e+01,1.515791e-03,3.110700e+00
5.304528e+00,7.698014e+01,1.754812e-03,3.974900e+00
4.981615e+00,8.151219e+01,1.995983e-03,4.866900e+00
4.718515e+00,8.515883e+01,2.228639e-03,5.568800e+00
4.510906e+00,8.803015e+01,2.441082e-03,6.247400e+00
4.354410e+00,9.020024e+01,2.621542e-03,6.806900e+00
4.245346e+00,9.171887e+01,2.759277e-03,7.273300e+00
4.181001e+00,9.261809e+01,2.845659e-03,7.553300e+00
4.159736e+00,9.291590e+01,2.875099e-03,7.626100e+00
4.181001e+00,9.261809e+01,2.845659e-03,7.553300e+00
4.245346e+00,9.171887e+01,2.759277e-03,7.273300e+00
4.354410e+00,9.020024e+01,2.621542e-03,6.806900e+00
4.510906e+00,8.803015e+01,2.441082e-03,6.247400e+00
4.718515e+00,8.515883e+01,2.228639e-03,5.568800e+00
4.981615e+00,8.151219e+01,1.995983e-03,4.866900e+00
5.304528e+00,7.698014e+01,1.754812e-03,3.974900e+00
5.689615e+00,7.139425e+01,1.515791e-03,3.110700e+00
6.132257e+00,6.448123e+01,1.287808e-03,2.331300e+00
6.606290e+00,5.574954e+01,1.077479e-03,1.669200e+00
7.010686e+00,4.413261e+01,8.884602e-04,1.086300e+00
6.757710e+00,2.601645e+01,6.959690e-04,5.900000e-01
7.890473e+00,2.989955e+01,6.896768e-04,5.769000e-01
8.185884e+00,5.071963e+01,8.804370e-04,1.082800e+00
7.713701e+00,6.407046e+01,1.067750e-03,1.643100e+00
7.160208e+00,7.410539e+01,1.276180e-03,2.339500e+00
6.643367e+00,8.205022e+01,1.502106e-03,3.164500e+00
6.193728e+00,8.846983e+01,1.738970e-03,4.052500e+00
5.816686e+00,9.367832e+01,1.977964e-03,5.029700e+00
5.509483e+00,9.786924e+01,2.208521e-03,5.954100e+00
5.267073e+00,1.011691e+02,2.419047e-03,6.801700e+00
5.084345e+00,1.036631e+02,2.597878e-03,7.573700e+00
4.956998e+00,1.054084e+02,2.734370e-03,8.058800e+00
4.881868e+00,1.064418e+02,2.819974e-03,8.358800e+00
4.857038e+00,1.067841e+02,2.849148e-03,8.505600e+00
4.881868e+00,1.064418e+02,2.819974e-03,8.358800e+00
4.956998e+00,1.054084e+02,2.734370e-03,8.058800e+00
5.084345e+00,1.036631e+02,2.597878e-03,7.573700e+00
5.267073e+00,1.011691e+02,2.419047e-03,6.801700e+00
5.509483e+00,9.786924e+01,2.208521e-03,5.954100e+00
5.816686e+00,9.367832e+01,1.977964e-03,5.029700e+00
6.193728e+00,8.846983e+01,1.738970e-03,4.052500e+00
6.643367e+00,8.205022e+01,1.502106e-03,3.164500e+00
7.160208e+00,7.410539e+01,1.276180e-03,2.339500e+00
7.713701e+00,6.407046e+01,1.067750e-03,1.643100e+00
8.185884e+00,5.071963e+01,8.804370e-04,1.082800e+00
7.890473e+00,2.989955e+01,6.896768e-04,5.769000e-01
8.999462e+00,3.409228e+01,6.851214e-04,5.711000e-01
9.336403e+00,5.783192e+01,8.746251e-04,1.078900e+00
8.797856e+00,7.305490e+01,1.060702e-03,1.663800e+00
8.166571e+00,8.449700e+01,1.267757e-03,2.358900e+00
7.577089e+00,9.355591e+01,1.492191e-03,3.194000e+00
7.064254e+00,1.008757e+02,1.727492e-03,4.136100e+00
6.634219e+00,1.068146e+02,1.964909e-03,5.147200e+00
6.283839e+00,1.115932e+02,2.193945e-03,6.157400e+00
6.007359e+00,1.153558e+02,2.403081e-03,7.048700e+00
5.798948e+00,1.181995e+02,2.580733e-03,7.854000e+00
5.653703e+00,1.201896e+02,2.716324e-03,8.467400e+00
5.568013e+00,1.213679e+02,2.801363e-03,8.842600e+00
5.539693e+00,1.217582e+02,2.830344e-03,9.012100e+00
5.568013e+00,1.213679e+02,2.801363e-03,8.842600e+00
5.653703e+00,1.201896e+02,2.716324e-03,8.467400e+00
5.798948e+00,1.181995e+02,2.580733e-03,7.854000e+00
6.007359e+00,1.153558e+02,2.403081e-03,7.048700e+00
6.283839e+00,1.115932e+02,2.193945e-03,6.157400e+00
6.634219e+00,1.068146e+02,1.964909e-03,5.147200e+00
7.064254e+00,1.008757e+02,1.727492e-03,4.136100e+00
7.577089e+00,9.355591e+01,1.492191e-03,3.194000e+00
8.166571e+00,8.449700e+01,1.267757e-03,2.358900e+00
8.797856e+00,7.305490e+01,1.060702e-03,1.663800e+00
9.336403e+00,5.783192e+01,8.746251e-04,1.078900e+00
8.999462e+00,3.409228e+01,6.851214e-04,5.711000e-01
1.010765e+01,3.864687e+01,6.811527e-04,5.680000e-01
1.048609e+01,6.555802e+01,8.695601e-04,1.077500e+00
9.881223e+00,8.281471e+01,1.054560e-03,1.668200e+00
9.172202e+00,9.578544e+01,1.260415e-03,2.410900e+00
8.510131e+00,1.060546e+02,1.483550e-03,3.264700e+00
7.934146e+00,1.143523e+02,1.717489e-03,4.200900e+00
7.451157e+00,1.210846e+02,1.953531e-03,5.206300e+00
7.057632e+00,1.265016e+02,2.181241e-03,6.296100e+00
6.747105e+00,1.307669e+02,2.389166e-03,7.279900e+00
6.513031e+00,1.339905e+02,2.565789e-03,8.124900e+00
6.349900e+00,1.362464e+02,2.700596e-03,8.769300e+00
6.253659e+00,1.375821e+02,2.785142e-03,9.221400e+00
6.221852e+00,1.380245e+02,2.813956e-03,9.338100e+00
6.253659e+00,1.375821e+02,2.785142e-03,9.221400e+00
6.349900e+00,1.362464e+02,2.700596e-03,8.769300e+00
6.513031e+00,1.339905e+02,2.565789e-03,8.124900e+00
6.747105e+00,1.307669e+02,2.389166e-03,7.279900e+00
7.057632e+00,1.265016e+02,2.181241e-03,6.296100e+00
7.451157e+00,1.210846e+02,1.953531e-03,5.206300e+00
7.934146e+00,1.143523e+02,1.717489e-03,4.200900e+00
8.510131e+00,1.060546e+02,1.483550e-03,3.264700e+00
9.172202e+00,9.578544e+01,1.260415e-03,2.410900e+00
9.881223e+00,8.281471e+01,1.054560e-03,1.668200e+00
1.048609e+01,6.555802e+01,8.695601e-04,1.077500e+00
1.010765e+01,3.864687e+01,6.811527e-04,5.680000e-01
1.123272e+01,4.364916e+01,6.773105e-04,5.652000e-01
1.165329e+01,7.404358e+01,8.646560e-04,1.067700e+00
1.098110e+01,9.353391e+01,1.048612e-03,1.685900e+00
1.019316e+01,1.081835e+02,1.253307e-03,2.418600e+00
9.457391e+00,1.197818e+02,1.475184e-03,3.325300e+00
8.817293e+00,1.291536e+02,1.707803e-03,4.322200e+00
8.280542e+00,1.367573e+02,1.942514e-03,5.390700e+00
7.843214e+00,1.428754e+02,2.168940e-03,6.433600e+00
7.498123e+00,1.476928e+02,2.375693e-03,7.414900e+00
7.237995e+00,1.513336e+02,2.551320e-03,8.299600e+00
7.056706e+00,1.538815e+02,2.685366e-03,9.025500e+00
6.949752e+00,1.553902e+02,2.769436e-03,9.443300e+00
6.914405e+00,1.558898e+02,2.798087e-03,9.621900e+00
6.949752e+00,1.553902e+02,2.769436e-03,9.443300e+00
7.056706e+00,1.538815e+02,2.685366e-03,9.025500e+00
7.237995e+00,1.513336e+02,2.551320e-03,8.299600e+00
7.498123e+00,1.476928e+02,2.375693e-03,7.414900e+00
7.843214e+00,1.428754e+02,2.168940e-03,6.433600e+00
8.280542e+00,1.367573e+02,1.942514e-03,5.390700e+00
8.817293e+00,1.291536e+02,1.707803e-03,4.322200e+00
9.457391e+00,1.197818e+02,1.475184e-03,3.325300e+00
1.019316e+01,1.081835e+02,1.253307e-03,2.418600e+00
1.098110e+01,9.353391e+01,1.048612e-03,1.685900e+00
1.165329e+01,7.404358e+01,8.646560e-04,1.067700e+00
1.123272e+01,4.364916e+01,6.773105e-04,5.652000e-01
1.238884e+01,4.919994e+01,6.733123e-04,5.503000e-01
1.285269e+01,8.345956e+01,8.595524e-04,1.057000e+00
1.211132e+01,1.054284e+02,1.042423e-03,1.669100e+00
1.124228e+01,1.219410e+02,1.245909e-03,2.455500e+00
1.043078e+01,1.350143e+02,1.466477e-03,3.366100e+00
9.724805e+00,1.455778e+02,1.697723e-03,4.411700e+00
9.132810e+00,1.541484e+02,1.931049e-03,5.520800e+00
8.650470e+00,1.610446e+02,2.156138e-03,6.642600e+00
8.269861e+00,1.664746e+02,2.361671e-03,7.666500e+00
7.982959e+00,1.705785e+02,2.536261e-03,8.600200e+00
7.783011e+00,1.734503e+02,2.669516e-03,9.250500e+00
7.665049e+00,1.751509e+02,2.753090e-03,9.698200e+00
7.626063e+00,1.757141e+02,2.781572e-03,9.867500e+00
7.665049e+00,1.751509e+02,2.753090e-03,9.698200e+00
7.783011e+00,1.734503e+02,2.669516e-03,9.250500e+00
7.982959e+00,1.705785e+02,2.536261e-03,8.600200e+00
8.269861e+00,1.664746e+02,2.361671e-03,7.666500e+00
8.650470e+00,1.610446e+02,2.156138e-03,6.642600e+00
9.132810e+00,1.541484e+02,1.931049e-03,5.520800e+00
9.724805e+00,1.455778e+02,1.697723e-03,4.411700e+00
1.043078e+01,1.350143e+02,1.466477e-03,3.366100e+00
1.124228e+01,1.219410e+02,1.245909e-03,2.455500e+00
1.211132e+01,1.054284e+02,1.042423e-03,1.669100e+00
1.285269e+01,8.345956e+01,8.595524e-04,1.057000e+00
1.238884e+01,4.919994e+01,6.733123e-04,5.503000e-01
1.358855e+01,5.541140e+01,6.690456e-04,5.530000e-01
1.409732e+01,9.399627e+01,8.541058e-04,1.075800e+00
1.328415e+01,1.187387e+02,1.035817e-03,1.696400e+00
1.233096e+01,1.373360e+02,1.238015e-03,2.450200e+00
1.144088e+01,1.520597e+02,1.457184e-03,3.416700e+00
1.066654e+01,1.639569e+02,1.686965e-03,4.491400e+00
1.001721e+01,1.736095e+02,1.918813e-03,5.630300e+00
9.488165e+00,1.813764e+02,2.142476e-03,6.797100e+00
9.070698e+00,1.874919e+02,2.346706e-03,7.904500e+00
8.756013e+00,1.921139e+02,2.520190e-03,8.877600e+00
8.536702e+00,1.953483e+02,2.652601e-03,9.605600e+00
8.407317e+00,1.972636e+02,2.735645e-03,1.007470e+01
8.364556e+00,1.978978e+02,2.763947e-03,1.024920e+01
8.407317e+00,1.972636e+02,2.735645e-03,1.007470e+01
8.536702e+00,1.953483e+02,2.652601e-03,9.605600e+00
8.756013e+00,1.921139e+02,2.520190e-03,8.877600e+00
9.070698e+00,1.874919e+02,2.346706e-03,7.904500e+00
9.488165e+00,1.813764e+02,2.142476e-03,6.797100e+00
1.001721e+01,1.736095e+02,1.918813e-03,5.630300e+00
1.066654e+01,1.639569e+02,1.686965e-03,4.491400e+00
1.144088e+01,1.520597e+02,1.457184e-03,3.416700e+00
1.233096e+01,1.373360e+02,1.238015e-03,2.450200e+00
1.328415e+01,1.187387e+02,1.035817e-03,1.696400e+00
1.409732e+01,9.399627e+01,8.541058e-04,1.075800e+00
1.358855e+01,5.541140e+01,6.690456e-04,5.530000e-01
1.484267e+01,6.240759e+01,6.643673e-04,5.544000e-01
1.539840e+01,1.058642e+02,8.481336e-04,1.090800e+00
1.451018e+01,1.337305e+02,1.028575e-03,1.719700e+00
1.346901e+01,1.546759e+02,1.229358e-03,2.511000e+00
1.249679e+01,1.712587e+02,1.446995e-03,3.422100e+00
1.165098e+01,1.846579e+02,1.675170e-03,4.570900e+00
1.094173e+01,1.955293e+02,1.905396e-03,5.777900e+00
1.036385e+01,2.042768e+02,2.127495e-03,6.954600e+00
9.907856e+00,2.111644e+02,2.330297e-03,8.089400e+00
9.564128e+00,2.163700e+02,2.502569e-03,9.106400e+00
9.324577e+00,2.200128e+02,2.634054e-03,9.908800e+00
9.183250e+00,2.221699e+02,2.716517e-03,1.040100e+01
9.136543e+00,2.228842e+02,2.744621e-03,1.058210e+01
9.183250e+00,2.221699e+02,2.716517e-03,1.040100e+01
9.324577e+00,2.200128e+02,2.634054e-03,9.908800e+00
9.564128e+00,2.163700e+02,2.502569e-03,9.106400e+00
9.907856e+00,2.111644e+02,2.330297e-03,8.089400e+00
1.036385e+01,2.042768e+02,2.127495e-03,6.954600e+00
1.094173e+01,1.955293e+02,1.905396e-03,5.777900e+00
1.165098e+01,1.846579e+02,1.675170e-03,4.570900e+00
1.249679e+01,1.712587e+02,1.446995e-03,3.422100e+00
1.346901e+01,1.546759e+02,1.229358e-03,2.511000e+00
1.451018e+01,1.337305e+02,1.028575e-03,1.719700e+00
1.539840e+01,1.058642e+02,8.481336e-04,1.090800e+00
1.484267e+01,6.240759e+01,6.643673e-04,5.544000e-01
1.616127e+01,7.032539e+01,6.591858e-04,5.696000e-01
1.676638e+01,1.192954e+02,8.415190e-04,1.121600e+00
1.579925e+01,1.506973e+02,1.020553e-03,1.764300e+00
1.466558e+01,1.743000e+02,1.219770e-03,2.542900e+00
1.360699e+01,1.929867e+02,1.435710e-03,3.523900e+00
1.268604e+01,2.080860e+02,1.662105e-03,4.606600e+00
1.191378e+01,2.203366e+02,1.890536e-03,5.847800e+00
1.128457e+01,2.301939e+02,2.110903e-03,7.127200e+00
1.078806e+01,2.379554e+02,2.312124e-03,8.327600e+00
1.041379e+01,2.438214e+02,2.483051e-03,9.360800e+00
1.015296e+01,2.479264e+02,2.613511e-03,1.014980e+01
9.999080e+00,2.503571e+02,2.695331e-03,1.063360e+01
9.948224e+00,2.511621e+02,2.723215e-03,1.082270e+01
9.999080e+00,2.503571e+02,2.695331e-03,1.063360e+01
1.015296e+01,2.479264e+02,2.613511e-03,1.014980e+01
1.041379e+01,2.438214e+02,2.483051e-03,9.360800e+00
1.078806e+01,2.379554e+02,2.312124e-03,8.327600e+00
1.128457e+01,2.301939e+02,2.110903e-03,7.127200e+00
1.191378e+01,2.203366e+02,1.890536e-03,5.847800e+00
1.268604e+01,2.080860e+02,1.662105e-03,4.606600e+00
1.360699e+01,1.929867e+02,1.435710e-03,3.523900e+00
1.466558e+01,1.743000e+02,1.219770e-03,2.542900e+00
1.579925e+01,1.506973e+02,1.020553e-03,1.764300e+00
1.676638e+01,1.192954e+02,8.415190e-04,1.121600e+00
1.616127e+01,7.032539e+01,6.591858e-04,5.696000e-01
1.755354e+01,7.931558e+01,6.533985e-04,5.830000e-01
1.821078e+01,1.345458e+02,8.341310e-04,1.148800e+00
1.716034e+01,1.699620e+02,1.011593e-03,1.819300e+00
1.592901e+01,1.965820e+02,1.209062e-03,2.634400e+00
1.477921e+01,2.176575e+02,1.423105e-03,3.592300e+00
1.377892e+01,2.346870e+02,1.647513e-03,4.747800e+00
1.294014e+01,2.485038e+02,1.873938e-03,5.970500e+00
1.225672e+01,2.596212e+02,2.092370e-03,7.236300e+00
1.171744e+01,2.683749e+02,2.291825e-03,8.490000e+00
1.131093e+01,2.749908e+02,2.461251e-03,9.599600e+00
1.102763e+01,2.796206e+02,2.590566e-03,1.045860e+01
1.086049e+01,2.823620e+02,2.671667e-03,1.096910e+01
1.080525e+01,2.832699e+02,2.699307e-03,1.115440e+01
1.086049e+01,2.823620e+02,2.671667e-03,1.096910e+01
1.102763e+01,2.796206e+02,2.590566e-03,1.045860e+01
1.131093e+01,2.749908e+02,2.461251e-03,9.599600e+00
1.171744e+01,2.683749e+02,2.291825e-03,8.490000e+00
1.225672e+01,2.596212e+02,2.092370e-03,7.236300e+00
1.294014e+01,2.485038e+02,1.873938e-03,5.970500e+00
1.377892e+01,2.346870e+02,1.647513e-03,4.747800e+00
1.477921e+01,2.176575e+02,1.423105e-03,3.592300e+00
1.592901e+01,1.965820e+02,1.209062e-03,2.634400e+00
1.716034e+01,1.699620e+02,1.011593e-03,1.819300e+00
1.821078e+01,1.345458e+02,8.341310e-04,1.148800e+00
1.755354e+01,7.931558e+01,6.533985e-04,5.830000e-01
1.903106e+01,8.954396e+01,6.472147e-04,5.905000e-01
1.974362e+01,1.518965e+02,8.262368e-04,1.147800e+00
1.860476e+01,1.918799e+02,1.002019e-03,1.850800e+00
1.726978e+01,2.219328e+02,1.197619e-03,2.721500e+00
1.602321e+01,2.457262e+02,1.409637e-03,3.724300e+00
1.493873e+01,2.649518e+02,1.631921e-03,4.831400e+00
1.402933e+01,2.805503e+02,1.856203e-03,6.139100e+00
1.328839e+01,2.931014e+02,2.072568e-03,7.423300e+00
1.270372e+01,3.029840e+02,2.270135e-03,8.633900e+00
1.226300e+01,3.104530e+02,2.437958e-03,9.735000e+00
1.195585e+01,3.156799e+02,2.566049e-03,1.066140e+01
1.177464e+01,3.187749e+02,2.646383e-03,1.122960e+01
1.171475e+01,3.197999e+02,2.673761e-03,1.142400e+01
1.177464e+01,3.187749e+02,2.646383e-03,1.122960e+01
1.195585e+01,3.156799e+02,2.566049e-03,1.066140e+01
1.226300e+01,3.104530e+02,2.437958e-03,9.735000e+00
1.270372e+01,3.029840e+02,2.270135e-03,8.633900e+00
1.328839e+01,2.931014e+02,2.072568e-03,7.423300e+00
1.402933e+01,2.805503e+02,1.856203e-03,6.139100e+00
1.493873e+01,2.649518e+02,1.631921e-03,4.831400e+00
1.602321e+01,2.457262e+02,1.409637e-03,3.724300e+00
1.726978e+01,2.219328e+02,1.197619e-03,2.721500e+00
1.860476e+01,1.918799e+02,1.002019e-03,1.850800e+00
1.974362e+01,1.518965e+02,8.262368e-04,1.147800e+00
1.903106e+01,8.954396e+01,6.472147e-04,5.905000e-01
2.060215e+01,1.011975e+02,6.404558e-04,5.891000e-01
2.137353e+01,1.716649e+02,8.176082e-04,1.169200e+00
2.014065e+01,2.168519e+02,9.915549e-04,1.858000e+00
1.869547e+01,2.508160e+02,1.185112e-03,2.771700e+00
1.734599e+01,2.777059e+02,1.394916e-03,3.857600e+00
1.617197e+01,2.994336e+02,1.614878e-03,5.027600e+00
1.518751e+01,3.170622e+02,1.836818e-03,6.269900e+00
1.438540e+01,3.312467e+02,2.050924e-03,7.615800e+00
1.375246e+01,3.424155e+02,2.246427e-03,8.904400e+00
1.327535e+01,3.508566e+02,2.412498e-03,1.003190e+01
1.294285e+01,3.567637e+02,2.539251e-03,1.089210e+01
1.274668e+01,3.602614e+02,2.618746e-03,1.141910e+01
1.268185e+01,3.614198e+02,2.645838e-03,1.159930e+01
1.274668e+01,3.602614e+02,2.618746e-03,1.141910e+01
1.294285e+01,3.567637e+02,2.539251e-03,1.089210e+01
1.327535e+01,3.508566e+02,2.412498e-03,1.003190e+01
1.375246e+01,3.424155e+02,2.246427e-03,8.904400e+00
1.438540e+01,3.312467e+02,2.050924e-03,7.615800e+00
1.518751e+01,3.170622e+02,1.836818e-03,6.269900e+00
1.617197e+01,2.994336e+02,1.614878e-03,5.027600e+00
1.734599e+01,2.777059e+02,1.394916e-03,3.857600e+00
1.869547e+01,2.508160e+02,1.185112e-03,2.771700e+00
2.014065e+01,2.168519e+02,9.915549e-04,1.858000e+00
2.137353e+01,1.716649e+02,8.176082e-04,1.169200e+00
2.060215e+01,1.011975e+02,6.404558e-04,5.891000e-01
2.227143e+01,1.144756e+02,6.327377e-04,5.961000e-01
2.310531e+01,1.941890e+02,8.077552e-04,1.185500e+00
2.177254e+01,2.453049e+02,9.796057e-04,1.896000e+00
2.021026e+01,2.837254e+02,1.170830e-03,2.790300e+00
1.875144e+01,3.141436e+02,1.378106e-03,3.922700e+00
1.748230e+01,3.387222e+02,1.595417e-03,5.216300e+00
1.641807e+01,3.586638e+02,1.814683e-03,6.543300e+00
1.555097e+01,3.747095e+02,2.026208e-03,7.857800e+00
1.486675e+01,3.873437e+02,2.219356e-03,9.100400e+00
1.435098e+01,3.968923e+02,2.383425e-03,1.030110e+01
1.399153e+01,4.035744e+02,2.508650e-03,1.122620e+01
1.377947e+01,4.075312e+02,2.587188e-03,1.180680e+01
1.370939e+01,4.088415e+02,2.613953e-03,1.199660e+01
1.377947e+01,4.075312e+02,2.587188e-03,1.180680e+01
1.399153e+01,4.035744e+02,2.508650e-03,1.122620e+01
1.435098e+01,3.968923e+02,2.383425e-03,1.030110e+01
1.486675e+01,3.873437e+02,2.219356e-03,9.100400e+00
1.555097e+01,3.747095e+02,2.026208e-03,7.857800e+00
1.641807e+01,3.586638e+02,1.814683e-03,6.543300e+00
1.748230e+01,3.387222e+02,1.595417e-03,5.216300e+00
1.875144e+01,3.141436e+02,1.378106e-03,3.922700e+00
2.021026e+01,2.837254e+02,1.170830e-03,2.790300e+00
2.177254e+01,2.453049e+02,9.796057e-04,1.896000e+00
2.310531e+01,1.941890e+02,8.077552e-04,1.185500e+00
2.227143e+01,1.144756e+02,6.327377e-04,5.961000e-01
2.404381e+01,1.295896e+02,6.238692e-04,6.098000e-01
2.494405e+01,2.198274e+02,7.964337e-04,1.205500e+00
2.350522e+01,2.776921e+02,9.658755e-04,1.936200e+00
2.181861e+01,3.211852e+02,1.154420e-03,2.848800e+00
2.024370e+01,3.556194e+02,1.358790e-03,3.958100e+00
1.887356e+01,3.834431e+02,1.573056e-03,5.293200e+00
1.772464e+01,4.060175e+02,1.789248e-03,6.747100e+00
1.678853e+01,4.241817e+02,1.997808e-03,8.159100e+00
1.604986e+01,4.384839e+02,2.188249e-03,9.462900e+00
1.549305e+01,4.492933e+02,2.350019e-03,1.059170e+01
1.510499e+01,4.568577e+02,2.473489e-03,1.146570e+01
1.487606e+01,4.613368e+02,2.550925e-03,1.203930e+01
1.480040e+01,4.628202e+02,2.577316e-03,1.226220e+01
1.487606e+01,4.613368e+02,2.550925e-03,1.203930e+01
1.510499e+01,4.568577e+02,2.473489e-03,1.146570e+01
1.549305e+01,4.492933e+02,2.350019e-03,1.059170e+01
1.604986e+01,4.384839e+02,2.188249e-03,9.462900e+00
1.678853e+01,4.241817e+02,1.997808e-03,8.159100e+00
1.772464e+01,4.060175e+02,1.789248e-03,6.747100e+00
1.887356e+01,3.834431e+02,1.573056e-03,5.293200e+00
2.024370e+01,3.556194e+02,1.358790e-03,3.958100e+00
2.181861e+01,3.211852e+02,1.154420e-03,2.848800e+00
2.350522e+01,2.776921e+02,9.658755e-04,1.936200e+00
2.494405e+01,2.198274e+02,7.964337e-04,1.205500e+00
2.404381e+01,1.295896e+02,6.238692e-04,6.098000e-01
2.592809e+01,1.467628e+02,6.140522e-04,6.175000e-01
2.689888e+01,2.489588e+02,7.839011e-04,1.227100e+00
2.534729e+01,3.144917e+02,9.506766e-04,1.962800e+00
2.352851e+01,3.637485e+02,1.136254e-03,2.907400e+00
2.183017e+01,4.027459e+02,1.337408e-03,4.044800e+00
2.035265e+01,4.342567e+02,1.548302e-03,5.344000e+00
1.911369e+01,4.598227e+02,1.761093e-03,6.844500e+00
1.810422e+01,4.803940e+02,1.966371e-03,8.373100e+00
1.730766e+01,4.965916e+02,2.153815e-03,9.812100e+00
1.670721e+01,5.088333e+02,2.313039e-03,1.101210e+01
1.628875e+01,5.174002e+02,2.434566e-03,1.192590e+01
1.604187e+01,5.224728e+02,2.510784e-03,1.250650e+01
1.596028e+01,5.241528e+02,2.536759e-03,1.271200e+01
1.604187e+01,5.224728e+02,2.510784e-03,1.250650e+01
1.628875e+01,5.174002e+02,2.434566e-03,1.192590e+01
1.670721e+01,5.088333e+02,2.313039e-03,1.101210e+01
1.730766e+01,4.965916e+02,2.153815e-03,9.812100e+00
1.810422e+01,4.803940e+02,1.966371e-03,8.373100e+00
1.911369e+01,4.598227e+02,1.761093e-03,6.844500e+00
2.035265e+01,4.342567e+02,1.548302e-03,5.344000e+00
2.183017e+01,4.027459e+02,1.337408e-03,4.044800e+00
2.352851e+01,3.637485e+02,1.136254e-03,2.907400e+00
2.534729e+01,3.144917e+02,9.506766e-04,1.962800e+00
2.689888e+01,2.489588e+02,7.839011e-04,1.227100e+00
2.592809e+01,1.467628e+02,6.140522e-04,6.175000e-01
2.792923e+01,1.662436e+02,6.031599e-04,6.238000e-01
2.897494e+01,2.820048e+02,7.699958e-04,1.247100e+00
2.730360e+01,3.562363e+02,9.338129e-04,1.996700e+00
2.534444e+01,4.120313e+02,1.116098e-03,2.951600e+00
2.351503e+01,4.562051e+02,1.313685e-03,4.116500e+00
2.192348e+01,4.918986e+02,1.520838e-03,5.458700e+00
2.058889e+01,5.208582e+02,1.729853e-03,6.920800e+00
1.950151e+01,5.441600e+02,1.931490e-03,8.456400e+00
1.864347e+01,5.625076e+02,2.115609e-03,9.992200e+00
1.799668e+01,5.763743e+02,2.272009e-03,1.129320e+01
1.754592e+01,5.860783e+02,2.391380e-03,1.231090e+01
1.727999e+01,5.918243e+02,2.466246e-03,1.293950e+01
1.719210e+01,5.937272e+02,2.491761e-03,1.315340e+01
1.727999e+01,5.918243e+02,2.466246e-03,1.293950e+01
1.754592e+01,5.860783e+02,2.391380e-03,1.231090e+01
1.799668e+01,5.763743e+02,2.272009e-03,1.129320e+01
1.864347e+01,5.625076e+02,2.115609e-03,9.992200e+00
1.950151e+01,5.441600e+02,1.931490e-03,8.456400e+00
2.058889e+01,5.208582e+02,1.729853e-03,6.920800e+00
2.192348e+01,4.918986e+02,1.520838e-03,5.458700e+00
2.351503e+01,4.562051e+02,1.313685e-03,4.116500e+00
2.534444e+01,4.120313e+02,1.116098e-03,2.951600e+00
2.730360e+01,3.562363e+02,9.338129e-04,1.996700e+00
2.897494e+01,2.820048e+02,7.699958e-04,1.247100e+00
2.792923e+01,1.662436e+02,6.031599e-04,6.238000e-01
3.003743e+01,1.882731e+02,5.903720e-04,6.310000e-01
3.116207e+01,3.193741e+02,7.536706e-04,1.266900e+00
2.936457e+01,4.034423e+02,9.140146e-04,2.027000e+00
2.725753e+01,4.666308e+02,1.092435e-03,2.997500e+00
2.529002e+01,5.166582e+02,1.285832e-03,4.177200e+00
2.357833e+01,5.570816e+02,1.488593e-03,5.548500e+00
2.214301e+01,5.898787e+02,1.693178e-03,7.035800e+00
2.097355e+01,6.162683e+02,1.890540e-03,8.573400e+00
2.005074e+01,6.370472e+02,2.070755e-03,1.001450e+01
1.935513e+01,6.527514e+02,2.223838e-03,1.140140e+01
1.887034e+01,6.637412e+02,2.340679e-03,1.247510e+01
1.858434e+01,6.702487e+02,2.413958e-03,1.314310e+01
1.848982e+01,6.724038e+02,2.438931e-03,1.337090e+01
1.858434e+01,6.702487e+02,2.413958e-03,1.314310e+01
1.887034e+01,6.637412e+02,2.340679e-03,1.247510e+01
1.935513e+01,6.527514e+02,2.223838e-03,1.140140e+01
2.005074e+01,6.370472e+02,2.070755e-03,1.001450e+01
2.097355e+01,6.162683e+02,1.890540e-03,8.573400e+00
2.214301e+01,5.898787e+02,1.693178e-03,7.035800e+00
2.357833e+01,5.570816e+02,1.488593e-03,5.548500e+00
2.529002e+01,5.166582e+02,1.285832e-03,4.177200e+00
2.725753e+01,4.666308e+02,1.092435e-03,2.997500e+00
2.936457e+01,4.034423e+02,9.140146e-04,2.027000e+00
3.116207e+01,3.193741e+02,7.536706e-04,1.266900e+00
3.003743e+01,1.882731e+02,5.903720e-04,6.310000e-01
3.226357e+01,2.130889e+02,5.763650e-04,6.429000e-01
3.347156e+01,3.614700e+02,7.357890e-04,1.289400e+00
3.154084e+01,4.566190e+02,8.923285e-04,2.064800e+00
2.927764e+01,5.281362e+02,1.066516e-03,3.035600e+00
2.716432e+01,5.847576e+02,1.255325e-03,4.231400e+00
2.532578e+01,6.305091e+02,1.453275e-03,5.617600e+00
2.378407e+01,6.676291e+02,1.653005e-03,7.144800e+00
2.252794e+01,6.974970e+02,1.845684e-03,8.673400e+00
2.153674e+01,7.210147e+02,2.021623e-03,1.019820e+01
2.078958e+01,7.387889e+02,2.171075e-03,1.151170e+01
2.026887e+01,7.512273e+02,2.285143e-03,1.251370e+01
1.996166e+01,7.585924e+02,2.356683e-03,1.316750e+01
1.986014e+01,7.610316e+02,2.381065e-03,1.340550e+01
1.996166e+01,7.585924e+02,2.356683e-03,1.316750e+01
2.026887e+01,7.512273e+02,2.285143e-03,1.251370e+01
2.078958e+01,7.387889e+02,2.171075e-03,1.151170e+01
2.153674e+01,7.210147e+02,2.021623e-03,1.019820e+01
2.252794e+01,6.974970e+02,1.845684e-03,8.673400e+00
2.378407e+01,6.676291e+02,1.653005e-03,7.144800e+00
2.532578e+01,6.305091e+02,1.453275e-03,5.617600e+00
2.716432e+01,5.847576e+02,1.255325e-03,4.231400e+00
2.927764e+01,5.281362e+02,1.066516e-03,3.035600e+00
3.154084e+01,4.566190e+02,8.923285e-04,2.064800e+00
3.347156e+01,3.614700e+02,7.357890e-04,1.289400e+00
3.226357e+01,2.130889e+02,5.763650e-04,6.429000e-01
3.458377e+01,2.409358e+02,5.599741e-04,6.519000e-01
3.587862e+01,4.087076e+02,7.148642e-04,1.310500e+00
3.380906e+01,5.162909e+02,8.669520e-04,2.091300e+00
3.138311e+01,5.971542e+02,1.036186e-03,3.073600e+00
2.911781e+01,6.611750e+02,1.219625e-03,4.269900e+00
2.714705e+01,7.129053e+02,1.411945e-03,5.666600e+00
2.549448e+01,7.548762e+02,1.605996e-03,7.201600e+00
2.414801e+01,7.886474e+02,1.793195e-03,8.790200e+00
2.308553e+01,8.152384e+02,1.964131e-03,1.029300e+01
2.228464e+01,8.353353e+02,2.109333e-03,1.161270e+01
2.172648e+01,8.493992e+02,2.220157e-03,1.267300e+01
2.139718e+01,8.577269e+02,2.289662e-03,1.334960e+01
2.128835e+01,8.604848e+02,2.313350e-03,1.356770e+01
2.139718e+01,8.577269e+02,2.289662e-03,1.334960e+01
2.172648e+01,8.493992e+02,2.220157e-03,1.267300e+01
2.228464e+01,8.353353e+02,2.109333e-03,1.161270e+01
2.308553e+01,8.152384e+02,1.964131e-03,1.029300e+01
2.414801e+01,7.886474e+02,1.793195e-03,8.790200e+00
2.549448e+01,7.548762e+02,1.605996e-03,7.201600e+00
2.714705e+01,7.129053e+02,1.411945e-03,5.666600e+00
2.911781e+01,6.611750e+02,1.219625e-03,4.269900e+00
3.138311e+01,5.971542e+02,1.036186e-03,3.073600e+00
3.380906e+01,5.162909e+02,8.669520e-04,2.091300e+00
3.587862e+01,4.087076e+02,7.148642e-04,1.310500e+00
3.458377e+01,2.409358e+02,5.599741e-04,6.519000e-01
3.699834e+01,2.720047e+02,5.417652e-04,6.594000e-01
3.838359e+01,4.614110e+02,6.916183e-04,1.324700e+00
3.616954e+01,5.828673e+02,8.387605e-04,2.115400e+00
3.357421e+01,6.741580e+02,1.002491e-03,3.104200e+00
3.115075e+01,7.464343e+02,1.179965e-03,4.302800e+00
2.904240e+01,8.048354e+02,1.366032e-03,5.702200e+00
2.727445e+01,8.522185e+02,1.553772e-03,7.232600e+00
2.583397e+01,8.903445e+02,1.734884e-03,8.828400e+00
2.469731e+01,9.203645e+02,1.900261e-03,1.034240e+01
2.384050e+01,9.430529e+02,2.040741e-03,1.170470e+01
2.324337e+01,9.589304e+02,2.147962e-03,1.275230e+01
2.289109e+01,9.683319e+02,2.215207e-03,1.340590e+01
2.277466e+01,9.714455e+02,2.238125e-03,1.362910e+01
2.289109e+01,9.683319e+02,2.215207e-03,1.340590e+01
2.324337e+01,9.589304e+02,2.147962e-03,1.275230e+01
2.384050e+01,9.430529e+02,2.040741e-03,1.170470e+01
2.469731e+01,9.203645e+02,1.900261e-03,1.034240e+01
2.583397e+01,8.903445e+02,1.734884e-03,8.828400e+00
2.727445e+01,8.522185e+02,1.553772e-03,7.232600e+00
2.904240e+01,8.048354e+02,1.366032e-03,5.702200e+00
3.115075e+01,7.464343e+02,1.179965e-03,4.302800e+00
3.357421e+01,6.741580e+02,1.002491e-03,3.104200e+00
3.616954e+01,5.828673e+02,8.387605e-04,2.115400e+00
3.838359e+01,4.614110e+02,6.916183e-04,1.324700e+00
3.699834e+01,2.720047e+02,5.417652e-04,6.594000e-01
3.913078e+01,3.064448e+02,5.075156e-04,6.522000e-01
4.059587e+01,5.198329e+02,6.478950e-04,1.310800e+00
3.825421e+01,6.566674e+02,7.857350e-04,2.093700e+00
3.550930e+01,7.595169e+02,9.391147e-04,3.069800e+00
3.294615e+01,8.409446e+02,1.105369e-03,4.253600e+00
3.071628e+01,9.067401e+02,1.279673e-03,5.620000e+00
2.884644e+01,9.601227e+02,1.455544e-03,7.129400e+00
2.732294e+01,1.003076e+03,1.625207e-03,8.681100e+00
2.612077e+01,1.036897e+03,1.780129e-03,1.020010e+01
2.521457e+01,1.062458e+03,1.911728e-03,1.150140e+01
2.458303e+01,1.080346e+03,2.012170e-03,1.254860e+01
2.421044e+01,1.090938e+03,2.075164e-03,1.322470e+01
2.408730e+01,1.094446e+03,2.096633e-03,1.344890e+01
2.421044e+01,1.090938e+03,2.075164e-03,1.322470e+01
2.458303e+01,1.080346e+03,2.012170e-03,1.254860e+01
2.521457e+01,1.062458e+03,1.911728e-03,1.150140e+01
2.612077e+01,1.036897e+03,1.780129e-03,1.020010e+01
2.732294e+01,1.003076e+03,1.625207e-03,8.681100e+00
2.884644e+01,9.601227e+02,1.455544e-03,7.129400e+00
3.071628e+01,9.067401e+02,1.279673e-03,5.620000e+00
3.294615e+01,8.409446e+02,1.105369e-03,4.253600e+00
3.550930e+01,7.595169e+02,9.391147e-04,3.069800e+00
3.825421e+01,6.566674e+02,7.857350e-04,2.093700e+00
4.059587e+01,5.198329e+02,6.478950e-04,1.310800e+00
3.913078e+01,3.064448e+02,5.075156e-04,6.522000e-01
3.261644e+01,3.101956e+02,2.613194e-04,4.137000e-01
3.383763e+01,5.261955e+02,3.336007e-04,8.317000e-01
3.188579e+01,6.647049e+02,4.045744e-04,1.330800e+00
2.959785e+01,7.688132e+02,4.835496e-04,1.960800e+00
2.746141e+01,8.512376e+02,5.691538e-04,2.737000e+00
2.560276e+01,9.178384e+02,6.589027e-04,3.651300e+00
2.404419e+01,9.718744e+02,7.494587e-04,4.655900e+00
2.277433e+01,1.015353e+03,8.368180e-04,5.680600e+00
2.177229e+01,1.049588e+03,9.165873e-04,6.691900e+00
2.101695e+01,1.075462e+03,9.843474e-04,7.572400e+00
2.049054e+01,1.093569e+03,1.036065e-03,8.262300e+00
2.017998e+01,1.104291e+03,1.068501e-03,8.690100e+00
2.007734e+01,1.107841e+03,1.079555e-03,8.841100e+00
2.017998e+01,1.104291e+03,1.068501e-03,8.690100e+00
2.049054e+01,1.093569e+03,1.036065e-03,8.262300e+00
2.101695e+01,1.075462e+03,9.843474e-04,7.572400e+00
2.177229e+01,1.049588e+03,9.165873e-04,6.691900e+00
2.277433e+01,1.015353e+03,8.368180e-04,5.680600e+00
2.404419e+01,9.718744e+02,7.494587e-04,4.655900e+00
2.560276e+01,9.178384e+02,6.589027e-04,3.651300e+00
2.746141e+01,8.512376e+02,5.691538e-04,2.737000e+00
2.959785e+01,7.688132e+02,4.835496e-04,1.960800e+00
3.188579e+01,6.647049e+02,4.045744e-04,1.330800e+00
3.383763e+01,5.261955e+02,3.336007e-04,8.317000e-01
3.261644e+01,3.101956e+02,2.613194e-04,4.137000e-01
2.608326e+01,2.873405e+02,1.311375e-04,2.497000e-01
2.705985e+01,4.874256e+02,1.674105e-04,4.987000e-01
2.549898e+01,6.157296e+02,2.030272e-04,8.023000e-01
2.366931e+01,7.121672e+02,2.426593e-04,1.189400e+00
2.196081e+01,7.885186e+02,2.856180e-04,1.665100e+00
2.047445e+01,8.502123e+02,3.306566e-04,2.215500e+00
1.922807e+01,9.002669e+02,3.761003e-04,2.847800e+00
1.821256e+01,9.405424e+02,4.199397e-04,3.514100e+00
1.741123e+01,9.722550e+02,4.599703e-04,4.136700e+00
1.680720e+01,9.962226e+02,4.939743e-04,4.667200e+00
1.638623e+01,1.012995e+03,5.199278e-04,5.079000e+00
1.613787e+01,1.022927e+03,5.362049e-04,5.339200e+00
1.605579e+01,1.026216e+03,5.417522e-04,5.426800e+00
1.613787e+01,1.022927e+03,5.362049e-04,5.339200e+00
1.638623e+01,1.012995e+03,5.199278e-04,5.079000e+00
1.680720e+01,9.962226e+02,4.939743e-04,4.667200e+00
1.741123e+01,9.722550e+02,4.599703e-04,4.136700e+00
1.821256e+01,9.405424e+02,4.199397e-04,3.514100e+00
1.922807e+01,9.002669e+02,3.761003e-04,2.847800e+00
2.047445e+01,8.502123e+02,3.306566e-04,2.215500e+00
2.196081e+01,7.885186e+02,2.856180e-04,1.665100e+00
2.366931e+01,7.121672e+02,2.426593e-04,1.189400e+00
2.549898e+01,6.157296e+02,2.030272e-04,8.023000e-01
2.705985e+01,4.874256e+02,1.674105e-04,4.987000e-01
2.608326e+01,2.873405e+02,1.311375e-04,2.497000e-01
1.631760e+01,2.665997e+02,3.170923e-05,9.760000e-02
1.692856e+01,4.522423e+02,4.048011e-05,1.940000e-01
1.595208e+01,5.712851e+02,4.909229e-05,3.055000e-01
1.480745e+01,6.607618e+02,5.867538e-05,4.431000e-01
1.373861e+01,7.316019e+02,6.906286e-05,6.193000e-01
1.280875e+01,7.888425e+02,7.995327e-05,8.181000e-01
1.202902e+01,8.352841e+02,9.094162e-05,1.045900e+00
1.139372e+01,8.726524e+02,1.015421e-04,1.287600e+00
1.089242e+01,9.020759e+02,1.112215e-04,1.515600e+00
1.051453e+01,9.243135e+02,1.194438e-04,1.714600e+00
1.025117e+01,9.398755e+02,1.257193e-04,1.870600e+00
1.009580e+01,9.490901e+02,1.296552e-04,1.968600e+00
1.004446e+01,9.521419e+02,1.309965e-04,2.002400e+00
1.009580e+01,9.490901e+02,1.296552e-04,1.968600e+00
1.025117e+01,9.398755e+02,1.257193e-04,1.870600e+00
1.051453e+01,9.243135e+02,1.194438e-04,1.714600e+00
1.089242e+01,9.020759e+02,1.112215e-04,1.515600e+00
1.139372e+01,8.726524e+02,1.015421e-04,1.287600e+00
1.202902e+01,8.352841e+02,9.094162e-05,1.045900e+00
1.280875e+01,7.888425e+02,7.995327e-05,8.181000e-01
1.373861e+01,7.316019e+02,6.906286e-05,6.193000e-01
1.480745e+01,6.607618e+02,5.867538e-05,4.431000e-01
1.595208e+01,5.712851e+02,4.909229e-05,3.055000e-01
1.692856e+01,4.522423e+02,4.048011e-05,1.940000e-01
1.631760e+01,2.665997e+02,3.170923e-05,9.760000e-02
1.389633e+00,2.570460e+02,1.949514e-08,4.700000e-03
1.441663e+00,4.360360e+02,2.488757e-08,4.900000e-03
1.358505e+00,5.508128e+02,3.018242e-08,4.700000e-03
1.261026e+00,6.370830e+02,3.607420e-08,4.400000e-03
1.170002e+00,7.053845e+02,4.246053e-08,4.300000e-03
1.090814e+00,7.605739e+02,4.915606e-08,5.600000e-03
1.024411e+00,8.053512e+02,5.591181e-08,6.500000e-03
9.703078e-01,8.413804e+02,6.242906e-08,7.200000e-03
9.276155e-01,8.697495e+02,6.838009e-08,7.700000e-03
8.954342e-01,8.911902e+02,7.343520e-08,8.200000e-03
8.730064e-01,9.061945e+02,7.729349e-08,8.500000e-03
8.597748e-01,9.150789e+02,7.971328e-08,8.600000e-03
8.554019e-01,9.180213e+02,8.053796e-08,8.700000e-03
8.597748e-01,9.150789e+02,7.971328e-08,8.600000e-03
8.730064e-01,9.061945e+02,7.729349e-08,8.500000e-03
8.954342e-01,8.911902e+02,7.343520e-08,8.200000e-03
9.276155e-01,8.697495e+02,6.838009e-08,7.700000e-03
9.703078e-01,8.413804e+02,6.242906e-08,7.200000e-03
1.024411e+00,8.053512e+02,5.591181e-08,6.500000e-03
1.090814e+00,7.605739e+02,4.915606e-08,5.600000e-03
1.170002e+00,7.053845e+02,4.246053e-08,4.300000e-03
1.261026e+00,6.370830e+02,3.607420e-08,4.400000e-03
1.358505e+00,5.508128e+02,3.018242e-08,4.700000e-03
1.441663e+00,4.360360e+02,2.488757e-08,4.900000e-03
1.389633e+00,2.570460e+02,1.949514e-08,4.700000e-03
1.860880e+00,2.879040e+01,2.803718e-03,2.969200e+00
1.860880e+00,4.883815e+01,2.803718e-03,4.413300e+00
1.860880e+00,6.169372e+01,2.803718e-03,5.329300e+00
1.860880e+00,7.135640e+01,2.803718e-03,5.953800e+00
1.860880e+00,7.900651e+01,2.803718e-03,6.502700e+00
1.860880e+00,8.518798e+01,2.803718e-03,6.910600e+00
1.860880e+00,9.020326e+01,2.803718e-03,7.248100e+00
1.860880e+00,9.423871e+01,2.803718e-03,7.516600e+00
1.860880e+00,9.741618e+01,2.803718e-03,7.717100e+00
1.860880e+00,9.981764e+01,2.803718e-03,7.916800e+00
1.860880e+00,1.014982e+02,2.803718e-03,7.983300e+00
1.860880e+00,1.024933e+02,2.803718e-03,8.049700e+00
1.860880e+00,1.028229e+02,2.803718e-03,8.115900e+00
1.860880e+00,1.024933e+02,2.803718e-03,8.049700e+00
1.860880e+00,1.014982e+02,2.803718e-03,7.983300e+00
1.860880e+00,9.981764e+01,2.803718e-03,7.916800e+00
1.860880e+00,9.741618e+01,2.803718e-03,7.717100e+00
1.860880e+00,9.423871e+01,2.803718e-03,7.516600e+00
1.860880e+00,9.020326e+01,2.803718e-03,7.248100e+00
1.860880e+00,8.518798e+01,2.803718e-03,6.910600e+00
1.860880e+00,7.900651e+01,2.803718e-03,6.502700e+00
1.860880e+00,7.135640e+01,2.803718e-03,5.953800e+00
1.860880e+00,6.169372e+01,2.803718e-03,5.329300e+00
1.860880e+00,4.883815e+01,2.803718e-03,4.413300e+00
1.860880e+00,2.879040e+01,2.803718e-03,2.969200e+00
2.923439e+00,2.047528e+01,2.200797e-03,1.820300e+00
2.923439e+00,3.473293e+01,2.200797e-03,2.697500e+00
2.923439e+00,4.387561e+01,2.200797e-03,3.215200e+00
2.923439e+00,5.074756e+01,2.200797e-03,3.613800e+00
2.923439e+00,5.618819e+01,2.200797e-03,3.896400e+00
2.923439e+00,6.058436e+01,2.200797e-03,4.177300e+00
2.923439e+00,6.415115e+01,2.200797e-03,4.345000e+00
2.923439e+00,6.702110e+01,2.200797e-03,4.512100e+00
2.923439e+00,6.928087e+01,2.200797e-03,4.623300e+00
2.923439e+00,7.098875e+01,2.200797e-03,4.734100e+00
2.923439e+00,7.218393e+01,2.200797e-03,4.789400e+00
2.923439e+00,7.289163e+01,2.200797e-03,4.844700e+00
2.923439e+00,7.312601e+01,2.200797e-03,4.844700e+00
2.923439e+00,7.289163e+01,2.200797e-03,4.844700e+00
2.923439e+00,7.218393e+01,2.200797e-03,4.789400e+00
2.923439e+00,7.098875e+01,2.200797e-03,4.734100e+00
2.923439e+00,6.928087e+01,2.200797e-03,4.623300e+00
2.923439e+00,6.702110e+01,2.200797e-03,4.512100e+00
2.923439e+00,6.415115e+01,2.200797e-03,4.345000e+00
2.923439e+00,6.058436e+01,2.200797e-03,4.177300e+00
2.923439e+00,5.618819e+01,2.200797e-03,3.896400e+00
2.923439e+00,5.074756e+01,2.200797e-03,3.613800e+00
2.923439e+00,4.387561e+01,2.200797e-03,3.215200e+00
2.923439e+00,3.473293e+01,2.200797e-03,2.697500e+00
2.923439e+00,2.047528e+01,2.200797e-03,1.820300e+00
3.802205e+00,2.253884e+01,2.113789e-03,1.920300e+00
3.802205e+00,3.823341e+01,2.113789e-03,2.761000e+00
3.802205e+00,4.829751e+01,2.113789e-03,3.312400e+00
3.802205e+00,5.586203e+01,2.113789e-03,3.748700e+00
3.802205e+00,6.185099e+01,2.113789e-03,4.073200e+00
3.802205e+00,6.669022e+01,2.113789e-03,4.341900e+00
3.802205e+00,7.061647e+01,2.113789e-03,4.555800e+00
3.802205e+00,7.377567e+01,2.113789e-03,4.715500e+00
3.802205e+00,7.626318e+01,2.113789e-03,4.821800e+00
3.802205e+00,7.814319e+01,2.113789e-03,4.927800e+00
3.802205e+00,7.945882e+01,2.113789e-03,4.980700e+00
3.802205e+00,8.023785e+01,2.113789e-03,5.033600e+00
3.802205e+00,8.049585e+01,2.113789e-03,5.033600e+00
3.802205e+00,8.023785e+01,2.113789e-03,5.033600e+00
3.802205e+00,7.945882e+01,2.113789e-03,4.980700e+00
3.802205e+00,7.814319e+01,2.113789e-03,4.927800e+00
3.802205e+00,7.626318e+01,2.113789e-03,4.821800e+00
3.802205e+00,7.377567e+01,2.113789e-03,4.715500e+00
3.802205e+00,7.061647e+01,2.113789e-03,4.555800e+00
3.802205e+00,6.669022e+01,2.113789e-03,4.341900e+00
3.802205e+00,6.185099e+01,2.113789e-03,4.073200e+00
3.802205e+00,5.586203e+01,2.113789e-03,3.748700e+00
3.802205e+00,4.829751e+01,2.113789e-03,3.312400e+00
3.802205e+00,3.823341e+01,2.113789e-03,2.761000e+00
3.802205e+00,2.253884e+01,2.113789e-03,1.920300e+00
4.613169e+00,2.601645e+01,2.080435e-03,2.057700e+00
4.613169e+00,4.413261e+01,2.080435e-03,3.045600e+00
4.613169e+00,5.574954e+01,2.080435e-03,3.691900e+00
4.613169e+00,6.448123e+01,2.080435e-03,4.117800e+00
4.613169e+00,7.139425e+01,2.080435e-03,4.487300e+00
4.613169e+00,7.698014e+01,2.080435e-03,4.801700e+00
4.613169e+00,8.151219e+01,2.080435e-03,5.062200e+00
4.613169e+00,8.515883e+01,2.080435e-03,5.217800e+00
4.613169e+00,8.803015e+01,2.080435e-03,5.372900e+00
4.613169e+00,9.020024e+01,2.080435e-03,5.476100e+00
4.613169e+00,9.171887e+01,2.080435e-03,5.579000e+00
4.613169e+00,9.261809e+01,2.080435e-03,5.630300e+00
4.613169e+00,9.291590e+01,2.080435e-03,5.630300e+00
4.613169e+00,9.261809e+01,2.080435e-03,5.630300e+00
4.613169e+00,9.171887e+01,2.080435e-03,5.579000e+00
4.613169e+00,9.020024e+01,2.080435e-03,5.476100e+00
4.613169e+00,8.803015e+01,2.080435e-03,5.372900e+00
4.613169e+00,8.515883e+01,2.080435e-03,5.217800e+00
4.613169e+00,8.151219e+01,2.080435e-03,5.062200e+00
4.613169e+00,7.698014e+01,2.080435e-03,4.801700e+00
4.613169e+00,7.139425e+01,2.080435e-03,4.487300e+00
4.613169e+00,6.448123e+01,2.080435e-03,4.117800e+00
4.613169e+00,5.574954e+01,2.080435e-03,3.691900e+00
4.613169e+00,4.413261e+01,2.080435e-03,3.045600e+00
4.613169e+00,2.601645e+01,2.080435e-03,2.057700e+00
5.386476e+00,2.989955e+01,2.061656e-03,2.182200e+00
5.386476e+00,5.071963e+01,2.061656e-03,3.279400e+00
5.386476e+00,6.407046e+01,2.061656e-03,3.945200e+00
5.386476e+00,7.410539e+01,2.061656e-03,4.450800e+00
5.386476e+00,8.205022e+01,2.061656e-03,4.851600e+00
5.386476e+00,8.846983e+01,2.061656e-03,5.149900e+00
5.386476e+00,9.367832e+01,2.061656e-03,5.446400e+00
5.386476e+00,9.786924e+01,2.061656e-03,5.643100e+00
5.386476e+00,1.011691e+02,2.061656e-03,5.790100e+00
5.386476e+00,1.036631e+02,2.061656e-03,5.936700e+00
5.386476e+00,1.054084e+02,2.061656e-03,5.985500e+00
5.386476e+00,1.064418e+02,2.061656e-03,6.034200e+00
5.386476e+00,1.067841e+02,2.061656e-03,6.082900e+00
5.386476e+00,1.064418e+02,2.061656e-03,6.034200e+00
5.386476e+00,1.054084e+02,2.061656e-03,5.985500e+00
5.386476e+00,1.036631e+02,2.061656e-03,5.936700e+00
5.386476e+00,1.011691e+02,2.061656e-03,5.790100e+00
5.386476e+00,9.786924e+01,2.061656e-03,5.643100e+00
5.386476e+00,9.367832e+01,2.061656e-03,5.446400e+00
5.386476e+00,8.846983e+01,2.061656e-03,5.149900e+00
5.386476e+00,8.205022e+01,2.061656e-03,4.851600e+00
5.386476e+00,7.410539e+01,2.061656e-03,4.450800e+00
5.386476e+00,6.407046e+01,2.061656e-03,3.945200e+00
5.386476e+00,5.071963e+01,2.061656e-03,3.279400e+00
5.386476e+00,2.989955e+01,2.061656e-03,2.182200e+00
6.143543e+00,3.409228e+01,2.048050e-03,2.208500e+00
6.143543e+00,5.783192e+01,2.048050e-03,3.360900e+00
6.143543e+00,7.305490e+01,2.048050e-03,4.066100e+00
6.143543e+00,8.449700e+01,2.048050e-03,4.576400e+00
6.143543e+00,9.355591e+01,2.048050e-03,5.035700e+00
6.143543e+00,1.008757e+02,2.048050e-03,5.354600e+00
6.143543e+00,1.068146e+02,2.048050e-03,5.626200e+00
6.143543e+00,1.115932e+02,2.048050e-03,5.851500e+00
6.143543e+00,1.153558e+02,2.048050e-03,5.986100e+00
6.143543e+00,1.181995e+02,2.048050e-03,6.120500e+00
6.143543e+00,1.201896e+02,2.048050e-03,6.209800e+00
6.143543e+00,1.213679e+02,2.048050e-03,6.254400e+00
6.143543e+00,1.217582e+02,2.048050e-03,6.299000e+00
6.143543e+00,1.213679e+02,2.048050e-03,6.254400e+00
6.143543e+00,1.201896e+02,2.048050e-03,6.209800e+00
6.143543e+00,1.181995e+02,2.048050e-03,6.120500e+00
6.143543e+00,1.153558e+02,2.048050e-03,5.986100e+00
6.143543e+00,1.115932e+02,2.048050e-03,5.851500e+00
6.143543e+00,1.068146e+02,2.048050e-03,5.626200e+00
6.143543e+00,1.008757e+02,2.048050e-03,5.354600e+00
6.143543e+00,9.355591e+01,2.048050e-03,5.035700e+00
6.143543e+00,8.449700e+01,2.048050e-03,4.576400e+00
6.143543e+00,7.305490e+01,2.048050e-03,4.066100e+00
6.143543e+00,5.783192e+01,2.048050e-03,3.360900e+00
6.143543e+00,3.409228e+01,2.048050e-03,2.208500e+00
6.900059e+00,3.864687e+01,2.036191e-03,2.250300e+00
6.900059e+00,6.555802e+01,2.036191e-03,3.435100e+00
6.900059e+00,8.281471e+01,2.036191e-03,4.164900e+00
6.900059e+00,9.578544e+01,2.036191e-03,4.715200e+00
6.900059e+00,1.060546e+02,2.036191e-03,5.134300e+00
6.900059e+00,1.143523e+02,2.036191e-03,5.466900e+00
6.900059e+00,1.210846e+02,2.036191e-03,5.756100e+00
6.900059e+00,1.265016e+02,2.036191e-03,6.002700e+00
6.900059e+00,1.307669e+02,2.036191e-03,6.166300e+00
6.900059e+00,1.339905e+02,2.036191e-03,6.288700e+00
6.900059e+00,1.362464e+02,2.036191e-03,6.370100e+00
6.900059e+00,1.375821e+02,2.036191e-03,6.451400e+00
6.900059e+00,1.380245e+02,2.036191e-03,6.451400e+00
6.900059e+00,1.375821e+02,2.036191e-03,6.451400e+00
6.900059e+00,1.362464e+02,2.036191e-03,6.370100e+00
6.900059e+00,1.339905e+02,2.036191e-03,6.288700e+00
6.900059e+00,1.307669e+02,2.036191e-03,6.166300e+00
6.900059e+00,1.265016e+02,2.036191e-03,6.002700e+00
6.900059e+00,1.210846e+02,2.036191e-03,5.756100e+00
6.900059e+00,1.143523e+02,2.036191e-03,5.466900e+00
6.900059e+00,1.060546e+02,2.036191e-03,5.134300e+00
6.900059e+00,9.578544e+01,2.036191e-03,4.715200e+00
6.900059e+00,8.281471e+01,2.036191e-03,4.164900e+00
6.900059e+00,6.555802e+01,2.036191e-03,3.435100e+00
6.900059e+00,3.864687e+01,2.036191e-03,2.250300e+00
7.668102e+00,4.364916e+01,2.024708e-03,2.265300e+00
7.668102e+00,7.404358e+01,2.024708e-03,3.466700e+00
7.668102e+00,9.353391e+01,2.024708e-03,4.249600e+00
7.668102e+00,1.081835e+02,2.024708e-03,4.789700e+00
7.668102e+00,1.197818e+02,2.024708e-03,5.247800e+00
7.668102e+00,1.291536e+02,2.024708e-03,5.588500e+00
7.668102e+00,1.367573e+02,2.024708e-03,5.889300e+00
7.668102e+00,1.428754e+02,2.024708e-03,6.113700e+00
7.668102e+00,1.476928e+02,2.024708e-03,6.300000e+00
7.668102e+00,1.513336e+02,2.024708e-03,6.411400e+00
7.668102e+00,1.538815e+02,2.024708e-03,6.522600e+00
7.668102e+00,1.553902e+02,2.024708e-03,6.559500e+00
7.668102e+00,1.558898e+02,2.024708e-03,6.596500e+00
7.668102e+00,1.553902e+02,2.024708e-03,6.559500e+00
7.668102e+00,1.538815e+02,2.024708e-03,6.522600e+00
7.668102e+00,1.513336e+02,2.024708e-03,6.411400e+00
7.668102e+00,1.476928e+02,2.024708e-03,6.300000e+00
7.668102e+00,1.428754e+02,2.024708e-03,6.113700e+00
7.668102e+00,1.367573e+02,2.024708e-03,5.889300e+00
7.668102e+00,1.291536e+02,2.024708e-03,5.588500e+00
7.668102e+00,1.197818e+02,2.024708e-03,5.247800e+00
7.668102e+00,1.081835e+02,2.024708e-03,4.789700e+00
7.668102e+00,9.353391e+01,2.024708e-03,4.249600e+00
7.668102e+00,7.404358e+01,2.024708e-03,3.466700e+00
7.668102e+00,4.364916e+01,2.024708e-03,2.265300e+00
8.457334e+00,4.919994e+01,2.012758e-03,2.297600e+00
8.457334e+00,8.345956e+01,2.012758e-03,3.560000e+00
8.457334e+00,1.054284e+02,2.012758e-03,4.357700e+00
8.457334e+00,1.219410e+02,2.012758e-03,4.964700e+00
8.457334e+00,1.350143e+02,2.012758e-03,5.423600e+00
8.457334e+00,1.455778e+02,2.012758e-03,5.808600e+00
8.457334e+00,1.541484e+02,2.012758e-03,6.086600e+00
8.457334e+00,1.610446e+02,2.012758e-03,6.328600e+00
8.457334e+00,1.664746e+02,2.012758e-03,6.500600e+00
8.457334e+00,1.705785e+02,2.012758e-03,6.672100e+00
8.457334e+00,1.734503e+02,2.012758e-03,6.740600e+00
8.457334e+00,1.751509e+02,2.012758e-03,6.808900e+00
8.457334e+00,1.757141e+02,2.012758e-03,6.843000e+00
8.457334e+00,1.751509e+02,2.012758e-03,6.808900e+00
8.457334e+00,1.734503e+02,2.012758e-03,6.740600e+00
8.457334e+00,1.705785e+02,2.012758e-03,6.672100e+00
8.457334e+00,1.664746e+02,2.012758e-03,6.500600e+00
8.457334e+00,1.610446e+02,2.012758e-03,6.328600e+00
8.457334e+00,1.541484e+02,2.012758e-03,6.086600e+00
8.457334e+00,1.455778e+02,2.012758e-03,5.808600e+00
8.457334e+00,1.350143e+02,2.012758e-03,5.423600e+00
8.457334e+00,1.219410e+02,2.012758e-03,4.964700e+00
8.457334e+00,1.054284e+02,2.012758e-03,4.357700e+00
8.457334e+00,8.345956e+01,2.012758e-03,3.560000e+00
8.457334e+00,4.919994e+01,2.012758e-03,2.297600e+00
9.276325e+00,5.541140e+01,2.000004e-03,2.330200e+00
9.276325e+00,9.399627e+01,2.000004e-03,3.661400e+00
9.276325e+00,1.187387e+02,2.000004e-03,4.493700e+00
9.276325e+00,1.373360e+02,2.000004e-03,5.083800e+00
9.276325e+00,1.520597e+02,2.000004e-03,5.569800e+00
9.276325e+00,1.639569e+02,2.000004e-03,5.955000e+00
9.276325e+00,1.736095e+02,2.000004e-03,6.273700e+00
9.276325e+00,1.813764e+02,2.000004e-03,6.495600e+00
9.276325e+00,1.874919e+02,2.000004e-03,6.684900e+00
9.276325e+00,1.921139e+02,2.000004e-03,6.842200e+00
9.276325e+00,1.953483e+02,2.000004e-03,6.936200e+00
9.276325e+00,1.972636e+02,2.000004e-03,6.998900e+00
9.276325e+00,1.978978e+02,2.000004e-03,7.030200e+00
9.276325e+00,1.972636e+02,2.000004e-03,6.998900e+00
9.276325e+00,1.953483e+02,2.000004e-03,6.936200e+00
9.276325e+00,1.921139e+02,2.000004e-03,6.842200e+00
9.276325e+00,1.874919e+02,2.000004e-03,6.684900e+00
9.276325e+00,1.813764e+02,2.000004e-03,6.495600e+00
9.276325e+00,1.736095e+02,2.000004e-03,6.273700e+00
9.276325e+00,1.639569e+02,2.000004e-03,5.955000e+00
9.276325e+00,1.520597e+02,2.000004e-03,5.569800e+00
9.276325e+00,1.373360e+02,2.000004e-03,5.083800e+00
9.276325e+00,1.187387e+02,2.000004e-03,4.493700e+00
9.276325e+00,9.399627e+01,2.000004e-03,3.661400e+00
9.276325e+00,5.541140e+01,2.000004e-03,2.330200e+00
1.013246e+01,6.240759e+01,1.986020e-03,2.358000e+00
1.013246e+01,1.058642e+02,1.986020e-03,3.728500e+00
1.013246e+01,1.337305e+02,1.986020e-03,4.578400e+00
1.013246e+01,1.546759e+02,1.986020e-03,5.205600e+00
1.013246e+01,1.712587e+02,1.986020e-03,5.677700e+00
1.013246e+01,1.846579e+02,1.986020e-03,6.087100e+00
1.013246e+01,1.955293e+02,1.986020e-03,6.406200e+00
1.013246e+01,2.042768e+02,1.986020e-03,6.637000e+00
1.013246e+01,2.111644e+02,1.986020e-03,6.838000e+00
1.013246e+01,2.163700e+02,1.986020e-03,6.981100e+00
1.013246e+01,2.200128e+02,1.986020e-03,7.095300e+00
1.013246e+01,2.221699e+02,1.986020e-03,7.152200e+00
1.013246e+01,2.228842e+02,1.986020e-03,7.180700e+00
1.013246e+01,2.221699e+02,1.986020e-03,7.152200e+00
1.013246e+01,2.200128e+02,1.986020e-03,7.095300e+00
1.013246e+01,2.163700e+02,1.986020e-03,6.981100e+00
1.013246e+01,2.111644e+02,1.986020e-03,6.838000e+00
1.013246e+01,2.042768e+02,1.986020e-03,6.637000e+00
1.013246e+01,1.955293e+02,1.986020e-03,6.406200e+00
1.013246e+01,1.846579e+02,1.986020e-03,6.087100e+00
1.013246e+01,1.712587e+02,1.986020e-03,5.677700e+00
1.013246e+01,1.546759e+02,1.986020e-03,5.205600e+00
1.013246e+01,1.337305e+02,1.986020e-03,4.578400e+00
1.013246e+01,1.058642e+02,1.986020e-03,3.728500e+00
1.013246e+01,6.240759e+01,1.986020e-03,2.358000e+00
1.103262e+01,7.032539e+01,1.970531e-03,2.406200e+00
1.103262e+01,1.192954e+02,1.970531e-03,3.806400e+00
1.103262e+01,1.506973e+02,1.970531e-03,4.696700e+00
1.103262e+01,1.743000e+02,1.970531e-03,5.325900e+00
1.103262e+01,1.929867e+02,1.970531e-03,5.839200e+00
1.103262e+01,2.080860e+02,1.970531e-03,6.240600e+00
1.103262e+01,2.203366e+02,1.970531e-03,6.559200e+00
1.103262e+01,2.301939e+02,1.970531e-03,6.823000e+00
1.103262e+01,2.379554e+02,1.970531e-03,7.033100e+00
1.103262e+01,2.438214e+02,1.970531e-03,7.190000e+00
1.103262e+01,2.479264e+02,1.970531e-03,7.294300e+00
1.103262e+01,2.503571e+02,1.970531e-03,7.346400e+00
1.103262e+01,2.511621e+02,1.970531e-03,7.372400e+00
1.103262e+01,2.503571e+02,1.970531e-03,7.346400e+00
1.103262e+01,2.479264e+02,1.970531e-03,7.294300e+00
1.103262e+01,2.438214e+02,1.970531e-03,7.190000e+00
1.103262e+01,2.379554e+02,1.970531e-03,7.033100e+00
1.103262e+01,2.301939e+02,1.970531e-03,6.823000e+00
1.103262e+01,2.203366e+02,1.970531e-03,6.559200e+00
1.103262e+01,2.080860e+02,1.970531e-03,6.240600e+00
1.103262e+01,1.929867e+02,1.970531e-03,5.839200e+00
1.103262e+01,1.743000e+02,1.970531e-03,5.325900e+00
1.103262e+01,1.506973e+02,1.970531e-03,4.696700e+00
1.103262e+01,1.192954e+02,1.970531e-03,3.806400e+00
1.103262e+01,7.032539e+01,1.970531e-03,2.406200e+00
1.198306e+01,7.931558e+01,1.953231e-03,2.429800e+00
1.198306e+01,1.345458e+02,1.953231e-03,3.880600e+00
1.198306e+01,1.699620e+02,1.953231e-03,4.762800e+00
1.198306e+01,1.965820e+02,1.953231e-03,5.431500e+00
1.198306e+01,2.176575e+02,1.953231e-03,5.944900e+00
1.198306e+01,2.346870e+02,1.953231e-03,6.356400e+00
1.198306e+01,2.485038e+02,1.953231e-03,6.692500e+00
1.198306e+01,2.596212e+02,1.953231e-03,6.955000e+00
1.198306e+01,2.683749e+02,1.953231e-03,7.144900e+00
1.198306e+01,2.749908e+02,1.953231e-03,7.310400e+00
1.198306e+01,2.796206e+02,1.953231e-03,7.428300e+00
1.198306e+01,2.823620e+02,1.953231e-03,7.475400e+00
1.198306e+01,2.832699e+02,1.953231e-03,7.498900e+00
1.198306e+01,2.823620e+02,1.953231e-03,7.475400e+00
1.198306e+01,2.796206e+02,1.953231e-03,7.428300e+00
1.198306e+01,2.749908e+02,1.953231e-03,7.310400e+00
1.198306e+01,2.683749e+02,1.953231e-03,7.144900e+00
1.198306e+01,2.596212e+02,1.953231e-03,6.955000e+00
1.198306e+01,2.485038e+02,1.953231e-03,6.692500e+00
1.198306e+01,2.346870e+02,1.953231e-03,6.356400e+00
1.198306e+01,2.176575e+02,1.953231e-03,5.944900e+00
1.198306e+01,1.965820e+02,1.953231e-03,5.431500e+00
1.198306e+01,1.699620e+02,1.953231e-03,4.762800e+00
1.198306e+01,1.345458e+02,1.953231e-03,3.880600e+00
1.198306e+01,7.931558e+01,1.953231e-03,2.429800e+00
1.299170e+01,8.954396e+01,1.934745e-03,2.484500e+00
1.299170e+01,1.518965e+02,1.934745e-03,3.944500e+00
1.299170e+01,1.918799e+02,1.934745e-03,4.860300e+00
1.299170e+01,2.219328e+02,1.934745e-03,5.534800e+00
1.299170e+01,2.457262e+02,1.934745e-03,6.067100e+00
1.299170e+01,2.649518e+02,1.934745e-03,6.484100e+00
1.299170e+01,2.805503e+02,1.934745e-03,6.832400e+00
1.299170e+01,2.931014e+02,1.934745e-03,7.091800e+00
1.299170e+01,3.029840e+02,1.934745e-03,7.306900e+00
1.299170e+01,3.104530e+02,1.934745e-03,7.456900e+00
1.299170e+01,3.156799e+02,1.934745e-03,7.585100e+00
1.299170e+01,3.187749e+02,1.934745e-03,7.649000e+00
1.299170e+01,3.197999e+02,1.934745e-03,7.670300e+00
1.299170e+01,3.187749e+02,1.934745e-03,7.649000e+00
1.299170e+01,3.156799e+02,1.934745e-03,7.585100e+00
1.299170e+01,3.104530e+02,1.934745e-03,7.456900e+00
1.299170e+01,3.029840e+02,1.934745e-03,7.306900e+00
1.299170e+01,2.931014e+02,1.934745e-03,7.091800e+00
1.299170e+01,2.805503e+02,1.934745e-03,6.832400e+00
1.299170e+01,2.649518e+02,1.934745e-03,6.484100e+00
1.299170e+01,2.457262e+02,1.934745e-03,6.067100e+00
1.299170e+01,2.219328e+02,1.934745e-03,5.534800e+00
1.299170e+01,1.918799e+02,1.934745e-03,4.860300e+00
1.299170e+01,1.518965e+02,1.934745e-03,3.944500e+00
1.299170e+01,8.954396e+01,1.934745e-03,2.484500e+00
1.406422e+01,1.011975e+02,1.914541e-03,2.528900e+00
1.406422e+01,1.716649e+02,1.914541e-03,4.059300e+00
1.406422e+01,2.168519e+02,1.914541e-03,5.000900e+00
1.406422e+01,2.508160e+02,1.914541e-03,5.699000e+00
1.406422e+01,2.777059e+02,1.914541e-03,6.245600e+00
1.406422e+01,2.994336e+02,1.914541e-03,6.666100e+00
1.406422e+01,3.170622e+02,1.914541e-03,7.023500e+00
1.406422e+01,3.312467e+02,1.914541e-03,7.299400e+00
1.406422e+01,3.424155e+02,1.914541e-03,7.515100e+00
1.406422e+01,3.508566e+02,1.914541e-03,7.690800e+00
1.406422e+01,3.567637e+02,1.914541e-03,7.807500e+00
1.406422e+01,3.602614e+02,1.914541e-03,7.865800e+00
1.406422e+01,3.614198e+02,1.914541e-03,7.885200e+00
1.406422e+01,3.602614e+02,1.914541e-03,7.865800e+00
1.406422e+01,3.567637e+02,1.914541e-03,7.807500e+00
1.406422e+01,3.508566e+02,1.914541e-03,7.690800e+00
1.406422e+01,3.424155e+02,1.914541e-03,7.515100e+00
1.406422e+01,3.312467e+02,1.914541e-03,7.299400e+00
1.406422e+01,3.170622e+02,1.914541e-03,7.023500e+00
1.406422e+01,2.994336e+02,1.914541e-03,6.666100e+00
1.406422e+01,2.777059e+02,1.914541e-03,6.245600e+00
1.406422e+01,2.508160e+02,1.914541e-03,5.699000e+00
1.406422e+01,2.168519e+02,1.914541e-03,5.000900e+00
1.406422e+01,1.716649e+02,1.914541e-03,4.059300e+00
1.406422e+01,1.011975e+02,1.914541e-03,2.528900e+00
1.520377e+01,1.144756e+02,1.891468e-03,2.572600e+00
1.520377e+01,1.941890e+02,1.891468e-03,4.140400e+00
1.520377e+01,2.453049e+02,1.891468e-03,5.109500e+00
1.520377e+01,2.837254e+02,1.891468e-03,5.835900e+00
1.520377e+01,3.141436e+02,1.891468e-03,6.386500e+00
1.520377e+01,3.387222e+02,1.891468e-03,6.840000e+00
1.520377e+01,3.586638e+02,1.891468e-03,7.199400e+00
1.520377e+01,3.747095e+02,1.891468e-03,7.484900e+00
1.520377e+01,3.873437e+02,1.891468e-03,7.697800e+00
1.520377e+01,3.968923e+02,1.891468e-03,7.874400e+00
1.520377e+01,4.035744e+02,1.891468e-03,7.997600e+00
1.520377e+01,4.075312e+02,1.891468e-03,8.067900e+00
1.520377e+01,4.088415e+02,1.891468e-03,8.085400e+00
1.520377e+01,4.075312e+02,1.891468e-03,8.067900e+00
1.520377e+01,4.035744e+02,1.891468e-03,7.997600e+00
1.520377e+01,3.968923e+02,1.891468e-03,7.874400e+00
1.520377e+01,3.873437e+02,1.891468e-03,7.697800e+00
1.520377e+01,3.747095e+02,1.891468e-03,7.484900e+00
1.520377e+01,3.586638e+02,1.891468e-03,7.199400e+00
1.520377e+01,3.387222e+02,1.891468e-03,6.840000e+00
1.520377e+01,3.141436e+02,1.891468e-03,6.386500e+00
1.520377e+01,2.837254e+02,1.891468e-03,5.835900e+00
1.520377e+01,2.453049e+02,1.891468e-03,5.109500e+00
1.520377e+01,1.941890e+02,1.891468e-03,4.140400e+00
1.520377e+01,1.144756e+02,1.891468e-03,2.572600e+00
1.641370e+01,1.295896e+02,1.864957e-03,2.690200e+00
1.641370e+01,2.198274e+02,1.864957e-03,4.319500e+00
1.641370e+01,2.776921e+02,1.864957e-03,5.335800e+00
1.641370e+01,3.211852e+02,1.864957e-03,6.073700e+00
1.641370e+01,3.556194e+02,1.864957e-03,6.664900e+00
1.641370e+01,3.834431e+02,1.864957e-03,7.115500e+00
1.641370e+01,4.060175e+02,1.864957e-03,7.495600e+00
1.641370e+01,4.241817e+02,1.864957e-03,7.790700e+00
1.641370e+01,4.384839e+02,1.864957e-03,8.018900e+00
1.641370e+01,4.492933e+02,1.864957e-03,8.197300e+00
1.641370e+01,4.568577e+02,1.864957e-03,8.326600e+00
1.641370e+01,4.613368e+02,1.864957e-03,8.391100e+00
1.641370e+01,4.628202e+02,1.864957e-03,8.423300e+00
1.641370e+01,4.613368e+02,1.864957e-03,8.391100e+00
1.641370e+01,4.568577e+02,1.864957e-03,8.326600e+00
1.641370e+01,4.492933e+02,1.864957e-03,8.197300e+00
1.641370e+01,4.384839e+02,1.864957e-03,8.018900e+00
1.641370e+01,4.241817e+02,1.864957e-03,7.790700e+00
1.641370e+01,4.060175e+02,1.864957e-03,7.495600e+00
1.641370e+01,3.834431e+02,1.864957e-03,7.115500e+00
1.641370e+01,3.556194e+02,1.864957e-03,6.664900e+00
1.641370e+01,3.211852e+02,1.864957e-03,6.073700e+00
1.641370e+01,2.776921e+02,1.864957e-03,5.335800e+00
1.641370e+01,2.198274e+02,1.864957e-03,4.319500e+00
1.641370e+01,1.295896e+02,1.864957e-03,2.690200e+00
1.770001e+01,1.467628e+02,1.835610e-03,2.765200e+00
1.770001e+01,2.489588e+02,1.835610e-03,4.453500e+00
1.770001e+01,3.144917e+02,1.835610e-03,5.493300e+00
1.770001e+01,3.637485e+02,1.835610e-03,6.275500e+00
1.770001e+01,4.027459e+02,1.835610e-03,6.875500e+00
1.770001e+01,4.342567e+02,1.835610e-03,7.346300e+00
1.770001e+01,4.598227e+02,1.835610e-03,7.737200e+00
1.770001e+01,4.803940e+02,1.835610e-03,8.035300e+00
1.770001e+01,4.965916e+02,1.835610e-03,8.287100e+00
1.770001e+01,5.088333e+02,1.835610e-03,8.463900e+00
1.770001e+01,5.174002e+02,1.835610e-03,8.581300e+00
1.770001e+01,5.224728e+02,1.835610e-03,8.654500e+00
1.770001e+01,5.241528e+02,1.835610e-03,8.683800e+00
1.770001e+01,5.224728e+02,1.835610e-03,8.654500e+00
1.770001e+01,5.174002e+02,1.835610e-03,8.581300e+00
1.770001e+01,5.088333e+02,1.835610e-03,8.463900e+00
1.770001e+01,4.965916e+02,1.835610e-03,8.287100e+00
1.770001e+01,4.803940e+02,1.835610e-03,8.035300e+00
1.770001e+01,4.598227e+02,1.835610e-03,7.737200e+00
1.770001e+01,4.342567e+02,1.835610e-03,7.346300e+00
1.770001e+01,4.027459e+02,1.835610e-03,6.875500e+00
1.770001e+01,3.637485e+02,1.835610e-03,6.275500e+00
1.770001e+01,3.144917e+02,1.835610e-03,5.493300e+00
1.770001e+01,2.489588e+02,1.835610e-03,4.453500e+00
1.770001e+01,1.467628e+02,1.835610e-03,2.765200e+00
1.906611e+01,1.662436e+02,1.803049e-03,2.788800e+00
1.906611e+01,2.820048e+02,1.803049e-03,4.512800e+00
1.906611e+01,3.562363e+02,1.803049e-03,5.573900e+00
1.906611e+01,4.120313e+02,1.803049e-03,6.358400e+00
1.906611e+01,4.562051e+02,1.803049e-03,6.964100e+00
1.906611e+01,4.918986e+02,1.803049e-03,7.452900e+00
1.906611e+01,5.208582e+02,1.803049e-03,7.842400e+00
1.906611e+01,5.441600e+02,1.803049e-03,8.148700e+00
1.906611e+01,5.625076e+02,1.803049e-03,8.399900e+00
1.906611e+01,5.763743e+02,1.803049e-03,8.570900e+00
1.906611e+01,5.860783e+02,1.803049e-03,8.701900e+00
1.906611e+01,5.918243e+02,1.803049e-03,8.780300e+00
1.906611e+01,5.937272e+02,1.803049e-03,8.806400e+00
1.906611e+01,5.918243e+02,1.803049e-03,8.780300e+00
1.906611e+01,5.860783e+02,1.803049e-03,8.701900e+00
1.906611e+01,5.763743e+02,1.803049e-03,8.570900e+00
1.906611e+01,5.625076e+02,1.803049e-03,8.399900e+00
1.906611e+01,5.441600e+02,1.803049e-03,8.148700e+00
1.906611e+01,5.208582e+02,1.803049e-03,7.842400e+00
1.906611e+01,4.918986e+02,1.803049e-03,7.452900e+00
1.906611e+01,4.562051e+02,1.803049e-03,6.964100e+00
1.906611e+01,4.120313e+02,1.803049e-03,6.358400e+00
1.906611e+01,3.562363e+02,1.803049e-03,5.573900e+00
1.906611e+01,2.820048e+02,1.803049e-03,4.512800e+00
1.906611e+01,1.662436e+02,1.803049e-03,2.788800e+00
2.050528e+01,1.882731e+02,1.764822e-03,2.807600e+00
2.050528e+01,3.193741e+02,1.764822e-03,4.546400e+00
2.050528e+01,4.034423e+02,1.764822e-03,5.620300e+00
2.050528e+01,4.666308e+02,1.764822e-03,6.418700e+00
2.050528e+01,5.166582e+02,1.764822e-03,7.031100e+00
2.050528e+01,5.570816e+02,1.764822e-03,7.513900e+00
2.050528e+01,5.898787e+02,1.764822e-03,7.907800e+00
2.050528e+01,6.162683e+02,1.764822e-03,8.215200e+00
2.050528e+01,6.370472e+02,1.764822e-03,8.461700e+00
2.050528e+01,6.527514e+02,1.764822e-03,8.648400e+00
2.050528e+01,6.637412e+02,1.764822e-03,8.776300e+00
2.050528e+01,6.702487e+02,1.764822e-03,8.845800e+00
2.050528e+01,6.724038e+02,1.764822e-03,8.869000e+00
2.050528e+01,6.702487e+02,1.764822e-03,8.845800e+00
2.050528e+01,6.637412e+02,1.764822e-03,8.776300e+00
2.050528e+01,6.527514e+02,1.764822e-03,8.648400e+00
2.050528e+01,6.370472e+02,1.764822e-03,8.461700e+00
2.050528e+01,6.162683e+02,1.764822e-03,8.215200e+00
2.050528e+01,5.898787e+02,1.764822e-03,7.907800e+00
2.050528e+01,5.570816e+02,1.764822e-03,7.513900e+00
2.050528e+01,5.166582e+02,1.764822e-03,7.031100e+00
2.050528e+01,4.666308e+02,1.764822e-03,6.418700e+00
2.050528e+01,4.034423e+02,1.764822e-03,5.620300e+00
2.050528e+01,3.193741e+02,1.764822e-03,4.546400e+00
2.050528e+01,1.882731e+02,1.764822e-03,2.807600e+00
2.202497e+01,2.130889e+02,1.722949e-03,2.851900e+00
2.202497e+01,3.614700e+02,1.722949e-03,4.619000e+00
2.202497e+01,4.566190e+02,1.722949e-03,5.720700e+00
2.202497e+01,5.281362e+02,1.722949e-03,6.514600e+00
2.202497e+01,5.847576e+02,1.722949e-03,7.139800e+00
2.202497e+01,6.305091e+02,1.722949e-03,7.636600e+00
2.202497e+01,6.676291e+02,1.722949e-03,8.031300e+00
2.202497e+01,6.974970e+02,1.722949e-03,8.337600e+00
2.202497e+01,7.210147e+02,1.722949e-03,8.590000e+00
2.202497e+01,7.387889e+02,1.722949e-03,8.778100e+00
2.202497e+01,7.512273e+02,1.722949e-03,8.903000e+00
2.202497e+01,7.585924e+02,1.722949e-03,8.986000e+00
2.202497e+01,7.610316e+02,1.722949e-03,9.006700e+00
2.202497e+01,7.585924e+02,1.722949e-03,8.986000e+00
2.202497e+01,7.512273e+02,1.722949e-03,8.903000e+00
2.202497e+01,7.387889e+02,1.722949e-03,8.778100e+00
2.202497e+01,7.210147e+02,1.722949e-03,8.590000e+00
2.202497e+01,6.974970e+02,1.722949e-03,8.337600e+00
2.202497e+01,6.676291e+02,1.722949e-03,8.031300e+00
2.202497e+01,6.305091e+02,1.722949e-03,7.636600e+00
2.202497e+01,5.847576e+02,1.722949e-03,7.139800e+00
2.202497e+01,5.281362e+02,1.722949e-03,6.514600e+00
2.202497e+01,4.566190e+02,1.722949e-03,5.720700e+00
2.202497e+01,3.614700e+02,1.722949e-03,4.619000e+00
2.202497e+01,2.130889e+02,1.722949e-03,2.851900e+00
2.360887e+01,2.409358e+02,1.673951e-03,2.886000e+00
2.360887e+01,4.087076e+02,1.673951e-03,4.683900e+00
2.360887e+01,5.162909e+02,1.673951e-03,5.782300e+00
2.360887e+01,5.971542e+02,1.673951e-03,6.591400e+00
2.360887e+01,6.611750e+02,1.673951e-03,7.217500e+00
2.360887e+01,7.129053e+02,1.673951e-03,7.718500e+00
2.360887e+01,7.548762e+02,1.673951e-03,8.118800e+00
2.360887e+01,7.886474e+02,1.673951e-03,8.439400e+00
2.360887e+01,8.152384e+02,1.673951e-03,8.682400e+00
2.360887e+01,8.353353e+02,1.673951e-03,8.868100e+00
2.360887e+01,8.493992e+02,1.673951e-03,8.997500e+00
2.360887e+01,8.577269e+02,1.673951e-03,9.080400e+00
2.360887e+01,8.604848e+02,1.673951e-03,9.098800e+00
2.360887e+01,8.577269e+02,1.673951e-03,9.080400e+00
2.360887e+01,8.493992e+02,1.673951e-03,8.997500e+00
2.360887e+01,8.353353e+02,1.673951e-03,8.868100e+00
2.360887e+01,8.152384e+02,1.673951e-03,8.682400e+00
2.360887e+01,7.886474e+02,1.673951e-03,8.439400e+00
2.360887e+01,7.548762e+02,1.673951e-03,8.118800e+00
2.360887e+01,7.129053e+02,1.673951e-03,7.718500e+00
2.360887e+01,6.611750e+02,1.673951e-03,7.217500e+00
2.360887e+01,5.971542e+02,1.673951e-03,6.591400e+00
2.360887e+01,5.162909e+02,1.673951e-03,5.782300e+00
2.360887e+01,4.087076e+02,1.673951e-03,4.683900e+00
2.360887e+01,2.409358e+02,1.673951e-03,2.886000e+00
2.525719e+01,2.720047e+02,1.619517e-03,2.898500e+00
2.525719e+01,4.614110e+02,1.619517e-03,4.701400e+00
2.525719e+01,5.828673e+02,1.619517e-03,5.814900e+00
2.525719e+01,6.741580e+02,1.619517e-03,6.621600e+00
2.525719e+01,7.464343e+02,1.619517e-03,7.247600e+00
2.525719e+01,8.048354e+02,1.619517e-03,7.752100e+00
2.525719e+01,8.522185e+02,1.619517e-03,8.148300e+00
2.525719e+01,8.903445e+02,1.619517e-03,8.464800e+00
2.525719e+01,9.203645e+02,1.619517e-03,8.712500e+00
2.525719e+01,9.430529e+02,1.619517e-03,8.901100e+00
2.525719e+01,9.589304e+02,1.619517e-03,9.031600e+00
2.525719e+01,9.683319e+02,1.619517e-03,9.104700e+00
2.525719e+01,9.714455e+02,1.619517e-03,9.129100e+00
2.525719e+01,9.683319e+02,1.619517e-03,9.104700e+00
2.525719e+01,9.589304e+02,1.619517e-03,9.031600e+00
2.525719e+01,9.430529e+02,1.619517e-03,8.901100e+00
2.525719e+01,9.203645e+02,1.619517e-03,8.712500e+00
2.525719e+01,8.903445e+02,1.619517e-03,8.464800e+00
2.525719e+01,8.522185e+02,1.619517e-03,8.148300e+00
2.525719e+01,8.048354e+02,1.619517e-03,7.752100e+00
2.525719e+01,7.464343e+02,1.619517e-03,7.247600e+00
2.525719e+01,6.741580e+02,1.619517e-03,6.621600e+00
2.525719e+01,5.828673e+02,1.619517e-03,5.814900e+00
2.525719e+01,4.614110e+02,1.619517e-03,4.701400e+00
2.525719e+01,2.720047e+02,1.619517e-03,2.898500e+00
2.671291e+01,3.064448e+02,1.517133e-03,2.856800e+00
2.671291e+01,5.198329e+02,1.517133e-03,4.647000e+00
2.671291e+01,6.566674e+02,1.517133e-03,5.740800e+00
2.671291e+01,7.595169e+02,1.517133e-03,6.540200e+00
2.671291e+01,8.409446e+02,1.517133e-03,7.154800e+00
2.671291e+01,9.067401e+02,1.517133e-03,7.646300e+00
2.671291e+01,9.601227e+02,1.517133e-03,8.035000e+00
2.671291e+01,1.003076e+03,1.517133e-03,8.346500e+00
2.671291e+01,1.036897e+03,1.517133e-03,8.590400e+00
2.671291e+01,1.062458e+03,1.517133e-03,8.768400e+00
2.671291e+01,1.080346e+03,1.517133e-03,8.895900e+00
2.671291e+01,1.090938e+03,1.517133e-03,8.973500e+00
2.671291e+01,1.094446e+03,1.517133e-03,8.994700e+00
2.671291e+01,1.090938e+03,1.517133e-03,8.973500e+00
2.671291e+01,1.080346e+03,1.517133e-03,8.895900e+00
2.671291e+01,1.062458e+03,1.517133e-03,8.768400e+00
2.671291e+01,1.036897e+03,1.517133e-03,8.590400e+00
2.671291e+01,1.003076e+03,1.517133e-03,8.346500e+00
2.671291e+01,9.601227e+02,1.517133e-03,8.035000e+00
2.671291e+01,9.067401e+02,1.517133e-03,7.646300e+00
2.671291e+01,8.409446e+02,1.517133e-03,7.154800e+00
2.671291e+01,7.595169e+02,1.517133e-03,6.540200e+00
2.671291e+01,6.566674e+02,1.517133e-03,5.740800e+00
2.671291e+01,5.198329e+02,1.517133e-03,4.647000e+00
2.671291e+01,3.064448e+02,1.517133e-03,2.856800e+00
2.226585e+01,3.101956e+02,7.811707e-04,1.842400e+00
2.226585e+01,5.261955e+02,7.811707e-04,3.005700e+00
2.226585e+01,6.647049e+02,7.811707e-04,3.724800e+00
2.226585e+01,7.688132e+02,7.811707e-04,4.250400e+00
2.226585e+01,8.512376e+02,7.811707e-04,4.656900e+00
2.226585e+01,9.178384e+02,7.811707e-04,4.983400e+00
2.226585e+01,9.718744e+02,7.811707e-04,5.243000e+00
2.226585e+01,1.015353e+03,7.811707e-04,5.447400e+00
2.226585e+01,1.049588e+03,7.811707e-04,5.612400e+00
2.226585e+01,1.075462e+03,7.811707e-04,5.729500e+00
2.226585e+01,1.093569e+03,7.811707e-04,5.818100e+00
2.226585e+01,1.104291e+03,7.811707e-04,5.864500e+00
2.226585e+01,1.107841e+03,7.811707e-04,5.883100e+00
2.226585e+01,1.104291e+03,7.811707e-04,5.864500e+00
2.226585e+01,1.093569e+03,7.811707e-04,5.818100e+00
2.226585e+01,1.075462e+03,7.811707e-04,5.729500e+00
2.226585e+01,1.049588e+03,7.811707e-04,5.612400e+00
2.226585e+01,1.015353e+03,7.811707e-04,5.447400e+00
2.226585e+01,9.718744e+02,7.811707e-04,5.243000e+00
2.226585e+01,9.178384e+02,7.811707e-04,4.983400e+00
2.226585e+01,8.512376e+02,7.811707e-04,4.656900e+00
2.226585e+01,7.688132e+02,7.811707e-04,4.250400e+00
2.226585e+01,6.647049e+02,7.811707e-04,3.724800e+00
2.226585e+01,5.261955e+02,7.811707e-04,3.005700e+00
2.226585e+01,3.101956e+02,7.811707e-04,1.842400e+00
1.780594e+01,2.873405e+02,3.920144e-04,1.124600e+00
1.780594e+01,4.874256e+02,3.920144e-04,1.840900e+00
1.780594e+01,6.157296e+02,3.920144e-04,2.287700e+00
1.780594e+01,7.121672e+02,3.920144e-04,2.613300e+00
1.780594e+01,7.885186e+02,3.920144e-04,2.871700e+00
1.780594e+01,8.502123e+02,3.920144e-04,3.073500e+00
1.780594e+01,9.002669e+02,3.920144e-04,3.236800e+00
1.780594e+01,9.405424e+02,3.920144e-04,3.369600e+00
1.780594e+01,9.722550e+02,3.920144e-04,3.469200e+00
1.780594e+01,9.962226e+02,3.920144e-04,3.545900e+00
1.780594e+01,1.012995e+03,3.920144e-04,3.599900e+00
1.780594e+01,1.022927e+03,3.920144e-04,3.631700e+00
1.780594e+01,1.026216e+03,3.920144e-04,3.641200e+00
1.780594e+01,1.022927e+03,3.920144e-04,3.631700e+00
1.780594e+01,1.012995e+03,3.920144e-04,3.599900e+00
1.780594e+01,9.962226e+02,3.920144e-04,3.545900e+00
1.780594e+01,9.722550e+02,3.920144e-04,3.469200e+00
1.780594e+01,9.405424e+02,3.920144e-04,3.369600e+00
1.780594e+01,9.002669e+02,3.920144e-04,3.236800e+00
1.780594e+01,8.502123e+02,3.920144e-04,3.073500e+00
1.780594e+01,7.885186e+02,3.920144e-04,2.871700e+00
1.780594e+01,7.121672e+02,3.920144e-04,2.613300e+00
1.780594e+01,6.157296e+02,3.920144e-04,2.287700e+00
1.780594e+01,4.874256e+02,3.920144e-04,1.840900e+00
1.780594e+01,2.873405e+02,3.920144e-04,1.124600e+00
1.113934e+01,2.665997e+02,9.478967e-05,4.069000e-01
1.113934e+01,4.522423e+02,9.478967e-05,6.660000e-01
1.113934e+01,5.712851e+02,9.478967e-05,8.286000e-01
1.113934e+01,6.607618e+02,9.478967e-05,9.495000e-01
1.113934e+01,7.316019e+02,9.478967e-05,1.044400e+00
1.113934e+01,7.888425e+02,9.478967e-05,1.120600e+00
1.113934e+01,8.352841e+02,9.478967e-05,1.181400e+00
1.113934e+01,8.726524e+02,9.478967e-05,1.231200e+00
1.113934e+01,9.020759e+02,9.478967e-05,1.269000e+00
1.113934e+01,9.243135e+02,9.478967e-05,1.297500e+00
1.113934e+01,9.398755e+02,9.478967e-05,1.318200e+00
1.113934e+01,9.490901e+02,9.478967e-05,1.329800e+00
1.113934e+01,9.521419e+02,9.478967e-05,1.333600e+00
1.113934e+01,9.490901e+02,9.478967e-05,1.329800e+00
1.113934e+01,9.398755e+02,9.478967e-05,1.318200e+00
1.113934e+01,9.243135e+02,9.478967e-05,1.297500e+00
1.113934e+01,9.020759e+02,9.478967e-05,1.269000e+00
1.113934e+01,8.726524e+02,9.478967e-05,1.231200e+00
1.113934e+01,8.352841e+02,9.478967e-05,1.181400e+00
1.113934e+01,7.888425e+02,9.478967e-05,1.120600e+00
1.113934e+01,7.316019e+02,9.478967e-05,1.044400e+00
1.113934e+01,6.607618e+02,9.478967e-05,9.495000e-01
1.113934e+01,5.712851e+02,9.478967e-05,8.286000e-01
1.113934e+01,4.522423e+02,9.478967e-05,6.660000e-01
1.113934e+01,2.665997e+02,9.478967e-05,4.069000e-01
9.486440e-01,2.570460e+02,5.827763e-08,5.000000e-03
9.486440e-01,4.360360e+02,5.827763e-08,5.300000e-03
9.486440e-01,5.508128e+02,5.827763e-08,5.100000e-03
9.486440e-01,6.370830e+02,5.827763e-08,4.900000e-03
9.486440e-01,7.053845e+02,5.827763e-08,4.600000e-03
9.486440e-01,7.605739e+02,5.827763e-08,5.800000e-03
9.486440e-01,8.053512e+02,5.827763e-08,6.600000e-03
9.486440e-01,8.413804e+02,5.827763e-08,7.100000e-03
9.486440e-01,8.697495e+02,5.827763e-08,7.500000e-03
9.486440e-01,8.911902e+02,5.827763e-08,7.800000e-03
9.486440e-01,9.061945e+02,5.827763e-08,8.000000e-03
9.486440e-01,9.150789e+02,5.827763e-08,8.100000e-03
9.486440e-01,9.180213e+02,5.827763e-08,8.100000e-03
9.486440e-01,9.150789e+02,5.827763e-08,8.100000e-03
9.486440e-01,9.061945e+02,5.827763e-08,8.000000e-03
9.486440e-01,8.911902e+02,5.827763e-08,7.800000e-03
9.486440e-01,8.697495e+02,5.827763e-08,7.500000e-03
9.486440e-01,8.413804e+02,5.827763e-08,7.100000e-03
9.486440e-01,8.053512e+02,5.827763e-08,6.600000e-03
9.486440e-01,7.605739e+02,5.827763e-08,5.800000e-03
9.486440e-01,7.053845e+02,5.827763e-08,4.600000e-03
9.486440e-01,6.370830e+02,5.827763e-08,4.900000e-03
9.486440e-01,5.508128e+02,5.827763e-08,5.100000e-03
9.486440e-01,4.360360e+02,5.827763e-08,5.300000e-03
9.486440e-01,2.570460e+02,5.827763e-08,5.000000e-03
1.860880e+00,2.879040e+01,9.379031e-04,1.020300e+00
1.860880e+00,4.883815e+01,1.197332e-03,1.941700e+00
1.860880e+00,6.169372e+01,1.452066e-03,2.838900e+00
1.860880e+00,7.135640e+01,1.735517e-03,3.773500e+00
1.860880e+00,7.900651e+01,2.042761e-03,4.821600e+00
1.860880e+00,8.518798e+01,2.364881e-03,5.889600e+00
1.860880e+00,9.020326e+01,2.689898e-03,6.972900e+00
1.860880e+00,9.423871e+01,3.003441e-03,8.013300e+00
1.860880e+00,9.741618e+01,3.289743e-03,8.948500e+00
1.860880e+00,9.981764e+01,3.532943e-03,9.799400e+00
1.860880e+00,1.014982e+02,3.718564e-03,1.035410e+01
1.860880e+00,1.024933e+02,3.834980e-03,1.073620e+01
1.860880e+00,1.028229e+02,3.874655e-03,1.092470e+01
1.860880e+00,1.024933e+02,3.834980e-03,1.073620e+01
1.860880e+00,1.014982e+02,3.718564e-03,1.035410e+01
1.860880e+00,9.981764e+01,3.532943e-03,9.799400e+00
1.860880e+00,9.741618e+01,3.289743e-03,8.948500e+00
1.860880e+00,9.423871e+01,3.003441e-03,8.013300e+00
1.860880e+00,9.020326e+01,2.689898e-03,6.972900e+00
1.860880e+00,8.518798e+01,2.364881e-03,5.889600e+00
1.860880e+00,7.900651e+01,2.042761e-03,4.821600e+00
1.860880e+00,7.135640e+01,1.735517e-03,3.773500e+00
1.860880e+00,6.169372e+01,1.452066e-03,2.838900e+00
1.860880e+00,4.883815e+01,1.197332e-03,1.941700e+00
1.860880e+00,2.879040e+01,9.379031e-04,1.020300e+00
2.923439e+00,2.047528e+01,7.368098e-04,6.216000e-01
2.923439e+00,3.473293e+01,9.400814e-04,1.176600e+00
2.923439e+00,4.387561e+01,1.140040e-03,1.698200e+00
2.923439e+00,5.074756e+01,1.362535e-03,2.274300e+00
2.923439e+00,5.618819e+01,1.603697e-03,2.873700e+00
2.923439e+00,6.058436e+01,1.856526e-03,3.549200e+00
2.923439e+00,6.415115e+01,2.111620e-03,4.176800e+00
2.923439e+00,6.702110e+01,2.357702e-03,4.817700e+00
2.923439e+00,6.928087e+01,2.582399e-03,5.381000e+00
2.923439e+00,7.098875e+01,2.773264e-03,5.892900e+00
2.923439e+00,7.218393e+01,2.918940e-03,6.255300e+00
2.923439e+00,7.289163e+01,3.010301e-03,6.512500e+00
2.923439e+00,7.312601e+01,3.041438e-03,6.575700e+00
2.923439e+00,7.289163e+01,3.010301e-03,6.512500e+00
2.923439e+00,7.218393e+01,2.918940e-03,6.255300e+00
2.923439e+00,7.098875e+01,2.773264e-03,5.892900e+00
2.923439e+00,6.928087e+01,2.582399e-03,5.381000e+00
2.923439e+00,6.702110e+01,2.357702e-03,4.817700e+00
2.923439e+00,6.415115e+01,2.111620e-03,4.176800e+00
2.923439e+00,6.058436e+01,1.856526e-03,3.549200e+00
2.923439e+00,5.618819e+01,1.603697e-03,2.873700e+00
2.923439e+00,5.074756e+01,1.362535e-03,2.274300e+00
2.923439e+00,4.387561e+01,1.140040e-03,1.698200e+00
2.923439e+00,3.473293e+01,9.400814e-04,1.176600e+00
2.923439e+00,2.047528e+01,7.368098e-04,6.216000e-01
3.802205e+00,2.253884e+01,7.071704e-04,6.557000e-01
3.802205e+00,3.823341e+01,9.027203e-04,1.204500e+00
3.802205e+00,4.829751e+01,1.094770e-03,1.750000e+00
3.802205e+00,5.586203e+01,1.308471e-03,2.359800e+00
3.802205e+00,6.185099e+01,1.540108e-03,3.004900e+00
3.802205e+00,6.669022e+01,1.782960e-03,3.689500e+00
3.802205e+00,7.061647e+01,2.027995e-03,4.379400e+00
3.802205e+00,7.377567e+01,2.264379e-03,5.034100e+00
3.802205e+00,7.626318e+01,2.480225e-03,5.610500e+00
3.802205e+00,7.814319e+01,2.663575e-03,6.131600e+00
3.802205e+00,7.945882e+01,2.803516e-03,6.502200e+00
3.802205e+00,8.023785e+01,2.891283e-03,6.763000e+00
3.802205e+00,8.049585e+01,2.921194e-03,6.828500e+00
3.802205e+00,8.023785e+01,2.891283e-03,6.763000e+00
3.802205e+00,7.945882e+01,2.803516e-03,6.502200e+00
3.802205e+00,7.814319e+01,2.663575e-03,6.131600e+00
3.802205e+00,7.626318e+01,2.480225e-03,5.610500e+00
3.802205e+00,7.377567e+01,2.264379e-03,5.034100e+00
3.802205e+00,7.061647e+01,2.027995e-03,4.379400e+00
3.802205e+00,6.669022e+01,1.782960e-03,3.689500e+00
3.802205e+00,6.185099e+01,1.540108e-03,3.004900e+00
3.802205e+00,5.586203e+01,1.308471e-03,2.359800e+00
3.802205e+00,4.829751e+01,1.094770e-03,1.750000e+00
3.802205e+00,3.823341e+01,9.027203e-04,1.204500e+00
3.802205e+00,2.253884e+01,7.071704e-04,6.557000e-01
4.613169e+00,2.601645e+01,6.959690e-04,7.031000e-01
4.613169e+00,4.413261e+01,8.884602e-04,1.330600e+00
4.613169e+00,5.574954e+01,1.077479e-03,1.953700e+00
4.613169e+00,6.448123e+01,1.287808e-03,2.595300e+00
4.613169e+00,7.139425e+01,1.515791e-03,3.313400e+00
4.613169e+00,7.698014e+01,1.754812e-03,4.082400e+00
4.613169e+00,8.151219e+01,1.995983e-03,4.866900e+00
4.613169e+00,8.515883e+01,2.228639e-03,5.568800e+00
4.613169e+00,8.803015e+01,2.441082e-03,6.247400e+00
4.613169e+00,9.020024e+01,2.621542e-03,6.806900e+00
4.613169e+00,9.171887e+01,2.759277e-03,7.273300e+00
4.613169e+00,9.261809e+01,2.845659e-03,7.553300e+00
4.613169e+00,9.291590e+01,2.875099e-03,7.626100e+00
4.613169e+00,9.261809e+01,2.845659e-03,7.553300e+00
4.613169e+00,9.171887e+01,2.759277e-03,7.273300e+00
4.613169e+00,9.020024e+01,2.621542e-03,6.806900e+00
4.613169e+00,8.803015e+01,2.441082e-03,6.247400e+00
4.613169e+00,8.515883e+01,2.228639e-03,5.568800e+00
4.613169e+00,8.151219e+01,1.995983e-03,4.866900e+00
4.613169e+00,7.698014e+01,1.754812e-03,4.082400e+00
4.613169e+00,7.139425e+01,1.515791e-03,3.313400e+00
4.613169e+00,6.448123e+01,1.287808e-03,2.595300e+00
4.613169e+00,5.574954e+01,1.077479e-03,1.953700e+00
4.613169e+00,4.413261e+01,8.884602e-04,1.330600e+00
4.613169e+00,2.601645e+01,6.959690e-04,7.031000e-01
5.386476e+00,2.989955e+01,6.896768e-04,7.462000e-01
5.386476e+00,5.071963e+01,8.804370e-04,1.434600e+00
5.386476e+00,6.407046e+01,1.067750e-03,2.089900e+00
5.386476e+00,7.410539e+01,1.276180e-03,2.808100e+00
5.386476e+00,8.205022e+01,1.502106e-03,3.585100e+00
5.386476e+00,8.846983e+01,1.738970e-03,4.380200e+00
5.386476e+00,9.367832e+01,1.977964e-03,5.236900e+00
5.386476e+00,9.786924e+01,2.208521e-03,6.021500e+00
5.386476e+00,1.011691e+02,2.419047e-03,6.729300e+00
5.386476e+00,1.036631e+02,2.597878e-03,7.373700e+00
5.386476e+00,1.054084e+02,2.734370e-03,7.796500e+00
5.386476e+00,1.064418e+02,2.819974e-03,8.087400e+00
5.386476e+00,1.067841e+02,2.849148e-03,8.229700e+00
5.386476e+00,1.064418e+02,2.819974e-03,8.087400e+00
5.386476e+00,1.054084e+02,2.734370e-03,7.796500e+00
5.386476e+00,1.036631e+02,2.597878e-03,7.373700e+00
5.386476e+00,1.011691e+02,2.419047e-03,6.729300e+00
5.386476e+00,9.786924e+01,2.208521e-03,6.021500e+00
5.386476e+00,9.367832e+01,1.977964e-03,5.236900e+00
5.386476e+00,8.846983e+01,1.738970e-03,4.380200e+00
5.386476e+00,8.205022e+01,1.502106e-03,3.585100e+00
5.386476e+00,7.410539e+01,1.276180e-03,2.808100e+00
5.386476e+00,6.407046e+01,1.067750e-03,2.089900e+00
5.386476e+00,5.071963e+01,8.804370e-04,1.434600e+00
5.386476e+00,2.989955e+01,6.896768e-04,7.462000e-01
6.143543e+00,3.409228e+01,6.851214e-04,7.554000e-01
6.143543e+00,5.783192e+01,8.746251e-04,1.470800e+00
6.143543e+00,7.305490e+01,1.060702e-03,2.155000e+00
6.143543e+00,8.449700e+01,1.267757e-03,2.888400e+00
6.143543e+00,9.355591e+01,1.492191e-03,3.722500e+00
6.143543e+00,1.008757e+02,1.727492e-03,4.555300e+00
6.143543e+00,1.068146e+02,1.964909e-03,5.410000e+00
6.143543e+00,1.115932e+02,2.193945e-03,6.243300e+00
6.143543e+00,1.153558e+02,2.403081e-03,6.955700e+00
6.143543e+00,1.181995e+02,2.580733e-03,7.599900e+00
6.143543e+00,1.201896e+02,2.716324e-03,8.085400e+00
6.143543e+00,1.213679e+02,2.801363e-03,8.378800e+00
6.143543e+00,1.217582e+02,2.830344e-03,8.518300e+00
6.143543e+00,1.213679e+02,2.801363e-03,8.378800e+00
6.143543e+00,1.201896e+02,2.716324e-03,8.085400e+00
6.143543e+00,1.181995e+02,2.580733e-03,7.599900e+00
6.143543e+00,1.153558e+02,2.403081e-03,6.955700e+00
6.143543e+00,1.115932e+02,2.193945e-03,6.243300e+00
6.143543e+00,1.068146e+02,1.964909e-03,5.410000e+00
6.143543e+00,1.008757e+02,1.727492e-03,4.555300e+00
6.143543e+00,9.355591e+01,1.492191e-03,3.722500e+00
6.143543e+00,8.449700e+01,1.267757e-03,2.888400e+00
6.143543e+00,7.305490e+01,1.060702e-03,2.155000e+00
6.143543e+00,5.783192e+01,8.746251e-04,1.470800e+00
6.143543e+00,3.409228e+01,6.851214e-04,7.554000e-01
6.900059e+00,3.864687e+01,6.811527e-04,7.700000e-01
6.900059e+00,6.555802e+01,8.695601e-04,1.503900e+00
6.900059e+00,8.281471e+01,1.054560e-03,2.208300e+00
6.900059e+00,9.578544e+01,1.260415e-03,2.977200e+00
6.900059e+00,1.060546e+02,1.483550e-03,3.796100e+00
6.900059e+00,1.143523e+02,1.717489e-03,4.651400e+00
6.900059e+00,1.210846e+02,1.953531e-03,5.535100e+00
6.900059e+00,1.265016e+02,2.181241e-03,6.404200e+00
6.900059e+00,1.307669e+02,2.389166e-03,7.163800e+00
6.900059e+00,1.339905e+02,2.565789e-03,7.807000e+00
6.900059e+00,1.362464e+02,2.700596e-03,8.292000e+00
6.900059e+00,1.375821e+02,2.785142e-03,8.639400e+00
6.900059e+00,1.380245e+02,2.813956e-03,8.722000e+00
6.900059e+00,1.375821e+02,2.785142e-03,8.639400e+00
6.900059e+00,1.362464e+02,2.700596e-03,8.292000e+00
6.900059e+00,1.339905e+02,2.565789e-03,7.807000e+00
6.900059e+00,1.307669e+02,2.389166e-03,7.163800e+00
6.900059e+00,1.265016e+02,2.181241e-03,6.404200e+00
6.900059e+00,1.210846e+02,1.953531e-03,5.535100e+00
6.900059e+00,1.143523e+02,1.717489e-03,4.651400e+00
6.900059e+00,1.060546e+02,1.483550e-03,3.796100e+00
6.900059e+00,9.578544e+01,1.260415e-03,2.977200e+00
6.900059e+00,8.281471e+01,1.054560e-03,2.208300e+00
6.900059e+00,6.555802e+01,8.695601e-04,1.503900e+00
6.900059e+00,3.864687e+01,6.811527e-04,7.700000e-01
7.668102e+00,4.364916e+01,6.773105e-04,7.752000e-01
7.668102e+00,7.404358e+01,8.646560e-04,1.518100e+00
7.668102e+00,9.353391e+01,1.048612e-03,2.254000e+00
7.668102e+00,1.081835e+02,1.253307e-03,3.024900e+00
7.668102e+00,1.197818e+02,1.475184e-03,3.880900e+00
7.668102e+00,1.291536e+02,1.707803e-03,4.755400e+00
7.668102e+00,1.367573e+02,1.942514e-03,5.663400e+00
7.668102e+00,1.428754e+02,2.168940e-03,6.522500e+00
7.668102e+00,1.476928e+02,2.375693e-03,7.318200e+00
7.668102e+00,1.513336e+02,2.551320e-03,7.958100e+00
7.668102e+00,1.538815e+02,2.685366e-03,8.488200e+00
7.668102e+00,1.553902e+02,2.769436e-03,8.782600e+00
7.668102e+00,1.558898e+02,2.798087e-03,8.915700e+00
7.668102e+00,1.553902e+02,2.769436e-03,8.782600e+00
7.668102e+00,1.538815e+02,2.685366e-03,8.488200e+00
7.668102e+00,1.513336e+02,2.551320e-03,7.958100e+00
7.668102e+00,1.476928e+02,2.375693e-03,7.318200e+00
7.668102e+00,1.428754e+02,2.168940e-03,6.522500e+00
7.668102e+00,1.367573e+02,1.942514e-03,5.663400e+00
7.668102e+00,1.291536e+02,1.707803e-03,4.755400e+00
7.668102e+00,1.197818e+02,1.475184e-03,3.880900e+00
7.668102e+00,1.081835e+02,1.253307e-03,3.024900e+00
7.668102e+00,9.353391e+01,1.048612e-03,2.254000e+00
7.668102e+00,7.404358e+01,8.646560e-04,1.518100e+00
7.668102e+00,4.364916e+01,6.773105e-04,7.752000e-01
8.457334e+00,4.919994e+01,6.733123e-04,7.864000e-01
8.457334e+00,8.345956e+01,8.595524e-04,1.559500e+00
8.457334e+00,1.054284e+02,1.042423e-03,2.312100e+00
8.457334e+00,1.219410e+02,1.245909e-03,3.136700e+00
8.457334e+00,1.350143e+02,1.466477e-03,4.012000e+00
8.457334e+00,1.455778e+02,1.697723e-03,4.943600e+00
8.457334e+00,1.541484e+02,1.931049e-03,5.853300e+00
8.457334e+00,1.610446e+02,2.156138e-03,6.751100e+00
8.457334e+00,1.664746e+02,2.361671e-03,7.550000e+00
8.457334e+00,1.705785e+02,2.536261e-03,8.278800e+00
8.457334e+00,1.734503e+02,2.669516e-03,8.768900e+00
8.457334e+00,1.751509e+02,2.753090e-03,9.112300e+00
8.457334e+00,1.757141e+02,2.781572e-03,9.244500e+00
8.457334e+00,1.751509e+02,2.753090e-03,9.112300e+00
8.457334e+00,1.734503e+02,2.669516e-03,8.768900e+00
8.457334e+00,1.705785e+02,2.536261e-03,8.278800e+00
8.457334e+00,1.664746e+02,2.361671e-03,7.550000e+00
8.457334e+00,1.610446e+02,2.156138e-03,6.751100e+00
8.457334e+00,1.541484e+02,1.931049e-03,5.853300e+00
8.457334e+00,1.455778e+02,1.697723e-03,4.943600e+00
8.457334e+00,1.350143e+02,1.466477e-03,4.012000e+00
8.457334e+00,1.219410e+02,1.245909e-03,3.136700e+00
8.457334e+00,1.054284e+02,1.042423e-03,2.312100e+00
8.457334e+00,8.345956e+01,8.595524e-04,1.559500e+00
8.457334e+00,4.919994e+01,6.733123e-04,7.864000e-01
9.276325e+00,5.541140e+01,6.690456e-04,7.976000e-01
9.276325e+00,9.399627e+01,8.541058e-04,1.604600e+00
9.276325e+00,1.187387e+02,1.035817e-03,2.385200e+00
9.276325e+00,1.373360e+02,1.238015e-03,3.212600e+00
9.276325e+00,1.520597e+02,1.457184e-03,4.120900e+00
9.276325e+00,1.639569e+02,1.686965e-03,5.068800e+00
9.276325e+00,1.736095e+02,1.918813e-03,6.033500e+00
9.276325e+00,1.813764e+02,2.142476e-03,6.928900e+00
9.276325e+00,1.874919e+02,2.346706e-03,7.762900e+00
9.276325e+00,1.921139e+02,2.520190e-03,8.488200e+00
9.276325e+00,1.953483e+02,2.652601e-03,9.020900e+00
9.276325e+00,1.972636e+02,2.735645e-03,9.363600e+00
9.276325e+00,1.978978e+02,2.763947e-03,9.494400e+00
9.276325e+00,1.972636e+02,2.735645e-03,9.363600e+00
9.276325e+00,1.953483e+02,2.652601e-03,9.020900e+00
9.276325e+00,1.921139e+02,2.520190e-03,8.488200e+00
9.276325e+00,1.874919e+02,2.346706e-03,7.762900e+00
9.276325e+00,1.813764e+02,2.142476e-03,6.928900e+00
9.276325e+00,1.736095e+02,1.918813e-03,6.033500e+00
9.276325e+00,1.639569e+02,1.686965e-03,5.068800e+00
9.276325e+00,1.520597e+02,1.457184e-03,4.120900e+00
9.276325e+00,1.373360e+02,1.238015e-03,3.212600e+00
9.276325e+00,1.187387e+02,1.035817e-03,2.385200e+00
9.276325e+00,9.399627e+01,8.541058e-04,1.604600e+00
9.276325e+00,5.541140e+01,6.690456e-04,7.976000e-01
1.013246e+01,6.240759e+01,6.643673e-04,8.072000e-01
1.013246e+01,1.058642e+02,8.481336e-04,1.634200e+00
1.013246e+01,1.337305e+02,1.028575e-03,2.430600e+00
1.013246e+01,1.546759e+02,1.229358e-03,3.290300e+00
1.013246e+01,1.712587e+02,1.446995e-03,4.201200e+00
1.013246e+01,1.846579e+02,1.675170e-03,5.181600e+00
1.013246e+01,1.955293e+02,1.905396e-03,6.161000e+00
1.013246e+01,2.042768e+02,2.127495e-03,7.079500e+00
1.013246e+01,2.111644e+02,2.330297e-03,7.939900e+00
1.013246e+01,2.163700e+02,2.502569e-03,8.659500e+00
1.013246e+01,2.200128e+02,2.634054e-03,9.225900e+00
1.013246e+01,2.221699e+02,2.716517e-03,9.566900e+00
1.013246e+01,2.228842e+02,2.744621e-03,9.695700e+00
1.013246e+01,2.221699e+02,2.716517e-03,9.566900e+00
1.013246e+01,2.200128e+02,2.634054e-03,9.225900e+00
1.013246e+01,2.163700e+02,2.502569e-03,8.659500e+00
1.013246e+01,2.111644e+02,2.330297e-03,7.939900e+00
1.013246e+01,2.042768e+02,2.127495e-03,7.079500e+00
1.013246e+01,1.955293e+02,1.905396e-03,6.161000e+00
1.013246e+01,1.846579e+02,1.675170e-03,5.181600e+00
1.013246e+01,1.712587e+02,1.446995e-03,4.201200e+00
1.013246e+01,1.546759e+02,1.229358e-03,3.290300e+00
1.013246e+01,1.337305e+02,1.028575e-03,2.430600e+00
1.013246e+01,1.058642e+02,8.481336e-04,1.634200e+00
1.013246e+01,6.240759e+01,6.643673e-04,8.072000e-01
1.103262e+01,7.032539e+01,6.591858e-04,8.238000e-01
1.103262e+01,1.192954e+02,8.415190e-04,1.668700e+00
1.103262e+01,1.506973e+02,1.020553e-03,2.494000e+00
1.103262e+01,1.743000e+02,1.219770e-03,3.367000e+00
1.103262e+01,1.929867e+02,1.435710e-03,4.321600e+00
1.103262e+01,2.080860e+02,1.662105e-03,5.312800e+00
1.103262e+01,2.203366e+02,1.890536e-03,6.308300e+00
1.103262e+01,2.301939e+02,2.110903e-03,7.277500e+00
1.103262e+01,2.379554e+02,2.312124e-03,8.165200e+00
1.103262e+01,2.438214e+02,2.483051e-03,8.916500e+00
1.103262e+01,2.479264e+02,2.613511e-03,9.482100e+00
1.103262e+01,2.503571e+02,2.695331e-03,9.823700e+00
1.103262e+01,2.511621e+02,2.723215e-03,9.951600e+00
1.103262e+01,2.503571e+02,2.695331e-03,9.823700e+00
1.103262e+01,2.479264e+02,2.613511e-03,9.482100e+00
1.103262e+01,2.438214e+02,2.483051e-03,8.916500e+00
1.103262e+01,2.379554e+02,2.312124e-03,8.165200e+00
1.103262e+01,2.301939e+02,2.110903e-03,7.277500e+00
1.103262e+01,2.203366e+02,1.890536e-03,6.308300e+00
1.103262e+01,2.080860e+02,1.662105e-03,5.312800e+00
1.103262e+01,1.929867e+02,1.435710e-03,4.321600e+00
1.103262e+01,1.743000e+02,1.219770e-03,3.367000e+00
1.103262e+01,1.506973e+02,1.020553e-03,2.494000e+00
1.103262e+01,1.192954e+02,8.415190e-04,1.668700e+00
1.103262e+01,7.032539e+01,6.591858e-04,8.238000e-01
1.198306e+01,7.931558e+01,6.533985e-04,8.318000e-01
1.198306e+01,1.345458e+02,8.341310e-04,1.701400e+00
1.198306e+01,1.699620e+02,1.011593e-03,2.529100e+00
1.198306e+01,1.965820e+02,1.209062e-03,3.434100e+00
1.198306e+01,2.176575e+02,1.423105e-03,4.400100e+00
1.198306e+01,2.346870e+02,1.647513e-03,5.411700e+00
1.198306e+01,2.485038e+02,1.873938e-03,6.436600e+00
1.198306e+01,2.596212e+02,2.092370e-03,7.418100e+00
1.198306e+01,2.683749e+02,2.291825e-03,8.294700e+00
1.198306e+01,2.749908e+02,2.461251e-03,9.065200e+00
1.198306e+01,2.796206e+02,2.590566e-03,9.655200e+00
1.198306e+01,2.823620e+02,2.671667e-03,9.995000e+00
1.198306e+01,2.832699e+02,2.699307e-03,1.012120e+01
1.198306e+01,2.823620e+02,2.671667e-03,9.995000e+00
1.198306e+01,2.796206e+02,2.590566e-03,9.655200e+00
1.198306e+01,2.749908e+02,2.461251e-03,9.065200e+00
1.198306e+01,2.683749e+02,2.291825e-03,8.294700e+00
1.198306e+01,2.596212e+02,2.092370e-03,7.418100e+00
1.198306e+01,2.485038e+02,1.873938e-03,6.436600e+00
1.198306e+01,2.346870e+02,1.647513e-03,5.411700e+00
1.198306e+01,2.176575e+02,1.423105e-03,4.400100e+00
1.198306e+01,1.965820e+02,1.209062e-03,3.434100e+00
1.198306e+01,1.699620e+02,1.011593e-03,2.529100e+00
1.198306e+01,1.345458e+02,8.341310e-04,1.701400e+00
1.198306e+01,7.931558e+01,6.533985e-04,8.318000e-01
1.299170e+01,8.954396e+01,6.472147e-04,8.506000e-01
1.299170e+01,1.518965e+02,8.262368e-04,1.729500e+00
1.299170e+01,1.918799e+02,1.002019e-03,2.581200e+00
1.299170e+01,2.219328e+02,1.197619e-03,3.499700e+00
1.299170e+01,2.457262e+02,1.409637e-03,4.490900e+00
1.299170e+01,2.649518e+02,1.631921e-03,5.520700e+00
1.299170e+01,2.805503e+02,1.856203e-03,6.571200e+00
1.299170e+01,2.931014e+02,2.072568e-03,7.563800e+00
1.299170e+01,3.029840e+02,2.270135e-03,8.482100e+00
1.299170e+01,3.104530e+02,2.437958e-03,9.245800e+00
1.299170e+01,3.156799e+02,2.566049e-03,9.857300e+00
1.299170e+01,3.187749e+02,2.646383e-03,1.022490e+01
1.299170e+01,3.197999e+02,2.673761e-03,1.035010e+01
1.299170e+01,3.187749e+02,2.646383e-03,1.022490e+01
1.299170e+01,3.156799e+02,2.566049e-03,9.857300e+00
1.299170e+01,3.104530e+02,2.437958e-03,9.245800e+00
1.299170e+01,3.029840e+02,2.270135e-03,8.482100e+00
1.299170e+01,2.931014e+02,2.072568e-03,7.563800e+00
1.299170e+01,2.805503e+02,1.856203e-03,6.571200e+00
1.299170e+01,2.649518e+02,1.631921e-03,5.520700e+00
1.299170e+01,2.457262e+02,1.409637e-03,4.490900e+00
1.299170e+01,2.219328e+02,1.197619e-03,3.499700e+00
1.299170e+01,1.918799e+02,1.002019e-03,2.581200e+00
1.299170e+01,1.518965e+02,8.262368e-04,1.729500e+00
1.299170e+01,8.954396e+01,6.472147e-04,8.506000e-01
1.406422e+01,1.011975e+02,6.404558e-04,8.659000e-01
1.406422e+01,1.716649e+02,8.176082e-04,1.780400e+00
1.406422e+01,2.168519e+02,9.915549e-04,2.656700e+00
1.406422e+01,2.508160e+02,1.185112e-03,3.604600e+00
1.406422e+01,2.777059e+02,1.394916e-03,4.624000e+00
1.406422e+01,2.994336e+02,1.614878e-03,5.676300e+00
1.406422e+01,3.170622e+02,1.836818e-03,6.755200e+00
1.406422e+01,3.312467e+02,2.050924e-03,7.784700e+00
1.406422e+01,3.424155e+02,2.246427e-03,8.722300e+00
1.406422e+01,3.508566e+02,2.412498e-03,9.533100e+00
1.406422e+01,3.567637e+02,2.539251e-03,1.014320e+01
1.406422e+01,3.602614e+02,2.618746e-03,1.051100e+01
1.406422e+01,3.614198e+02,2.645838e-03,1.063640e+01
1.406422e+01,3.602614e+02,2.618746e-03,1.051100e+01
1.406422e+01,3.567637e+02,2.539251e-03,1.014320e+01
1.406422e+01,3.508566e+02,2.412498e-03,9.533100e+00
1.406422e+01,3.424155e+02,2.246427e-03,8.722300e+00
1.406422e+01,3.312467e+02,2.050924e-03,7.784700e+00
1.406422e+01,3.170622e+02,1.836818e-03,6.755200e+00
1.406422e+01,2.994336e+02,1.614878e-03,5.676300e+00
1.406422e+01,2.777059e+02,1.394916e-03,4.624000e+00
1.406422e+01,2.508160e+02,1.185112e-03,3.604600e+00
1.406422e+01,2.168519e+02,9.915549e-04,2.656700e+00
1.406422e+01,1.716649e+02,8.176082e-04,1.780400e+00
1.406422e+01,1.011975e+02,6.404558e-04,8.659000e-01
1.520377e+01,1.144756e+02,6.327377e-04,8.809000e-01
1.520377e+01,1.941890e+02,8.077552e-04,1.816200e+00
1.520377e+01,2.453049e+02,9.796057e-04,2.714800e+00
1.520377e+01,2.837254e+02,1.170830e-03,3.691800e+00
1.520377e+01,3.141436e+02,1.378106e-03,4.728800e+00
1.520377e+01,3.387222e+02,1.595417e-03,5.824900e+00
1.520377e+01,3.586638e+02,1.814683e-03,6.924700e+00
1.520377e+01,3.747095e+02,2.026208e-03,7.982100e+00
1.520377e+01,3.873437e+02,2.219356e-03,8.933300e+00
1.520377e+01,3.968923e+02,2.383425e-03,9.759100e+00
1.520377e+01,4.035744e+02,2.508650e-03,1.038780e+01
1.520377e+01,4.075312e+02,2.587188e-03,1.077800e+01
1.520377e+01,4.088415e+02,2.613953e-03,1.090330e+01
1.520377e+01,4.075312e+02,2.587188e-03,1.077800e+01
1.520377e+01,4.035744e+02,2.508650e-03,1.038780e+01
1.520377e+01,3.968923e+02,2.383425e-03,9.759100e+00
1.520377e+01,3.873437e+02,2.219356e-03,8.933300e+00
1.520377e+01,3.747095e+02,2.026208e-03,7.982100e+00
1.520377e+01,3.586638e+02,1.814683e-03,6.924700e+00
1.520377e+01,3.387222e+02,1.595417e-03,5.824900e+00
1.520377e+01,3.141436e+02,1.378106e-03,4.728800e+00
1.520377e+01,2.837254e+02,1.170830e-03,3.691800e+00
1.520377e+01,2.453049e+02,9.796057e-04,2.714800e+00
1.520377e+01,1.941890e+02,8.077552e-04,1.816200e+00
1.520377e+01,1.144756e+02,6.327377e-04,8.809000e-01
1.641370e+01,1.295896e+02,6.238692e-04,9.216000e-01
1.641370e+01,2.198274e+02,7.964337e-04,1.895900e+00
1.641370e+01,2.776921e+02,9.658755e-04,2.836800e+00
1.641370e+01,3.211852e+02,1.154420e-03,3.844100e+00
1.641370e+01,3.556194e+02,1.358790e-03,4.937100e+00
1.641370e+01,3.834431e+02,1.573056e-03,6.060900e+00
1.641370e+01,4.060175e+02,1.789248e-03,7.210000e+00
1.641370e+01,4.241817e+02,1.997808e-03,8.307400e+00
1.641370e+01,4.384839e+02,2.188249e-03,9.303300e+00
1.641370e+01,4.492933e+02,2.350019e-03,1.015490e+01
1.641370e+01,4.568577e+02,2.473489e-03,1.080920e+01
1.641370e+01,4.613368e+02,2.550925e-03,1.120300e+01
1.641370e+01,4.628202e+02,2.577316e-03,1.135150e+01
1.641370e+01,4.613368e+02,2.550925e-03,1.120300e+01
1.641370e+01,4.568577e+02,2.473489e-03,1.080920e+01
1.641370e+01,4.492933e+02,2.350019e-03,1.015490e+01
1.641370e+01,4.384839e+02,2.188249e-03,9.303300e+00
1.641370e+01,4.241817e+02,1.997808e-03,8.307400e+00
1.641370e+01,4.060175e+02,1.789248e-03,7.210000e+00
1.641370e+01,3.834431e+02,1.573056e-03,6.060900e+00
1.641370e+01,3.556194e+02,1.358790e-03,4.937100e+00
1.641370e+01,3.211852e+02,1.154420e-03,3.844100e+00
1.641370e+01,2.776921e+02,9.658755e-04,2.836800e+00
1.641370e+01,2.198274e+02,7.964337e-04,1.895900e+00
1.641370e+01,1.295896e+02,6.238692e-04,9.216000e-01
1.770001e+01,1.467628e+02,6.140522e-04,9.475000e-01
1.770001e+01,2.489588e+02,7.839011e-04,1.955400e+00
1.770001e+01,3.144917e+02,9.506766e-04,2.921500e+00
1.770001e+01,3.637485e+02,1.136254e-03,3.973200e+00
1.770001e+01,4.027459e+02,1.337408e-03,5.094400e+00
1.770001e+01,4.342567e+02,1.548302e-03,6.258600e+00
1.770001e+01,4.598227e+02,1.761093e-03,7.442700e+00
1.770001e+01,4.803940e+02,1.966371e-03,8.567500e+00
1.770001e+01,4.965916e+02,2.153815e-03,9.612400e+00
1.770001e+01,5.088333e+02,2.313039e-03,1.048180e+01
1.770001e+01,5.174002e+02,2.434566e-03,1.113570e+01
1.770001e+01,5.224728e+02,2.510784e-03,1.154970e+01
1.770001e+01,5.241528e+02,2.536759e-03,1.169730e+01
1.770001e+01,5.224728e+02,2.510784e-03,1.154970e+01
1.770001e+01,5.174002e+02,2.434566e-03,1.113570e+01
1.770001e+01,5.088333e+02,2.313039e-03,1.048180e+01
1.770001e+01,4.965916e+02,2.153815e-03,9.612400e+00
1.770001e+01,4.803940e+02,1.966371e-03,8.567500e+00
1.770001e+01,4.598227e+02,1.761093e-03,7.442700e+00
1.770001e+01,4.342567e+02,1.548302e-03,6.258600e+00
1.770001e+01,4.027459e+02,1.337408e-03,5.094400e+00
1.770001e+01,3.637485e+02,1.136254e-03,3.973200e+00
1.770001e+01,3.144917e+02,9.506766e-04,2.921500e+00
1.770001e+01,2.489588e+02,7.839011e-04,1.955400e+00
1.770001e+01,1.467628e+02,6.140522e-04,9.475000e-01
1.906611e+01,1.662436e+02,6.031599e-04,9.554000e-01
1.906611e+01,2.820048e+02,7.699958e-04,1.981300e+00
1.906611e+01,3.562363e+02,9.338129e-04,2.964200e+00
1.906611e+01,4.120313e+02,1.116098e-03,4.025500e+00
1.906611e+01,4.562051e+02,1.313685e-03,5.159900e+00
1.906611e+01,4.918986e+02,1.520838e-03,6.349500e+00
1.906611e+01,5.208582e+02,1.729853e-03,7.544000e+00
1.906611e+01,5.441600e+02,1.931490e-03,8.688300e+00
1.906611e+01,5.625076e+02,2.115609e-03,9.743000e+00
1.906611e+01,5.763743e+02,2.272009e-03,1.061400e+01
1.906611e+01,5.860783e+02,2.391380e-03,1.129130e+01
1.906611e+01,5.918243e+02,2.466246e-03,1.171640e+01
1.906611e+01,5.937272e+02,2.491761e-03,1.186130e+01
1.906611e+01,5.918243e+02,2.466246e-03,1.171640e+01
1.906611e+01,5.860783e+02,2.391380e-03,1.129130e+01
1.906611e+01,5.763743e+02,2.272009e-03,1.061400e+01
1.906611e+01,5.625076e+02,2.115609e-03,9.743000e+00
1.906611e+01,5.441600e+02,1.931490e-03,8.688300e+00
1.906611e+01,5.208582e+02,1.729853e-03,7.544000e+00
1.906611e+01,4.918986e+02,1.520838e-03,6.349500e+00
1.906611e+01,4.562051e+02,1.313685e-03,5.159900e+00
1.906611e+01,4.120313e+02,1.116098e-03,4.025500e+00
1.906611e+01,3.562363e+02,9.338129e-04,2.964200e+00
1.906611e+01,2.820048e+02,7.699958e-04,1.981300e+00
1.906611e+01,1.662436e+02,6.031599e-04,9.554000e-01
2.050528e+01,1.882731e+02,5.903720e-04,9.616000e-01
2.050528e+01,3.193741e+02,7.536706e-04,1.995500e+00
2.050528e+01,4.034423e+02,9.140146e-04,2.988400e+00
2.050528e+01,4.666308e+02,1.092435e-03,4.063300e+00
2.050528e+01,5.166582e+02,1.285832e-03,5.209200e+00
2.050528e+01,5.570816e+02,1.488593e-03,6.401200e+00
2.050528e+01,5.898787e+02,1.693178e-03,7.606700e+00
2.050528e+01,6.162683e+02,1.890540e-03,8.759300e+00
2.050528e+01,6.370472e+02,2.070755e-03,9.815100e+00
2.050528e+01,6.527514e+02,2.223838e-03,1.071030e+01
2.050528e+01,6.637412e+02,2.340679e-03,1.138820e+01
2.050528e+01,6.702487e+02,2.413958e-03,1.180450e+01
2.050528e+01,6.724038e+02,2.438931e-03,1.194640e+01
2.050528e+01,6.702487e+02,2.413958e-03,1.180450e+01
2.050528e+01,6.637412e+02,2.340679e-03,1.138820e+01
2.050528e+01,6.527514e+02,2.223838e-03,1.071030e+01
2.050528e+01,6.370472e+02,2.070755e-03,9.815100e+00
2.050528e+01,6.162683e+02,1.890540e-03,8.759300e+00
2.050528e+01,5.898787e+02,1.693178e-03,7.606700e+00
2.050528e+01,5.570816e+02,1.488593e-03,6.401200e+00
2.050528e+01,5.166582e+02,1.285832e-03,5.209200e+00
2.050528e+01,4.666308e+02,1.092435e-03,4.063300e+00
2.050528e+01,4.034423e+02,9.140146e-04,2.988400e+00
2.050528e+01,3.193741e+02,7.536706e-04,1.995500e+00
2.050528e+01,1.882731e+02,5.903720e-04,9.616000e-01
2.202497e+01,2.130889e+02,5.763650e-04,9.767000e-01
2.202497e+01,3.614700e+02,7.357890e-04,2.027300e+00
2.202497e+01,4.566190e+02,8.923285e-04,3.041800e+00
2.202497e+01,5.281362e+02,1.066516e-03,4.124000e+00
2.202497e+01,5.847576e+02,1.255325e-03,5.289900e+00
2.202497e+01,6.305091e+02,1.453275e-03,6.505900e+00
2.202497e+01,6.676291e+02,1.653005e-03,7.725600e+00
2.202497e+01,6.974970e+02,1.845684e-03,8.889700e+00
2.202497e+01,7.210147e+02,2.021623e-03,9.963300e+00
2.202497e+01,7.387889e+02,2.171075e-03,1.086980e+01
2.202497e+01,7.512273e+02,2.285143e-03,1.155130e+01
2.202497e+01,7.585924e+02,2.356683e-03,1.198950e+01
2.202497e+01,7.610316e+02,2.381065e-03,1.212980e+01
2.202497e+01,7.585924e+02,2.356683e-03,1.198950e+01
2.202497e+01,7.512273e+02,2.285143e-03,1.155130e+01
2.202497e+01,7.387889e+02,2.171075e-03,1.086980e+01
2.202497e+01,7.210147e+02,2.021623e-03,9.963300e+00
2.202497e+01,6.974970e+02,1.845684e-03,8.889700e+00
2.202497e+01,6.676291e+02,1.653005e-03,7.725600e+00
2.202497e+01,6.305091e+02,1.453275e-03,6.505900e+00
2.202497e+01,5.847576e+02,1.255325e-03,5.289900e+00
2.202497e+01,5.281362e+02,1.066516e-03,4.124000e+00
2.202497e+01,4.566190e+02,8.923285e-04,3.041800e+00
2.202497e+01,3.614700e+02,7.357890e-04,2.027300e+00
2.202497e+01,2.130889e+02,5.763650e-04,9.767000e-01
2.360887e+01,2.409358e+02,5.599741e-04,9.883000e-01
2.360887e+01,4.087076e+02,7.148642e-04,2.055500e+00
2.360887e+01,5.162909e+02,8.669520e-04,3.074200e+00
2.360887e+01,5.971542e+02,1.036186e-03,4.172300e+00
2.360887e+01,6.611750e+02,1.219625e-03,5.347200e+00
2.360887e+01,7.129053e+02,1.411945e-03,6.575600e+00
2.360887e+01,7.548762e+02,1.605996e-03,7.809900e+00
2.360887e+01,7.886474e+02,1.793195e-03,8.998000e+00
2.360887e+01,8.152384e+02,1.964131e-03,1.007000e+01
2.360887e+01,8.353353e+02,2.109333e-03,1.098060e+01
2.360887e+01,8.493992e+02,2.220157e-03,1.167290e+01
2.360887e+01,8.577269e+02,2.289662e-03,1.211430e+01
2.360887e+01,8.604848e+02,2.313350e-03,1.225270e+01
2.360887e+01,8.577269e+02,2.289662e-03,1.211430e+01
2.360887e+01,8.493992e+02,2.220157e-03,1.167290e+01
2.360887e+01,8.353353e+02,2.109333e-03,1.098060e+01
2.360887e+01,8.152384e+02,1.964131e-03,1.007000e+01
2.360887e+01,7.886474e+02,1.793195e-03,8.998000e+00
2.360887e+01,7.548762e+02,1.605996e-03,7.809900e+00
2.360887e+01,7.129053e+02,1.411945e-03,6.575600e+00
2.360887e+01,6.611750e+02,1.219625e-03,5.347200e+00
2.360887e+01,5.971542e+02,1.036186e-03,4.172300e+00
2.360887e+01,5.162909e+02,8.669520e-04,3.074200e+00
2.360887e+01,4.087076e+02,7.148642e-04,2.055500e+00
2.360887e+01,2.409358e+02,5.599741e-04,9.883000e-01
2.525719e+01,2.720047e+02,5.417652e-04,9.922000e-01
2.525719e+01,4.614110e+02,6.916183e-04,2.062400e+00
2.525719e+01,5.828673e+02,8.387605e-04,3.090700e+00
2.525719e+01,6.741580e+02,1.002491e-03,4.190600e+00
2.525719e+01,7.464343e+02,1.179965e-03,5.369100e+00
2.525719e+01,8.048354e+02,1.366032e-03,6.604100e+00
2.525719e+01,8.522185e+02,1.553772e-03,7.838100e+00
2.525719e+01,8.903445e+02,1.734884e-03,9.025300e+00
2.525719e+01,9.203645e+02,1.900261e-03,1.010530e+01
2.525719e+01,9.430529e+02,2.040741e-03,1.102190e+01
2.525719e+01,9.589304e+02,2.147962e-03,1.171770e+01
2.525719e+01,9.683319e+02,2.215207e-03,1.214780e+01
2.525719e+01,9.714455e+02,2.238125e-03,1.229430e+01
2.525719e+01,9.683319e+02,2.215207e-03,1.214780e+01
2.525719e+01,9.589304e+02,2.147962e-03,1.171770e+01
2.525719e+01,9.430529e+02,2.040741e-03,1.102190e+01
2.525719e+01,9.203645e+02,1.900261e-03,1.010530e+01
2.525719e+01,8.903445e+02,1.734884e-03,9.025300e+00
2.525719e+01,8.522185e+02,1.553772e-03,7.838100e+00
2.525719e+01,8.048354e+02,1.366032e-03,6.604100e+00
2.525719e+01,7.464343e+02,1.179965e-03,5.369100e+00
2.525719e+01,6.741580e+02,1.002491e-03,4.190600e+00
2.525719e+01,5.828673e+02,8.387605e-04,3.090700e+00
2.525719e+01,4.614110e+02,6.916183e-04,2.062400e+00
2.525719e+01,2.720047e+02,5.417652e-04,9.922000e-01
2.671291e+01,3.064448e+02,5.075156e-04,9.775000e-01
2.671291e+01,5.198329e+02,6.478950e-04,2.037400e+00
2.671291e+01,6.566674e+02,7.857350e-04,3.049700e+00
2.671291e+01,7.595169e+02,9.391147e-04,4.137800e+00
2.671291e+01,8.409446e+02,1.105369e-03,5.299300e+00
2.671291e+01,9.067401e+02,1.279673e-03,6.513100e+00
2.671291e+01,9.601227e+02,1.455544e-03,7.728800e+00
2.671291e+01,1.003076e+03,1.625207e-03,8.899700e+00
2.671291e+01,1.036897e+03,1.780129e-03,9.965300e+00
2.671291e+01,1.062458e+03,1.911728e-03,1.086050e+01
2.671291e+01,1.080346e+03,2.012170e-03,1.154560e+01
2.671291e+01,1.090938e+03,2.075164e-03,1.197710e+01
2.671291e+01,1.094446e+03,2.096633e-03,1.211790e+01
2.671291e+01,1.090938e+03,2.075164e-03,1.197710e+01
2.671291e+01,1.080346e+03,2.012170e-03,1.154560e+01
2.671291e+01,1.062458e+03,1.911728e-03,1.086050e+01
2.671291e+01,1.036897e+03,1.780129e-03,9.965300e+00
2.671291e+01,1.003076e+03,1.625207e-03,8.899700e+00
2.671291e+01,9.601227e+02,1.455544e-03,7.728800e+00
2.671291e+01,9.067401e+02,1.279673e-03,6.513100e+00
2.671291e+01,8.409446e+02,1.105369e-03,5.299300e+00
2.671291e+01,7.595169e+02,9.391147e-04,4.137800e+00
2.671291e+01,6.566674e+02,7.857350e-04,3.049700e+00
2.671291e+01,5.198329e+02,6.478950e-04,2.037400e+00
2.671291e+01,3.064448e+02,5.075156e-04,9.775000e-01
2.226585e+01,3.101956e+02,2.613194e-04,6.281000e-01
2.226585e+01,5.261955e+02,3.336007e-04,1.309700e+00
2.226585e+01,6.647049e+02,4.045744e-04,1.966200e+00
2.226585e+01,7.688132e+02,4.835496e-04,2.674700e+00
2.226585e+01,8.512376e+02,5.691538e-04,3.435100e+00
2.226585e+01,9.178384e+02,6.589027e-04,4.234400e+00
2.226585e+01,9.718744e+02,7.494587e-04,5.039900e+00
2.226585e+01,1.015353e+03,8.368180e-04,5.815300e+00
2.226585e+01,1.049588e+03,9.165873e-04,6.529700e+00
2.226585e+01,1.075462e+03,9.843474e-04,7.128000e+00
2.226585e+01,1.093569e+03,1.036065e-03,7.593200e+00
2.226585e+01,1.104291e+03,1.068501e-03,7.877100e+00
2.226585e+01,1.107841e+03,1.079555e-03,7.978100e+00
2.226585e+01,1.104291e+03,1.068501e-03,7.877100e+00
2.226585e+01,1.093569e+03,1.036065e-03,7.593200e+00
2.226585e+01,1.075462e+03,9.843474e-04,7.128000e+00
2.226585e+01,1.049588e+03,9.165873e-04,6.529700e+00
2.226585e+01,1.015353e+03,8.368180e-04,5.815300e+00
2.226585e+01,9.718744e+02,7.494587e-04,5.039900e+00
2.226585e+01,9.178384e+02,6.589027e-04,4.234400e+00
2.226585e+01,8.512376e+02,5.691538e-04,3.435100e+00
2.226585e+01,7.688132e+02,4.835496e-04,2.674700e+00
2.226585e+01,6.647049e+02,4.045744e-04,1.966200e+00
2.226585e+01,5.261955e+02,3.336007e-04,1.309700e+00
2.226585e+01,3.101956e+02,2.613194e-04,6.281000e-01
1.780594e+01,2.873405e+02,1.311375e-04,3.828000e-01
1.780594e+01,4.874256e+02,1.674105e-04,7.987000e-01
1.780594e+01,6.157296e+02,2.030272e-04,1.201900e+00
1.780594e+01,7.121672e+02,2.426593e-04,1.637100e+00
1.780594e+01,7.885186e+02,2.856180e-04,2.111400e+00
1.780594e+01,8.502123e+02,3.306566e-04,2.606500e+00
1.780594e+01,9.002669e+02,3.761003e-04,3.109900e+00
1.780594e+01,9.405424e+02,4.199397e-04,3.600400e+00
1.780594e+01,9.722550e+02,4.599703e-04,4.045200e+00
1.780594e+01,9.962226e+02,4.939743e-04,4.426200e+00
1.780594e+01,1.012995e+03,5.199278e-04,4.718400e+00
1.780594e+01,1.022927e+03,5.362049e-04,4.901500e+00
1.780594e+01,1.026216e+03,5.417522e-04,4.962700e+00
1.780594e+01,1.022927e+03,5.362049e-04,4.901500e+00
1.780594e+01,1.012995e+03,5.199278e-04,4.718400e+00
1.780594e+01,9.962226e+02,4.939743e-04,4.426200e+00
1.780594e+01,9.722550e+02,4.599703e-04,4.045200e+00
1.780594e+01,9.405424e+02,4.199397e-04,3.600400e+00
1.780594e+01,9.002669e+02,3.761003e-04,3.109900e+00
1.780594e+01,8.502123e+02,3.306566e-04,2.606500e+00
1.780594e+01,7.885186e+02,2.856180e-04,2.111400e+00
1.780594e+01,7.121672e+02,2.426593e-04,1.637100e+00
1.780594e+01,6.157296e+02,2.030272e-04,1.201900e+00
1.780594e+01,4.874256e+02,1.674105e-04,7.987000e-01
1.780594e+01,2.873405e+02,1.311375e-04,3.828000e-01
1.113934e+01,2.665997e+02,3.170923e-05,1.397000e-01
1.113934e+01,4.522423e+02,4.048011e-05,2.885000e-01
1.113934e+01,5.712851e+02,4.909229e-05,4.335000e-01
1.113934e+01,6.607618e+02,5.867538e-05,5.920000e-01
1.113934e+01,7.316019e+02,6.906286e-05,7.650000e-01
1.113934e+01,7.888425e+02,7.995327e-05,9.482000e-01
1.113934e+01,8.352841e+02,9.094162e-05,1.134400e+00
1.113934e+01,8.726524e+02,1.015421e-04,1.317000e+00
1.113934e+01,9.020759e+02,1.112215e-04,1.483700e+00
1.113934e+01,9.243135e+02,1.194438e-04,1.626300e+00
1.113934e+01,9.398755e+02,1.257193e-04,1.736600e+00
1.113934e+01,9.490901e+02,1.296552e-04,1.805300e+00
1.113934e+01,9.521419e+02,1.309965e-04,1.828700e+00
1.113934e+01,9.490901e+02,1.296552e-04,1.805300e+00
1.113934e+01,9.398755e+02,1.257193e-04,1.736600e+00
1.113934e+01,9.243135e+02,1.194438e-04,1.626300e+00
1.113934e+01,9.020759e+02,1.112215e-04,1.483700e+00
1.113934e+01,8.726524e+02,1.015421e-04,1.317000e+00
1.113934e+01,8.352841e+02,9.094162e-05,1.134400e+00
1.113934e+01,7.888425e+02,7.995327e-05,9.482000e-01
1.113934e+01,7.316019e+02,6.906286e-05,7.650000e-01
1.113934e+01,6.607618e+02,5.867538e-05,5.920000e-01
1.113934e+01,5.712851e+02,4.909229e-05,4.335000e-01
1.113934e+01,4.522423e+02,4.048011e-05,2.885000e-01
1.113934e+01,2.665997e+02,3.170923e-05,1.397000e-01
9.486440e-01,2.570460e+02,1.949514e-08,4.700000e-03
9.486440e-01,4.360360e+02,2.488757e-08,4.900000e-03
9.486440e-01,5.508128e+02,3.018242e-08,4.700000e-03
9.486440e-01,6.370830e+02,3.607420e-08,4.400000e-03
9.486440e-01,7.053845e+02,4.246053e-08,4.300000e-03
9.486440e-01,7.605739e+02,4.915606e-08,5.600000e-03
9.486440e-01,8.053512e+02,5.591181e-08,6.500000e-03
9.486440e-01,8.413804e+02,6.242906e-08,7.200000e-03
9.486440e-01,8.697495e+02,6.838009e-08,7.700000e-03
9.486440e-01,8.911902e+02,7.343520e-08,8.200000e-03
9.486440e-01,9.061945e+02,7.729349e-08,8.500000e-03
9.486440e-01,9.150789e+02,7.971328e-08,8.600000e-03
9.486440e-01,9.180213e+02,8.053796e-08,8.700000e-03
9.486440e-01,9.150789e+02,7.971328e-08,8.600000e-03
9.486440e-01,9.061945e+02,7.729349e-08,8.500000e-03
9.486440e-01,8.911902e+02,7.343520e-08,8.200000e-03
9.486440e-01,8.697495e+02,6.838009e-08,7.700000e-03
9.486440e-01,8.413804e+02,6.242906e-08,7.200000e-03
9.486440e-01,8.053512e+02,5.591181e-08,6.500000e-03
9.486440e-01,7.605739e+02,4.915606e-08,5.600000e-03
9.486440e-01,7.053845e+02,4.246053e-08,4.300000e-03
9.486440e-01,6.370830e+02,3.607420e-08,4.400000e-03
9.486440e-01,5.508128e+02,3.018242e-08,4.700000e-03
9.486440e-01,4.360360e+02,2.488757e-08,4.900000e-03
9.486440e-01,2.570460e+02,1.949514e-08,4.700000e-03
1.860880e+00,2.879040e+01,7.864409e-03,7.903400e+00
1.860880e+00,4.883815e+01,4.636119e-03,7.096800e+00
1.860880e+00,6.169372e+01,3.670058e-03,6.867000e+00
1.860880e+00,7.135640e+01,3.173079e-03,6.688100e+00
1.860880e+00,7.900651e+01,2.865834e-03,6.637700e+00
1.860880e+00,8.518798e+01,2.657881e-03,6.573300e+00
1.860880e+00,9.020326e+01,2.510103e-03,6.535400e+00
1.860880e+00,9.423871e+01,2.402617e-03,6.506300e+00
1.860880e+00,9.741618e+01,2.324249e-03,6.476600e+00
1.860880e+00,9.981764e+01,2.268331e-03,6.495700e+00
1.860880e+00,1.014982e+02,2.230774e-03,6.449000e+00
1.860880e+00,1.024933e+02,2.209115e-03,6.443900e+00
1.860880e+00,1.028229e+02,2.202035e-03,6.478100e+00
1.860880e+00,1.024933e+02,2.209115e-03,6.443900e+00
1.860880e+00,1.014982e+02,2.230774e-03,6.449000e+00
1.860880e+00,9.981764e+01,2.268331e-03,6.495700e+00
1.860880e+00,9.741618e+01,2.324249e-03,6.476600e+00
1.860880e+00,9.423871e+01,2.402617e-03,6.506300e+00
1.860880e+00,9.020326e+01,2.510103e-03,6.535400e+00
1.860880e+00,8.518798e+01,2.657881e-03,6.573300e+00
1.860880e+00,7.900651e+01,2.865834e-03,6.637700e+00
1.860880e+00,7.135640e+01,3.173079e-03,6.688100e+00
1.860880e+00,6.169372e+01,3.670058e-03,6.867000e+00
1.860880e+00,4.883815e+01,4.636119e-03,7.096800e+00
1.860880e+00,2.879040e+01,7.864409e-03,7.903400e+00
2.923439e+00,2.047528e+01,6.173898e-03,4.921400e+00
2.923439e+00,3.473293e+01,3.639552e-03,4.374500e+00
2.923439e+00,4.387561e+01,2.881152e-03,4.163400e+00
2.923439e+00,5.074756e+01,2.491003e-03,4.069100e+00
2.923439e+00,5.618819e+01,2.249802e-03,3.979400e+00
2.923439e+00,6.058436e+01,2.086550e-03,3.969700e+00
2.923439e+00,6.415115e+01,1.970539e-03,3.909500e+00
2.923439e+00,6.702110e+01,1.886157e-03,3.893900e+00
2.923439e+00,6.928087e+01,1.824635e-03,3.865600e+00
2.923439e+00,7.098875e+01,1.780737e-03,3.867600e+00
2.923439e+00,7.218393e+01,1.751253e-03,3.851000e+00
2.923439e+00,7.289163e+01,1.734250e-03,3.859600e+00
2.923439e+00,7.312601e+01,1.728691e-03,3.847800e+00
2.923439e+00,7.289163e+01,1.734250e-03,3.859600e+00
2.923439e+00,7.218393e+01,1.751253e-03,3.851000e+00
2.923439e+00,7.098875e+01,1.780737e-03,3.867600e+00
2.923439e+00,6.928087e+01,1.824635e-03,3.865600e+00
2.923439e+00,6.702110e+01,1.886157e-03,3.893900e+00
2.923439e+00,6.415115e+01,1.970539e-03,3.909500e+00
2.923439e+00,6.058436e+01,2.086550e-03,3.969700e+00
2.923439e+00,5.618819e+01,2.249802e-03,3.979400e+00
2.923439e+00,5.074756e+01,2.491003e-03,4.069100e+00
2.923439e+00,4.387561e+01,2.881152e-03,4.163400e+00
2.923439e+00,3.473293e+01,3.639552e-03,4.374500e+00
2.923439e+00,2.047528e+01,6.173898e-03,4.921400e+00
3.802205e+00,2.253884e+01,5.929233e-03,5.183700e+00
3.802205e+00,3.823341e+01,3.495320e-03,4.475600e+00
3.802205e+00,4.829751e+01,2.766975e-03,4.287800e+00
3.802205e+00,5.586203e+01,2.392287e-03,4.220000e+00
3.802205e+00,6.185099e+01,2.160645e-03,4.159500e+00
3.802205e+00,6.669022e+01,2.003862e-03,4.126000e+00
3.802205e+00,7.061647e+01,1.892448e-03,4.099500e+00
3.802205e+00,7.377567e+01,1.811411e-03,4.069900e+00
3.802205e+00,7.626318e+01,1.752327e-03,4.032300e+00
3.802205e+00,7.814319e+01,1.710168e-03,4.026600e+00
3.802205e+00,7.945882e+01,1.681852e-03,4.005700e+00
3.802205e+00,8.023785e+01,1.665523e-03,4.011000e+00
3.802205e+00,8.049585e+01,1.660185e-03,3.998700e+00
3.802205e+00,8.023785e+01,1.665523e-03,4.011000e+00
3.802205e+00,7.945882e+01,1.681852e-03,4.005700e+00
3.802205e+00,7.814319e+01,1.710168e-03,4.026600e+00
3.802205e+00,7.626318e+01,1.752327e-03,4.032300e+00
3.802205e+00,7.377567e+01,1.811411e-03,4.069900e+00
3.802205e+00,7.061647e+01,1.892448e-03,4.099500e+00
3.802205e+00,6.669022e+01,2.003862e-03,4.126000e+00
3.802205e+00,6.185099e+01,2.160645e-03,4.159500e+00
3.802205e+00,5.586203e+01,2.392287e-03,4.220000e+00
3.802205e+00,4.829751e+01,2.766975e-03,4.287800e+00
3.802205e+00,3.823341e+01,3.495320e-03,4.475600e+00
3.802205e+00,2.253884e+01,5.929233e-03,5.183700e+00
4.613169e+00,2.601645e+01,5.835627e-03,5.543800e+00
4.613169e+00,4.413261e+01,3.440139e-03,4.929600e+00
4.613169e+00,5.574954e+01,2.723292e-03,4.774700e+00
4.613169e+00,6.448123e+01,2.354519e-03,4.633800e+00
4.613169e+00,7.139425e+01,2.126534e-03,4.582000e+00
4.613169e+00,7.698014e+01,1.972227e-03,4.563700e+00
4.613169e+00,8.151219e+01,1.862572e-03,4.556900e+00
4.613169e+00,8.515883e+01,1.782813e-03,4.505900e+00
4.613169e+00,8.803015e+01,1.724662e-03,4.496300e+00
4.613169e+00,9.020024e+01,1.683170e-03,4.478200e+00
4.613169e+00,9.171887e+01,1.655301e-03,4.491000e+00
4.613169e+00,9.261809e+01,1.639229e-03,4.490800e+00
4.613169e+00,9.291590e+01,1.633975e-03,4.477000e+00
4.613169e+00,9.261809e+01,1.639229e-03,4.490800e+00
4.613169e+00,9.171887e+01,1.655301e-03,4.491000e+00
4.613169e+00,9.020024e+01,1.683170e-03,4.478200e+00
4.613169e+00,8.803015e+01,1.724662e-03,4.496300e+00
4.613169e+00,8.515883e+01,1.782813e-03,4.505900e+00
4.613169e+00,8.151219e+01,1.862572e-03,4.556900e+00
4.613169e+00,7.698014e+01,1.972227e-03,4.563700e+00
4.613169e+00,7.139425e+01,2.126534e-03,4.582000e+00
4.613169e+00,6.448123e+01,2.354519e-03,4.633800e+00
4.613169e+00,5.574954e+01,2.723292e-03,4.774700e+00
4.613169e+00,4.413261e+01,3.440139e-03,4.929600e+00
4.613169e+00,2.601645e+01,5.835627e-03,5.543800e+00
5.386476e+00,2.989955e+01,5.782942e-03,5.869300e+00
5.386476e+00,5.071963e+01,3.409081e-03,5.302000e+00
5.386476e+00,6.407046e+01,2.698706e-03,5.099300e+00
5.386476e+00,7.410539e+01,2.333263e-03,5.006900e+00
5.386476e+00,8.205022e+01,2.107335e-03,4.953600e+00
5.386476e+00,8.846983e+01,1.954421e-03,4.895300e+00
5.386476e+00,9.367832e+01,1.845756e-03,4.904200e+00
5.386476e+00,9.786924e+01,1.766718e-03,4.875300e+00
5.386476e+00,1.011691e+02,1.709092e-03,4.848000e+00
5.386476e+00,1.036631e+02,1.667974e-03,4.858000e+00
5.386476e+00,1.054084e+02,1.640356e-03,4.821100e+00
5.386476e+00,1.064418e+02,1.624430e-03,4.815900e+00
5.386476e+00,1.067841e+02,1.619224e-03,4.840200e+00
5.386476e+00,1.064418e+02,1.624430e-03,4.815900e+00
5.386476e+00,1.054084e+02,1.640356e-03,4.821100e+00
5.386476e+00,1.036631e+02,1.667974e-03,4.858000e+00
5.386476e+00,1.011691e+02,1.709092e-03,4.848000e+00
5.386476e+00,9.786924e+01,1.766718e-03,4.875300e+00
5.386476e+00,9.367832e+01,1.845756e-03,4.904200e+00
5.386476e+00,8.846983e+01,1.954421e-03,4.895300e+00
5.386476e+00,8.205022e+01,2.107335e-03,4.953600e+00
5.386476e+00,7.410539e+01,2.333263e-03,5.006900e+00
5.386476e+00,6.407046e+01,2.698706e-03,5.099300e+00
5.386476e+00,5.071963e+01,3.409081e-03,5.302000e+00
5.386476e+00,2.989955e+01,5.782942e-03,5.869300e+00
6.143543e+00,3.409228e+01,5.744772e-03,5.938500e+00
6.143543e+00,5.783192e+01,3.386580e-03,5.431900e+00
6.143543e+00,7.305490e+01,2.680894e-03,5.254200e+00
6.143543e+00,8.449700e+01,2.317862e-03,5.147600e+00
6.143543e+00,9.355591e+01,2.093426e-03,5.141400e+00
6.143543e+00,1.008757e+02,1.941521e-03,5.090200e+00
6.143543e+00,1.068146e+02,1.833573e-03,5.066700e+00
6.143543e+00,1.115932e+02,1.755057e-03,5.056300e+00
6.143543e+00,1.153558e+02,1.697811e-03,5.013200e+00
6.143543e+00,1.181995e+02,1.656964e-03,5.009400e+00
6.143543e+00,1.201896e+02,1.629529e-03,5.003200e+00
6.143543e+00,1.213679e+02,1.613708e-03,4.993000e+00
6.143543e+00,1.217582e+02,1.608536e-03,5.013700e+00
6.143543e+00,1.213679e+02,1.613708e-03,4.993000e+00
6.143543e+00,1.201896e+02,1.629529e-03,5.003200e+00
6.143543e+00,1.181995e+02,1.656964e-03,5.009400e+00
6.143543e+00,1.153558e+02,1.697811e-03,5.013200e+00
6.143543e+00,1.115932e+02,1.755057e-03,5.056300e+00
6.143543e+00,1.068146e+02,1.833573e-03,5.066700e+00
6.143543e+00,1.008757e+02,1.941521e-03,5.090200e+00
6.143543e+00,9.355591e+01,2.093426e-03,5.141400e+00
6.143543e+00,8.449700e+01,2.317862e-03,5.147600e+00
6.143543e+00,7.305490e+01,2.680894e-03,5.254200e+00
6.143543e+00,5.783192e+01,3.386580e-03,5.431900e+00
6.143543e+00,3.409228e+01,5.744772e-03,5.938500e+00
6.900059e+00,3.864687e+01,5.711507e-03,6.047800e+00
6.900059e+00,6.555802e+01,3.366969e-03,5.550000e+00
6.900059e+00,8.281471e+01,2.665370e-03,5.380900e+00
6.900059e+00,9.578544e+01,2.304440e-03,5.303200e+00
6.900059e+00,1.060546e+02,2.081304e-03,5.242100e+00
6.900059e+00,1.143523e+02,1.930279e-03,5.197200e+00
6.900059e+00,1.210846e+02,1.822956e-03,5.184100e+00
6.900059e+00,1.265016e+02,1.744894e-03,5.187600e+00
6.900059e+00,1.307669e+02,1.687980e-03,5.165000e+00
6.900059e+00,1.339905e+02,1.647370e-03,5.148100e+00
6.900059e+00,1.362464e+02,1.620094e-03,5.133400e+00
6.900059e+00,1.375821e+02,1.604364e-03,5.151700e+00
6.900059e+00,1.380245e+02,1.599222e-03,5.136000e+00
6.900059e+00,1.375821e+02,1.604364e-03,5.151700e+00
6.900059e+00,1.362464e+02,1.620094e-03,5.133400e+00
6.900059e+00,1.339905e+02,1.647370e-03,5.148100e+00
6.900059e+00,1.307669e+02,1.687980e-03,5.165000e+00
6.900059e+00,1.265016e+02,1.744894e-03,5.187600e+00
6.900059e+00,1.210846e+02,1.822956e-03,5.184100e+00
6.900059e+00,1.143523e+02,1.930279e-03,5.197200e+00
6.900059e+00,1.060546e+02,2.081304e-03,5.242100e+00
6.900059e+00,9.578544e+01,2.304440e-03,5.303200e+00
6.900059e+00,8.281471e+01,2.665370e-03,5.380900e+00
6.900059e+00,6.555802e+01,3.366969e-03,5.550000e+00
6.900059e+00,3.864687e+01,5.711507e-03,6.047800e+00
7.668102e+00,4.364916e+01,5.679296e-03,6.087100e+00
7.668102e+00,7.404358e+01,3.347981e-03,5.600500e+00
7.668102e+00,9.353391e+01,2.650338e-03,5.489400e+00
7.668102e+00,1.081835e+02,2.291444e-03,5.386600e+00
7.668102e+00,1.197818e+02,2.069566e-03,5.357900e+00
7.668102e+00,1.291536e+02,1.919393e-03,5.313000e+00
7.668102e+00,1.367573e+02,1.812675e-03,5.304600e+00
7.668102e+00,1.428754e+02,1.735054e-03,5.284100e+00
7.668102e+00,1.476928e+02,1.678460e-03,5.277700e+00
7.668102e+00,1.513336e+02,1.638079e-03,5.249200e+00
7.668102e+00,1.538815e+02,1.610957e-03,5.257200e+00
7.668102e+00,1.553902e+02,1.595316e-03,5.238600e+00
7.668102e+00,1.558898e+02,1.590203e-03,5.252400e+00
7.668102e+00,1.553902e+02,1.595316e-03,5.238600e+00
7.668102e+00,1.538815e+02,1.610957e-03,5.257200e+00
7.668102e+00,1.513336e+02,1.638079e-03,5.249200e+00
7.668102e+00,1.476928e+02,1.678460e-03,5.277700e+00
7.668102e+00,1.428754e+02,1.735054e-03,5.284100e+00
7.668102e+00,1.367573e+02,1.812675e-03,5.304600e+00
7.668102e+00,1.291536e+02,1.919393e-03,5.313000e+00
7.668102e+00,1.197818e+02,2.069566e-03,5.357900e+00
7.668102e+00,1.081835e+02,2.291444e-03,5.386600e+00
7.668102e+00,9.353391e+01,2.650338e-03,5.489400e+00
7.668102e+00,7.404358e+01,3.347981e-03,5.600500e+00
7.668102e+00,4.364916e+01,5.679296e-03,6.087100e+00
8.457334e+00,4.919994e+01,5.645775e-03,6.172500e+00
8.457334e+00,8.345956e+01,3.328220e-03,5.749400e+00
8.457334e+00,1.054284e+02,2.634695e-03,5.628100e+00
8.457334e+00,1.219410e+02,2.277919e-03,5.582700e+00
8.457334e+00,1.350143e+02,2.057351e-03,5.537300e+00
8.457334e+00,1.455778e+02,1.908064e-03,5.522600e+00
8.457334e+00,1.541484e+02,1.801976e-03,5.482800e+00
8.457334e+00,1.610446e+02,1.724813e-03,5.470600e+00
8.457334e+00,1.664746e+02,1.668554e-03,5.446700e+00
8.457334e+00,1.705785e+02,1.628411e-03,5.464200e+00
8.457334e+00,1.734503e+02,1.601448e-03,5.434200e+00
8.457334e+00,1.751509e+02,1.585900e-03,5.439400e+00
8.457334e+00,1.757141e+02,1.580817e-03,5.450300e+00
8.457334e+00,1.751509e+02,1.585900e-03,5.439400e+00
8.457334e+00,1.734503e+02,1.601448e-03,5.434200e+00
8.457334e+00,1.705785e+02,1.628411e-03,5.464200e+00
8.457334e+00,1.664746e+02,1.668554e-03,5.446700e+00
8.457334e+00,1.610446e+02,1.724813e-03,5.470600e+00
8.457334e+00,1.541484e+02,1.801976e-03,5.482800e+00
8.457334e+00,1.455778e+02,1.908064e-03,5.522600e+00
8.457334e+00,1.350143e+02,2.057351e-03,5.537300e+00
8.457334e+00,1.219410e+02,2.277919e-03,5.582700e+00
8.457334e+00,1.054284e+02,2.634695e-03,5.628100e+00
8.457334e+00,8.345956e+01,3.328220e-03,5.749400e+00
8.457334e+00,4.919994e+01,5.645775e-03,6.172500e+00
9.276325e+00,5.541140e+01,5.610000e-03,6.259200e+00
9.276325e+00,9.399627e+01,3.307131e-03,5.911300e+00
9.276325e+00,1.187387e+02,2.618000e-03,5.802600e+00
9.276325e+00,1.373360e+02,2.263485e-03,5.716200e+00
9.276325e+00,1.520597e+02,2.044315e-03,5.686400e+00
9.276325e+00,1.639569e+02,1.895974e-03,5.662000e+00
9.276325e+00,1.736095e+02,1.790558e-03,5.651900e+00
9.276325e+00,1.813764e+02,1.713883e-03,5.615600e+00
9.276325e+00,1.874919e+02,1.657981e-03,5.602000e+00
9.276325e+00,1.921139e+02,1.618092e-03,5.604300e+00
9.276325e+00,1.953483e+02,1.591301e-03,5.593000e+00
9.276325e+00,1.972636e+02,1.575851e-03,5.592200e+00
9.276325e+00,1.978978e+02,1.570800e-03,5.600400e+00
9.276325e+00,1.972636e+02,1.575851e-03,5.592200e+00
9.276325e+00,1.953483e+02,1.591301e-03,5.593000e+00
9.276325e+00,1.921139e+02,1.618092e-03,5.604300e+00
9.276325e+00,1.874919e+02,1.657981e-03,5.602000e+00
9.276325e+00,1.813764e+02,1.713883e-03,5.615600e+00
9.276325e+00,1.736095e+02,1.790558e-03,5.651900e+00
9.276325e+00,1.639569e+02,1.895974e-03,5.662000e+00
9.276325e+00,1.520597e+02,2.044315e-03,5.686400e+00
9.276325e+00,1.373360e+02,2.263485e-03,5.716200e+00
9.276325e+00,1.187387e+02,2.618000e-03,5.802600e+00
9.276325e+00,9.399627e+01,3.307131e-03,5.911300e+00
9.276325e+00,5.541140e+01,5.610000e-03,6.259200e+00
1.013246e+01,6.240759e+01,5.570774e-03,6.333300e+00
1.013246e+01,1.058642e+02,3.284007e-03,6.018600e+00
1.013246e+01,1.337305e+02,2.599695e-03,5.911400e+00
1.013246e+01,1.546759e+02,2.247659e-03,5.852700e+00
1.013246e+01,1.712587e+02,2.030020e-03,5.796600e+00
1.013246e+01,1.846579e+02,1.882717e-03,5.787700e+00
1.013246e+01,1.955293e+02,1.778038e-03,5.771600e+00
1.013246e+01,2.042768e+02,1.701900e-03,5.738300e+00
1.013246e+01,2.111644e+02,1.646388e-03,5.730900e+00
1.013246e+01,2.163700e+02,1.606778e-03,5.718600e+00
1.013246e+01,2.200128e+02,1.580174e-03,5.722000e+00
1.013246e+01,2.221699e+02,1.564832e-03,5.715400e+00
1.013246e+01,2.228842e+02,1.559817e-03,5.721000e+00
1.013246e+01,2.221699e+02,1.564832e-03,5.715400e+00
1.013246e+01,2.200128e+02,1.580174e-03,5.722000e+00
1.013246e+01,2.163700e+02,1.606778e-03,5.718600e+00
1.013246e+01,2.111644e+02,1.646388e-03,5.730900e+00
1.013246e+01,2.042768e+02,1.701900e-03,5.738300e+00
1.013246e+01,1.955293e+02,1.778038e-03,5.771600e+00
1.013246e+01,1.846579e+02,1.882717e-03,5.787700e+00
1.013246e+01,1.712587e+02,2.030020e-03,5.796600e+00
1.013246e+01,1.546759e+02,2.247659e-03,5.852700e+00
1.013246e+01,1.337305e+02,2.599695e-03,5.911400e+00
1.013246e+01,1.058642e+02,3.284007e-03,6.018600e+00
1.013246e+01,6.240759e+01,5.570774e-03,6.333300e+00
1.103262e+01,7.032539e+01,5.527328e-03,6.460900e+00
1.103262e+01,1.192954e+02,3.258395e-03,6.143300e+00
1.103262e+01,1.506973e+02,2.579420e-03,6.063300e+00
1.103262e+01,1.743000e+02,2.230129e-03,5.987700e+00
1.103262e+01,1.929867e+02,2.014188e-03,5.961400e+00
1.103262e+01,2.080860e+02,1.868033e-03,5.933900e+00
1.103262e+01,2.203366e+02,1.764171e-03,5.909800e+00
1.103262e+01,2.301939e+02,1.688627e-03,5.899800e+00
1.103262e+01,2.379554e+02,1.633548e-03,5.895200e+00
1.103262e+01,2.438214e+02,1.594247e-03,5.890800e+00
1.103262e+01,2.479264e+02,1.567850e-03,5.883600e+00
1.103262e+01,2.503571e+02,1.552628e-03,5.871600e+00
1.103262e+01,2.511621e+02,1.547652e-03,5.874800e+00
1.103262e+01,2.503571e+02,1.552628e-03,5.871600e+00
1.103262e+01,2.479264e+02,1.567850e-03,5.883600e+00
1.103262e+01,2.438214e+02,1.594247e-03,5.890800e+00
1.103262e+01,2.379554e+02,1.633548e-03,5.895200e+00
1.103262e+01,2.301939e+02,1.688627e-03,5.899800e+00
1.103262e+01,2.203366e+02,1.764171e-03,5.909800e+00
1.103262e+01,2.080860e+02,1.868033e-03,5.933900e+00
1.103262e+01,1.929867e+02,2.014188e-03,5.961400e+00
1.103262e+01,1.743000e+02,2.230129e-03,5.987700e+00
1.103262e+01,1.506973e+02,2.579420e-03,6.063300e+00
1.103262e+01,1.192954e+02,3.258395e-03,6.143300e+00
1.103262e+01,7.032539e+01,5.527328e-03,6.460900e+00
1.198306e+01,7.931558e+01,5.478801e-03,6.525100e+00
1.198306e+01,1.345458e+02,3.229788e-03,6.262500e+00
1.198306e+01,1.699620e+02,2.556774e-03,6.148500e+00
1.198306e+01,1.965820e+02,2.210550e-03,6.106200e+00
1.198306e+01,2.176575e+02,1.996505e-03,6.069300e+00
1.198306e+01,2.346870e+02,1.851633e-03,6.044100e+00
1.198306e+01,2.485038e+02,1.748683e-03,6.030200e+00
1.198306e+01,2.596212e+02,1.673801e-03,6.014200e+00
1.198306e+01,2.683749e+02,1.619206e-03,5.989100e+00
1.198306e+01,2.749908e+02,1.580250e-03,5.989700e+00
1.198306e+01,2.796206e+02,1.554086e-03,5.992000e+00
1.198306e+01,2.823620e+02,1.538997e-03,5.975100e+00
1.198306e+01,2.832699e+02,1.534064e-03,5.976000e+00
1.198306e+01,2.823620e+02,1.538997e-03,5.975100e+00
1.198306e+01,2.796206e+02,1.554086e-03,5.992000e+00
1.198306e+01,2.749908e+02,1.580250e-03,5.989700e+00
1.198306e+01,2.683749e+02,1.619206e-03,5.989100e+00
1.198306e+01,2.596212e+02,1.673801e-03,6.014200e+00
1.198306e+01,2.485038e+02,1.748683e-03,6.030200e+00
1.198306e+01,2.346870e+02,1.851633e-03,6.044100e+00
1.198306e+01,2.176575e+02,1.996505e-03,6.069300e+00
1.198306e+01,1.965820e+02,2.210550e-03,6.106200e+00
1.198306e+01,1.699620e+02,2.556774e-03,6.148500e+00
1.198306e+01,1.345458e+02,3.229788e-03,6.262500e+00
1.198306e+01,7.931558e+01,5.478801e-03,6.525100e+00
1.299170e+01,8.954396e+01,5.426950e-03,6.670000e+00
1.299170e+01,1.518965e+02,3.199221e-03,6.365200e+00
1.299170e+01,1.918799e+02,2.532577e-03,6.273800e+00
1.299170e+01,2.219328e+02,2.189629e-03,6.222100e+00
1.299170e+01,2.457262e+02,1.977610e-03,6.193900e+00
1.299170e+01,2.649518e+02,1.834109e-03,6.165600e+00
1.299170e+01,2.805503e+02,1.732133e-03,6.156400e+00
1.299170e+01,2.931014e+02,1.657961e-03,6.132900e+00
1.299170e+01,3.029840e+02,1.603882e-03,6.125500e+00
1.299170e+01,3.104530e+02,1.565295e-03,6.110200e+00
1.299170e+01,3.156799e+02,1.539378e-03,6.119100e+00
1.299170e+01,3.187749e+02,1.524432e-03,6.114600e+00
1.299170e+01,3.197999e+02,1.519546e-03,6.113200e+00
1.299170e+01,3.187749e+02,1.524432e-03,6.114600e+00
1.299170e+01,3.156799e+02,1.539378e-03,6.119100e+00
1.299170e+01,3.104530e+02,1.565295e-03,6.110200e+00
1.299170e+01,3.029840e+02,1.603882e-03,6.125500e+00
1.299170e+01,2.931014e+02,1.657961e-03,6.132900e+00
1.299170e+01,2.805503e+02,1.732133e-03,6.156400e+00
1.299170e+01,2.649518e+02,1.834109e-03,6.165600e+00
1.299170e+01,2.457262e+02,1.977610e-03,6.193900e+00
1.299170e+01,2.219328e+02,2.189629e-03,6.222100e+00
1.299170e+01,1.918799e+02,2.532577e-03,6.273800e+00
1.299170e+01,1.518965e+02,3.199221e-03,6.365200e+00
1.299170e+01,8.954396e+01,5.426950e-03,6.670000e+00
1.406422e+01,1.011975e+02,5.370275e-03,6.788000e+00
1.406422e+01,1.716649e+02,3.165811e-03,6.548400e+00
1.406422e+01,2.168519e+02,2.506128e-03,6.454200e+00
1.406422e+01,2.508160e+02,2.166763e-03,6.406100e+00
1.406422e+01,2.777059e+02,1.956957e-03,6.376100e+00
1.406422e+01,2.994336e+02,1.814955e-03,6.339000e+00
1.406422e+01,3.170622e+02,1.714044e-03,6.329100e+00
1.406422e+01,3.312467e+02,1.640646e-03,6.313200e+00
1.406422e+01,3.424155e+02,1.587132e-03,6.301000e+00
1.406422e+01,3.508566e+02,1.548948e-03,6.303100e+00
1.406422e+01,3.567637e+02,1.523302e-03,6.299800e+00
1.406422e+01,3.602614e+02,1.508512e-03,6.289100e+00
1.406422e+01,3.614198e+02,1.503677e-03,6.285700e+00
1.406422e+01,3.602614e+02,1.508512e-03,6.289100e+00
1.406422e+01,3.567637e+02,1.523302e-03,6.299800e+00
1.406422e+01,3.508566e+02,1.548948e-03,6.303100e+00
1.406422e+01,3.424155e+02,1.587132e-03,6.301000e+00
1.406422e+01,3.312467e+02,1.640646e-03,6.313200e+00
1.406422e+01,3.170622e+02,1.714044e-03,6.329100e+00
1.406422e+01,2.994336e+02,1.814955e-03,6.339000e+00
1.406422e+01,2.777059e+02,1.956957e-03,6.376100e+00
1.406422e+01,2.508160e+02,2.166763e-03,6.406100e+00
1.406422e+01,2.168519e+02,2.506128e-03,6.454200e+00
1.406422e+01,1.716649e+02,3.165811e-03,6.548400e+00
1.406422e+01,1.011975e+02,5.370275e-03,6.788000e+00
1.520377e+01,1.144756e+02,5.305558e-03,6.904400e+00
1.520377e+01,1.941890e+02,3.127660e-03,6.678400e+00
1.520377e+01,2.453049e+02,2.475927e-03,6.593700e+00
1.520377e+01,2.837254e+02,2.140651e-03,6.559600e+00
1.520377e+01,3.141436e+02,1.933374e-03,6.519800e+00
1.520377e+01,3.387222e+02,1.793083e-03,6.504500e+00
1.520377e+01,3.586638e+02,1.693388e-03,6.488200e+00
1.520377e+01,3.747095e+02,1.620875e-03,6.474300e+00
1.520377e+01,3.873437e+02,1.568006e-03,6.454900e+00
1.520377e+01,3.968923e+02,1.530282e-03,6.454400e+00
1.520377e+01,4.035744e+02,1.504944e-03,6.454100e+00
1.520377e+01,4.075312e+02,1.490333e-03,6.451800e+00
1.520377e+01,4.088415e+02,1.485556e-03,6.446400e+00
1.520377e+01,4.075312e+02,1.490333e-03,6.451800e+00
1.520377e+01,4.035744e+02,1.504944e-03,6.454100e+00
1.520377e+01,3.968923e+02,1.530282e-03,6.454400e+00
1.520377e+01,3.873437e+02,1.568006e-03,6.454900e+00
1.520377e+01,3.747095e+02,1.620875e-03,6.474300e+00
1.520377e+01,3.586638e+02,1.693388e-03,6.488200e+00
1.520377e+01,3.387222e+02,1.793083e-03,6.504500e+00
1.520377e+01,3.141436e+02,1.933374e-03,6.519800e+00
1.520377e+01,2.837254e+02,2.140651e-03,6.559600e+00
1.520377e+01,2.453049e+02,2.475927e-03,6.593700e+00
1.520377e+01,1.941890e+02,3.127660e-03,6.678400e+00
1.520377e+01,1.144756e+02,5.305558e-03,6.904400e+00
1.641370e+01,1.295896e+02,5.231195e-03,7.211900e+00
1.641370e+01,2.198274e+02,3.083822e-03,6.963000e+00
1.641370e+01,2.776921e+02,2.441224e-03,6.883200e+00
1.641370e+01,3.211852e+02,2.110647e-03,6.825800e+00
1.641370e+01,3.556194e+02,1.906276e-03,6.803800e+00
1.641370e+01,3.834431e+02,1.767951e-03,6.767000e+00
1.641370e+01,4.060175e+02,1.669654e-03,6.756100e+00
1.641370e+01,4.241817e+02,1.598156e-03,6.740400e+00
1.641370e+01,4.384839e+02,1.546028e-03,6.726100e+00
1.641370e+01,4.492933e+02,1.508833e-03,6.721300e+00
1.641370e+01,4.568577e+02,1.483851e-03,6.722000e+00
1.641370e+01,4.613368e+02,1.469444e-03,6.712600e+00
1.641370e+01,4.628202e+02,1.464734e-03,6.718400e+00
1.641370e+01,4.613368e+02,1.469444e-03,6.712600e+00
1.641370e+01,4.568577e+02,1.483851e-03,6.722000e+00
1.641370e+01,4.492933e+02,1.508833e-03,6.721300e+00
1.641370e+01,4.384839e+02,1.546028e-03,6.726100e+00
1.641370e+01,4.241817e+02,1.598156e-03,6.740400e+00
1.641370e+01,4.060175e+02,1.669654e-03,6.756100e+00
1.641370e+01,3.834431e+02,1.767951e-03,6.767000e+00
1.641370e+01,3.556194e+02,1.906276e-03,6.803800e+00
1.641370e+01,3.211852e+02,2.110647e-03,6.825800e+00
1.641370e+01,2.776921e+02,2.441224e-03,6.883200e+00
1.641370e+01,2.198274e+02,3.083822e-03,6.963000e+00
1.641370e+01,1.295896e+02,5.231195e-03,7.211900e+00
1.770001e+01,1.467628e+02,5.148877e-03,7.409000e+00
1.770001e+01,2.489588e+02,3.035296e-03,7.176400e+00
1.770001e+01,3.144917e+02,2.402809e-03,7.084900e+00
1.770001e+01,3.637485e+02,2.077434e-03,7.051700e+00
1.770001e+01,4.027459e+02,1.876279e-03,7.018700e+00
1.770001e+01,4.342567e+02,1.740131e-03,6.986900e+00
1.770001e+01,4.598227e+02,1.643380e-03,6.974700e+00
1.770001e+01,4.803940e+02,1.573008e-03,6.953100e+00
1.770001e+01,4.965916e+02,1.521700e-03,6.952500e+00
1.770001e+01,5.088333e+02,1.485090e-03,6.941500e+00
1.770001e+01,5.174002e+02,1.460501e-03,6.929200e+00
1.770001e+01,5.224728e+02,1.446321e-03,6.925200e+00
1.770001e+01,5.241528e+02,1.441686e-03,6.927900e+00
1.770001e+01,5.224728e+02,1.446321e-03,6.925200e+00
1.770001e+01,5.174002e+02,1.460501e-03,6.929200e+00
1.770001e+01,5.088333e+02,1.485090e-03,6.941500e+00
1.770001e+01,4.965916e+02,1.521700e-03,6.952500e+00
1.770001e+01,4.803940e+02,1.573008e-03,6.953100e+00
1.770001e+01,4.598227e+02,1.643380e-03,6.974700e+00
1.770001e+01,4.342567e+02,1.740131e-03,6.986900e+00
1.770001e+01,4.027459e+02,1.876279e-03,7.018700e+00
1.770001e+01,3.637485e+02,2.077434e-03,7.051700e+00
1.770001e+01,3.144917e+02,2.402809e-03,7.084900e+00
1.770001e+01,2.489588e+02,3.035296e-03,7.176400e+00
1.770001e+01,1.467628e+02,5.148877e-03,7.409000e+00
1.906611e+01,1.662436e+02,5.057543e-03,7.474100e+00
1.906611e+01,2.820048e+02,2.981454e-03,7.272100e+00
1.906611e+01,3.562363e+02,2.360187e-03,7.188800e+00
1.906611e+01,4.120313e+02,2.040584e-03,7.144800e+00
1.906611e+01,4.562051e+02,1.842996e-03,7.109100e+00
1.906611e+01,4.918986e+02,1.709263e-03,7.088400e+00
1.906611e+01,5.208582e+02,1.614229e-03,7.069600e+00
1.906611e+01,5.441600e+02,1.545105e-03,7.051300e+00
1.906611e+01,5.625076e+02,1.494707e-03,7.047300e+00
1.906611e+01,5.763743e+02,1.458747e-03,7.029300e+00
1.906611e+01,5.860783e+02,1.434594e-03,7.026700e+00
1.906611e+01,5.918243e+02,1.420666e-03,7.026000e+00
1.906611e+01,5.937272e+02,1.416112e-03,7.025900e+00
1.906611e+01,5.918243e+02,1.420666e-03,7.026000e+00
1.906611e+01,5.860783e+02,1.434594e-03,7.026700e+00
1.906611e+01,5.763743e+02,1.458747e-03,7.029300e+00
1.906611e+01,5.625076e+02,1.494707e-03,7.047300e+00
1.906611e+01,5.441600e+02,1.545105e-03,7.051300e+00
1.906611e+01,5.208582e+02,1.614229e-03,7.069600e+00
1.906611e+01,4.918986e+02,1.709263e-03,7.088400e+00
1.906611e+01,4.562051e+02,1.842996e-03,7.109100e+00
1.906611e+01,4.120313e+02,2.040584e-03,7.144800e+00
1.906611e+01,3.562363e+02,2.360187e-03,7.188800e+00
1.906611e+01,2.820048e+02,2.981454e-03,7.272100e+00
1.906611e+01,1.662436e+02,5.057543e-03,7.474100e+00
2.050528e+01,1.882731e+02,4.950315e-03,7.526900e+00
2.050528e+01,3.193741e+02,2.918242e-03,7.327200e+00
2.050528e+01,4.034423e+02,2.310147e-03,7.249200e+00
2.050528e+01,4.666308e+02,1.997320e-03,7.212800e+00
2.050528e+01,5.166582e+02,1.803922e-03,7.177500e+00
2.050528e+01,5.570816e+02,1.673024e-03,7.146300e+00
2.050528e+01,5.898787e+02,1.580004e-03,7.128400e+00
2.050528e+01,6.162683e+02,1.512346e-03,7.108600e+00
2.050528e+01,6.370472e+02,1.463017e-03,7.098800e+00
2.050528e+01,6.527514e+02,1.427819e-03,7.092700e+00
2.050528e+01,6.637412e+02,1.404178e-03,7.086500e+00
2.050528e+01,6.702487e+02,1.390545e-03,7.078100e+00
2.050528e+01,6.724038e+02,1.386088e-03,7.075400e+00
2.050528e+01,6.702487e+02,1.390545e-03,7.078100e+00
2.050528e+01,6.637412e+02,1.404178e-03,7.086500e+00
2.050528e+01,6.527514e+02,1.427819e-03,7.092700e+00
2.050528e+01,6.370472e+02,1.463017e-03,7.098800e+00
2.050528e+01,6.162683e+02,1.512346e-03,7.108600e+00
2.050528e+01,5.898787e+02,1.580004e-03,7.128400e+00
2.050528e+01,5.570816e+02,1.673024e-03,7.146300e+00
2.050528e+01,5.166582e+02,1.803922e-03,7.177500e+00
2.050528e+01,4.666308e+02,1.997320e-03,7.212800e+00
2.050528e+01,4.034423e+02,2.310147e-03,7.249200e+00
2.050528e+01,3.193741e+02,2.918242e-03,7.327200e+00
2.050528e+01,1.882731e+02,4.950315e-03,7.526900e+00
2.202497e+01,2.130889e+02,4.832863e-03,7.645600e+00
2.202497e+01,3.614700e+02,2.849003e-03,7.443900e+00
2.202497e+01,4.566190e+02,2.255336e-03,7.378200e+00
2.202497e+01,5.281362e+02,1.949931e-03,7.320600e+00
2.202497e+01,5.847576e+02,1.761121e-03,7.288500e+00
2.202497e+01,6.305091e+02,1.633330e-03,7.263000e+00
2.202497e+01,6.676291e+02,1.542517e-03,7.239800e+00
2.202497e+01,6.974970e+02,1.476464e-03,7.214700e+00
2.202497e+01,7.210147e+02,1.428305e-03,7.206800e+00
2.202497e+01,7.387889e+02,1.393942e-03,7.199500e+00
2.202497e+01,7.512273e+02,1.370862e-03,7.189300e+00
2.202497e+01,7.585924e+02,1.357553e-03,7.190900e+00
2.202497e+01,7.610316e+02,1.353202e-03,7.185900e+00
2.202497e+01,7.585924e+02,1.357553e-03,7.190900e+00
2.202497e+01,7.512273e+02,1.370862e-03,7.189300e+00
2.202497e+01,7.387889e+02,1.393942e-03,7.199500e+00
2.202497e+01,7.210147e+02,1.428305e-03,7.206800e+00
2.202497e+01,6.974970e+02,1.476464e-03,7.214700e+00
2.202497e+01,6.676291e+02,1.542517e-03,7.239800e+00
2.202497e+01,6.305091e+02,1.633330e-03,7.263000e+00
2.202497e+01,5.847576e+02,1.761121e-03,7.288500e+00
2.202497e+01,5.281362e+02,1.949931e-03,7.320600e+00
2.202497e+01,4.566190e+02,2.255336e-03,7.378200e+00
2.202497e+01,3.614700e+02,2.849003e-03,7.443900e+00
2.202497e+01,2.130889e+02,4.832863e-03,7.645600e+00
2.360887e+01,2.409358e+02,4.695423e-03,7.737700e+00
2.360887e+01,4.087076e+02,2.767982e-03,7.548500e+00
2.360887e+01,5.162909e+02,2.191197e-03,7.457900e+00
2.360887e+01,5.971542e+02,1.894478e-03,7.406800e+00
2.360887e+01,6.611750e+02,1.711038e-03,7.367800e+00
2.360887e+01,7.129053e+02,1.586880e-03,7.340900e+00
2.360887e+01,7.548762e+02,1.498650e-03,7.318800e+00
2.360887e+01,7.886474e+02,1.434475e-03,7.303000e+00
2.360887e+01,8.152384e+02,1.387686e-03,7.284500e+00
2.360887e+01,8.353353e+02,1.354301e-03,7.273600e+00
2.360887e+01,8.493992e+02,1.331877e-03,7.266000e+00
2.360887e+01,8.577269e+02,1.318946e-03,7.266800e+00
2.360887e+01,8.604848e+02,1.314718e-03,7.259700e+00
2.360887e+01,8.577269e+02,1.318946e-03,7.266800e+00
2.360887e+01,8.493992e+02,1.331877e-03,7.266000e+00
2.360887e+01,8.353353e+02,1.354301e-03,7.273600e+00
2.360887e+01,8.152384e+02,1.387686e-03,7.284500e+00
2.360887e+01,7.886474e+02,1.434475e-03,7.303000e+00
2.360887e+01,7.548762e+02,1.498650e-03,7.318800e+00
2.360887e+01,7.129053e+02,1.586880e-03,7.340900e+00
2.360887e+01,6.611750e+02,1.711038e-03,7.367800e+00
2.360887e+01,5.971542e+02,1.894478e-03,7.406800e+00
2.360887e+01,5.162909e+02,2.191197e-03,7.457900e+00
2.360887e+01,4.087076e+02,2.767982e-03,7.548500e+00
2.360887e+01,2.409358e+02,4.695423e-03,7.737700e+00
2.525719e+01,2.720047e+02,4.542737e-03,7.774200e+00
2.525719e+01,4.614110e+02,2.677972e-03,7.578200e+00
2.525719e+01,5.828673e+02,2.119944e-03,7.500600e+00
2.525719e+01,6.741580e+02,1.832873e-03,7.441200e+00
2.525719e+01,7.464343e+02,1.655398e-03,7.398600e+00
2.525719e+01,8.048354e+02,1.535278e-03,7.372900e+00
2.525719e+01,8.522185e+02,1.449917e-03,7.345200e+00
2.525719e+01,8.903445e+02,1.387829e-03,7.324900e+00
2.525719e+01,9.203645e+02,1.342562e-03,7.309600e+00
2.525719e+01,9.430529e+02,1.310262e-03,7.300300e+00
2.525719e+01,9.589304e+02,1.288567e-03,7.293200e+00
2.525719e+01,9.683319e+02,1.276056e-03,7.285800e+00
2.525719e+01,9.714455e+02,1.271966e-03,7.283500e+00
2.525719e+01,9.683319e+02,1.276056e-03,7.285800e+00
2.525719e+01,9.589304e+02,1.288567e-03,7.293200e+00
2.525719e+01,9.430529e+02,1.310262e-03,7.300300e+00
2.525719e+01,9.203645e+02,1.342562e-03,7.309600e+00
2.525719e+01,8.903445e+02,1.387829e-03,7.324900e+00
2.525719e+01,8.522185e+02,1.449917e-03,7.345200e+00
2.525719e+01,8.048354e+02,1.535278e-03,7.372900e+00
2.525719e+01,7.464343e+02,1.655398e-03,7.398600e+00
2.525719e+01,6.741580e+02,1.832873e-03,7.441200e+00
2.525719e+01,5.828673e+02,2.119944e-03,7.500600e+00
2.525719e+01,4.614110e+02,2.677972e-03,7.578200e+00
2.525719e+01,2.720047e+02,4.542737e-03,7.774200e+00
2.671291e+01,3.064448e+02,4.255550e-03,7.669200e+00
2.671291e+01,5.198329e+02,2.508674e-03,7.493700e+00
2.671291e+01,6.566674e+02,1.985923e-03,7.407000e+00
2.671291e+01,7.595169e+02,1.717001e-03,7.350200e+00
2.671291e+01,8.409446e+02,1.550746e-03,7.304000e+00
2.671291e+01,9.067401e+02,1.438219e-03,7.271900e+00
2.671291e+01,9.601227e+02,1.358255e-03,7.242400e+00
2.671291e+01,1.003076e+03,1.300092e-03,7.221400e+00
2.671291e+01,1.036897e+03,1.257686e-03,7.205800e+00
2.671291e+01,1.062458e+03,1.227428e-03,7.190000e+00
2.671291e+01,1.080346e+03,1.207105e-03,7.181900e+00
2.671291e+01,1.090938e+03,1.195385e-03,7.179100e+00
2.671291e+01,1.094446e+03,1.191554e-03,7.174500e+00
2.671291e+01,1.090938e+03,1.195385e-03,7.179100e+00
2.671291e+01,1.080346e+03,1.207105e-03,7.181900e+00
2.671291e+01,1.062458e+03,1.227428e-03,7.190000e+00
2.671291e+01,1.036897e+03,1.257686e-03,7.205800e+00
2.671291e+01,1.003076e+03,1.300092e-03,7.221400e+00
2.671291e+01,9.601227e+02,1.358255e-03,7.242400e+00
2.671291e+01,9.067401e+02,1.438219e-03,7.271900e+00
2.671291e+01,8.409446e+02,1.550746e-03,7.304000e+00
2.671291e+01,7.595169e+02,1.717001e-03,7.350200e+00
2.671291e+01,6.566674e+02,1.985923e-03,7.407000e+00
2.671291e+01,5.198329e+02,2.508674e-03,7.493700e+00
2.671291e+01,3.064448e+02,4.255550e-03,7.669200e+00
2.226585e+01,3.101956e+02,2.191180e-03,4.999800e+00
2.226585e+01,5.261955e+02,1.291715e-03,4.877800e+00
2.226585e+01,6.647049e+02,1.022551e-03,4.823500e+00
2.226585e+01,7.688132e+02,8.840826e-04,4.785400e+00
2.226585e+01,8.512376e+02,7.984779e-04,4.755500e+00
2.226585e+01,9.178384e+02,7.405382e-04,4.735600e+00
2.226585e+01,9.718744e+02,6.993645e-04,4.717800e+00
2.226585e+01,1.015353e+03,6.694166e-04,4.701800e+00
2.226585e+01,1.049588e+03,6.475819e-04,4.693900e+00
2.226585e+01,1.075462e+03,6.320020e-04,4.682300e+00
2.226585e+01,1.093569e+03,6.215377e-04,4.679900e+00
2.226585e+01,1.104291e+03,6.155032e-04,4.673800e+00
2.226585e+01,1.107841e+03,6.135304e-04,4.674400e+00
2.226585e+01,1.104291e+03,6.155032e-04,4.673800e+00
2.226585e+01,1.093569e+03,6.215377e-04,4.679900e+00
2.226585e+01,1.075462e+03,6.320020e-04,4.682300e+00
2.226585e+01,1.049588e+03,6.475819e-04,4.693900e+00
2.226585e+01,1.015353e+03,6.694166e-04,4.701800e+00
2.226585e+01,9.718744e+02,6.993645e-04,4.717800e+00
2.226585e+01,9.178384e+02,7.405382e-04,4.735600e+00
2.226585e+01,8.512376e+02,7.984779e-04,4.755500e+00
2.226585e+01,7.688132e+02,8.840826e-04,4.785400e+00
2.226585e+01,6.647049e+02,1.022551e-03,4.823500e+00
2.226585e+01,5.261955e+02,1.291715e-03,4.877800e+00
2.226585e+01,3.101956e+02,2.191180e-03,4.999800e+00
1.780594e+01,2.873405e+02,1.099598e-03,3.077100e+00
1.780594e+01,4.874256e+02,6.482201e-04,3.002100e+00
1.780594e+01,6.157296e+02,5.131458e-04,2.971100e+00
1.780594e+01,7.121672e+02,4.436585e-04,2.946300e+00
1.780594e+01,7.885186e+02,4.006996e-04,2.933300e+00
1.780594e+01,8.502123e+02,3.716237e-04,2.918800e+00
1.780594e+01,9.002669e+02,3.509615e-04,2.908800e+00
1.780594e+01,9.405424e+02,3.359328e-04,2.903000e+00
1.780594e+01,9.722550e+02,3.249755e-04,2.894800e+00
1.780594e+01,9.962226e+02,3.171571e-04,2.890300e+00
1.780594e+01,1.012995e+03,3.119058e-04,2.887600e+00
1.780594e+01,1.022927e+03,3.088775e-04,2.885900e+00
1.780594e+01,1.026216e+03,3.078875e-04,2.884500e+00
1.780594e+01,1.022927e+03,3.088775e-04,2.885900e+00
1.780594e+01,1.012995e+03,3.119058e-04,2.887600e+00
1.780594e+01,9.962226e+02,3.171571e-04,2.890300e+00
1.780594e+01,9.722550e+02,3.249755e-04,2.894800e+00
1.780594e+01,9.405424e+02,3.359328e-04,2.903000e+00
1.780594e+01,9.002669e+02,3.509615e-04,2.908800e+00
1.780594e+01,8.502123e+02,3.716237e-04,2.918800e+00
1.780594e+01,7.885186e+02,4.006996e-04,2.933300e+00
1.780594e+01,7.121672e+02,4.436585e-04,2.946300e+00
1.780594e+01,6.157296e+02,5.131458e-04,2.971100e+00
1.780594e+01,4.874256e+02,6.482201e-04,3.002100e+00
1.780594e+01,2.873405e+02,1.099598e-03,3.077100e+00
1.113934e+01,2.665997e+02,2.658845e-04,1.121900e+00
1.113934e+01,4.522423e+02,1.567406e-04,1.092000e+00
1.113934e+01,5.712851e+02,1.240794e-04,1.079700e+00
1.113934e+01,6.607618e+02,1.072773e-04,1.072300e+00
1.113934e+01,7.316019e+02,9.688975e-05,1.067100e+00
1.113934e+01,7.888425e+02,8.985917e-05,1.063400e+00
1.113934e+01,8.352841e+02,8.486302e-05,1.060000e+00
1.113934e+01,8.726524e+02,8.122905e-05,1.058400e+00
1.113934e+01,9.020759e+02,7.857956e-05,1.056100e+00
1.113934e+01,9.243135e+02,7.668906e-05,1.054400e+00
1.113934e+01,9.398755e+02,7.541928e-05,1.053900e+00
1.113934e+01,9.490901e+02,7.468704e-05,1.053100e+00
1.113934e+01,9.521419e+02,7.444766e-05,1.052800e+00
1.113934e+01,9.490901e+02,7.468704e-05,1.053100e+00
1.113934e+01,9.398755e+02,7.541928e-05,1.053900e+00
1.113934e+01,9.243135e+02,7.668906e-05,1.054400e+00
1.113934e+01,9.020759e+02,7.857956e-05,1.056100e+00
1.113934e+01,8.726524e+02,8.122905e-05,1.058400e+00
1.113934e+01,8.352841e+02,8.486302e-05,1.060000e+00
1.113934e+01,7.888425e+02,8.985917e-05,1.063400e+00
1.113934e+01,7.316019e+02,9.688975e-05,1.067100e+00
1.113934e+01,6.607618e+02,1.072773e-04,1.072300e+00
1.113934e+01,5.712851e+02,1.240794e-04,1.079700e+00
1.113934e+01,4.522423e+02,1.567406e-04,1.092000e+00
1.113934e+01,2.665997e+02,2.658845e-04,1.121900e+00
9.486440e-01,2.570460e+02,1.634684e-07,5.800000e-03
9.486440e-01,4.360360e+02,9.636566e-08,5.700000e-03
9.486440e-01,5.508128e+02,7.628526e-08,5.400000e-03
9.486440e-01,6.370830e+02,6.595514e-08,5.000000e-03
9.486440e-01,7.053845e+02,5.956878e-08,4.700000e-03
9.486440e-01,7.605739e+02,5.524630e-08,5.700000e-03
9.486440e-01,8.053512e+02,5.217463e-08,6.400000e-03
9.486440e-01,8.413804e+02,4.994042e-08,6.900000e-03
9.486440e-01,8.697495e+02,4.831149e-08,7.300000e-03
9.486440e-01,8.911902e+02,4.714919e-08,7.500000e-03
9.486440e-01,9.061945e+02,4.636852e-08,7.700000e-03
9.486440e-01,9.150789e+02,4.591833e-08,7.800000e-03
9.486440e-01,9.180213e+02,4.577115e-08,7.800000e-03
9.486440e-01,9.150789e+02,4.591833e-08,7.800000e-03
9.486440e-01,9.061945e+02,4.636852e-08,7.700000e-03
9.486440e-01,8.911902e+02,4.714919e-08,7.500000e-03
9.486440e-01,8.697495e+02,4.831149e-08,7.300000e-03
9.486440e-01,8.413804e+02,4.994042e-08,6.900000e-03
9.486440e-01,8.053512e+02,5.217463e-08,6.400000e-03
9.486440e-01,7.605739e+02,5.524630e-08,5.700000e-03
9.486440e-01,7.053845e+02,5.956878e-08,4.700000e-03
9.486440e-01,6.370830e+02,6.595514e-08,5.000000e-03
9.486440e-01,5.508128e+02,7.628526e-08,5.400000e-03
9.486440e-01,4.360360e+02,9.636566e-08,5.700000e-03
9.486440e-01,2.570460e+02,1.634684e-07,5.800000e-03
9.159725e-01,2.879040e+01,9.379031e-04,1.020300e+00
1.185055e+00,4.883815e+01,1.197332e-03,1.941700e+00
1.366122e+00,6.169372e+01,1.452066e-03,2.838900e+00
1.521836e+00,7.135640e+01,1.735517e-03,3.773500e+00
1.662292e+00,7.900651e+01,2.042761e-03,4.821600e+00
1.789822e+00,8.518798e+01,2.364881e-03,5.889600e+00
1.904291e+00,9.020326e+01,2.689898e-03,6.972900e+00
2.004611e+00,9.423871e+01,3.003441e-03,8.013300e+00
2.089352e+00,9.741618e+01,3.289743e-03,8.948500e+00
2.157058e+00,9.981764e+01,3.532943e-03,9.799400e+00
2.206438e+00,1.014982e+02,3.718564e-03,1.035410e+01
2.236489e+00,1.024933e+02,3.834980e-03,1.073620e+01
2.246578e+00,1.028229e+02,3.874655e-03,1.092470e+01
2.236489e+00,1.024933e+02,3.834980e-03,1.073620e+01
2.206438e+00,1.014982e+02,3.718564e-03,1.035410e+01
2.157058e+00,9.981764e+01,3.532943e-03,9.799400e+00
2.089352e+00,9.741618e+01,3.289743e-03,8.948500e+00
2.004611e+00,9.423871e+01,3.003441e-03,8.013300e+00
1.904291e+00,9.020326e+01,2.689898e-03,6.972900e+00
1.789822e+00,8.518798e+01,2.364881e-03,5.889600e+00
1.662292e+00,7.900651e+01,2.042761e-03,4.821600e+00
1.521836e+00,7.135640e+01,1.735517e-03,3.773500e+00
1.366122e+00,6.169372e+01,1.452066e-03,2.838900e+00
1.185055e+00,4.883815e+01,1.197332e-03,1.941700e+00
9.159725e-01,2.879040e+01,9.379031e-04,1.020300e+00
1.439327e+00,2.047528e+01,7.368098e-04,6.216000e-01
1.861801e+00,3.473293e+01,9.400814e-04,1.176600e+00
2.146242e+00,4.387561e+01,1.140040e-03,1.698200e+00
2.390848e+00,5.074756e+01,1.362535e-03,2.274300e+00
2.611480e+00,5.618819e+01,1.603697e-03,2.873700e+00
2.811802e+00,6.058436e+01,1.856526e-03,3.549200e+00
2.991606e+00,6.415115e+01,2.111620e-03,4.176800e+00
3.149182e+00,6.702110e+01,2.357702e-03,4.817700e+00
3.282287e+00,6.928087e+01,2.582399e-03,5.381000e+00
3.388633e+00,7.098875e+01,2.773264e-03,5.892900e+00
3.466194e+00,7.218393e+01,2.918940e-03,6.255300e+00
3.513394e+00,7.289163e+01,3.010301e-03,6.512500e+00
3.529240e+00,7.312601e+01,3.041438e-03,6.575700e+00
3.513394e+00,7.289163e+01,3.010301e-03,6.512500e+00
3.466194e+00,7.218393e+01,2.918940e-03,6.255300e+00
3.388633e+00,7.098875e+01,2.773264e-03,5.892900e+00
3.282287e+00,6.928087e+01,2.582399e-03,5.381000e+00
3.149182e+00,6.702110e+01,2.357702e-03,4.817700e+00
2.991606e+00,6.415115e+01,2.111620e-03,4.176800e+00
2.811802e+00,6.058436e+01,1.856526e-03,3.549200e+00
2.611480e+00,5.618819e+01,1.603697e-03,2.873700e+00
2.390848e+00,5.074756e+01,1.362535e-03,2.274300e+00
2.146242e+00,4.387561e+01,1.140040e-03,1.698200e+00
1.861801e+00,3.473293e+01,9.400814e-04,1.176600e+00
1.439327e+00,2.047528e+01,7.368098e-04,6.216000e-01
1.871590e+00,2.253884e+01,7.071704e-04,6.557000e-01
2.421350e+00,3.823341e+01,9.027203e-04,1.204500e+00
2.791310e+00,4.829751e+01,1.094770e-03,1.750000e+00
3.109466e+00,5.586203e+01,1.308471e-03,2.359800e+00
3.396447e+00,6.185099e+01,1.540108e-03,3.004900e+00
3.657015e+00,6.669022e+01,1.782960e-03,3.689500e+00
3.890898e+00,7.061647e+01,2.027995e-03,4.379400e+00
4.095871e+00,7.377567e+01,2.264379e-03,5.034100e+00
4.269013e+00,7.626318e+01,2.480225e-03,5.610500e+00
4.407350e+00,7.814319e+01,2.663575e-03,6.131600e+00
4.508243e+00,7.945882e+01,2.803516e-03,6.502200e+00
4.569642e+00,8.023785e+01,2.891283e-03,6.763000e+00
4.590255e+00,8.049585e+01,2.921194e-03,6.828500e+00
4.569642e+00,8.023785e+01,2.891283e-03,6.763000e+00
4.508243e+00,7.945882e+01,2.803516e-03,6.502200e+00
4.407350e+00,7.814319e+01,2.663575e-03,6.131600e+00
4.269013e+00,7.626318e+01,2.480225e-03,5.610500e+00
4.095871e+00,7.377567e+01,2.264379e-03,5.034100e+00
3.890898e+00,7.061647e+01,2.027995e-03,4.379400e+00
3.657015e+00,6.669022e+01,1.782960e-03,3.689500e+00
3.396447e+00,6.185099e+01,1.540108e-03,3.004900e+00
3.109466e+00,5.586203e+01,1.308471e-03,2.359800e+00
2.791310e+00,4.829751e+01,1.094770e-03,1.750000e+00
2.421350e+00,3.823341e+01,9.027203e-04,1.204500e+00
1.871590e+00,2.253884e+01,7.071704e-04,6.557000e-01
2.270737e+00,2.601645e+01,6.959690e-04,7.031000e-01
2.937785e+00,4.413261e+01,8.884602e-04,1.330600e+00
3.386655e+00,5.574954e+01,1.077479e-03,1.953700e+00
3.772671e+00,6.448123e+01,1.287808e-03,2.595300e+00
4.120865e+00,7.139425e+01,1.515791e-03,3.313400e+00
4.437012e+00,7.698014e+01,1.754812e-03,4.082400e+00
4.720782e+00,8.151219e+01,1.995983e-03,4.866900e+00
4.969476e+00,8.515883e+01,2.228639e-03,5.568800e+00
5.179551e+00,8.803015e+01,2.441082e-03,6.154300e+00
5.347395e+00,9.020024e+01,2.621542e-03,6.606500e+00
5.469808e+00,9.171887e+01,2.759277e-03,6.981800e+00
5.544304e+00,9.261809e+01,2.845659e-03,7.202500e+00
5.569315e+00,9.291590e+01,2.875099e-03,7.255400e+00
5.544304e+00,9.261809e+01,2.845659e-03,7.202500e+00
5.469808e+00,9.171887e+01,2.759277e-03,6.981800e+00
5.347395e+00,9.020024e+01,2.621542e-03,6.606500e+00
5.179551e+00,8.803015e+01,2.441082e-03,6.154300e+00
4.969476e+00,8.515883e+01,2.228639e-03,5.568800e+00
4.720782e+00,8.151219e+01,1.995983e-03,4.866900e+00
4.437012e+00,7.698014e+01,1.754812e-03,4.082400e+00
4.120865e+00,7.139425e+01,1.515791e-03,3.313400e+00
3.772671e+00,6.448123e+01,1.287808e-03,2.595300e+00
3.386655e+00,5.574954e+01,1.077479e-03,1.953700e+00
2.937785e+00,4.413261e+01,8.884602e-04,1.330600e+00
2.270737e+00,2.601645e+01,6.959690e-04,7.031000e-01
2.651370e+00,2.989955e+01,6.896768e-04,7.729000e-01
3.430244e+00,5.071963e+01,8.804370e-04,1.485600e+00
3.954359e+00,6.407046e+01,1.067750e-03,2.163800e+00
4.405084e+00,7.410539e+01,1.276180e-03,2.906700e+00
4.811646e+00,8.205022e+01,1.502106e-03,3.710100e+00
5.180790e+00,8.846983e+01,1.738970e-03,4.463000e+00
5.512129e+00,9.367832e+01,1.977964e-03,5.176400e+00
5.802513e+00,9.786924e+01,2.208521e-03,5.792400e+00
6.047803e+00,1.011691e+02,2.419047e-03,6.324400e+00
6.243785e+00,1.036631e+02,2.597878e-03,6.800700e+00
6.386718e+00,1.054084e+02,2.734370e-03,7.091100e+00
6.473702e+00,1.064418e+02,2.819974e-03,7.293100e+00
6.502905e+00,1.067841e+02,2.849148e-03,7.400600e+00
6.473702e+00,1.064418e+02,2.819974e-03,7.293100e+00
6.386718e+00,1.054084e+02,2.734370e-03,7.091100e+00
6.243785e+00,1.036631e+02,2.597878e-03,6.800700e+00
6.047803e+00,1.011691e+02,2.419047e-03,6.324400e+00
5.802513e+00,9.786924e+01,2.208521e-03,5.792400e+00
5.512129e+00,9.367832e+01,1.977964e-03,5.176400e+00
5.180790e+00,8.846983e+01,1.738970e-03,4.463000e+00
4.811646e+00,8.205022e+01,1.502106e-03,3.710100e+00
4.405084e+00,7.410539e+01,1.276180e-03,2.906700e+00
3.954359e+00,6.407046e+01,1.067750e-03,2.163800e+00
3.430244e+00,5.071963e+01,8.804370e-04,1.485600e+00
2.651370e+00,2.989955e+01,6.896768e-04,7.729000e-01
3.024014e+00,3.409228e+01,6.851214e-04,8.433000e-01
3.912363e+00,5.783192e+01,8.746251e-04,1.640900e+00
4.510141e+00,7.305490e+01,1.060702e-03,2.402400e+00
5.024216e+00,8.449700e+01,1.267757e-03,3.213500e+00
5.487920e+00,9.355591e+01,1.492191e-03,3.966500e+00
5.908948e+00,1.008757e+02,1.727492e-03,4.661700e+00
6.286857e+00,1.068146e+02,1.964909e-03,5.333500e+00
6.618055e+00,1.115932e+02,2.193945e-03,5.951800e+00
6.897821e+00,1.153558e+02,2.403081e-03,6.440800e+00
7.121347e+00,1.181995e+02,2.580733e-03,6.872900e+00
7.284370e+00,1.201896e+02,2.716324e-03,7.184700e+00
7.383580e+00,1.213679e+02,2.801363e-03,7.364600e+00
7.416888e+00,1.217582e+02,2.830344e-03,7.460500e+00
7.383580e+00,1.213679e+02,2.801363e-03,7.364600e+00
7.284370e+00,1.201896e+02,2.716324e-03,7.184700e+00
7.121347e+00,1.181995e+02,2.580733e-03,6.872900e+00
6.897821e+00,1.153558e+02,2.403081e-03,6.440800e+00
6.618055e+00,1.115932e+02,2.193945e-03,5.951800e+00
6.286857e+00,1.068146e+02,1.964909e-03,5.333500e+00
5.908948e+00,1.008757e+02,1.727492e-03,4.661700e+00
5.487920e+00,9.355591e+01,1.492191e-03,3.966500e+00
5.024216e+00,8.449700e+01,1.267757e-03,3.213500e+00
4.510141e+00,7.305490e+01,1.060702e-03,2.402400e+00
3.912363e+00,5.783192e+01,8.746251e-04,1.640900e+00
3.024014e+00,3.409228e+01,6.851214e-04,8.433000e-01
3.396389e+00,3.864687e+01,6.811527e-04,9.320000e-01
4.394130e+00,6.555802e+01,8.695601e-04,1.818100e+00
5.065519e+00,8.281471e+01,1.054560e-03,2.652600e+00
5.642898e+00,9.578544e+01,1.260415e-03,3.385400e+00
6.163703e+00,1.060546e+02,1.483550e-03,4.099300e+00
6.636576e+00,1.143523e+02,1.717489e-03,4.783400e+00
7.061021e+00,1.210846e+02,1.953531e-03,5.439200e+00
7.433002e+00,1.265016e+02,2.181241e-03,6.038500e+00
7.747219e+00,1.307669e+02,2.389166e-03,6.578600e+00
7.998270e+00,1.339905e+02,2.565789e-03,7.031600e+00
8.181368e+00,1.362464e+02,2.700596e-03,7.362500e+00
8.292795e+00,1.375821e+02,2.785142e-03,7.604000e+00
8.330204e+00,1.380245e+02,2.813956e-03,7.654200e+00
8.292795e+00,1.375821e+02,2.785142e-03,7.604000e+00
8.181368e+00,1.362464e+02,2.700596e-03,7.362500e+00
7.998270e+00,1.339905e+02,2.565789e-03,7.031600e+00
7.747219e+00,1.307669e+02,2.389166e-03,6.578600e+00
7.433002e+00,1.265016e+02,2.181241e-03,6.038500e+00
7.061021e+00,1.210846e+02,1.953531e-03,5.439200e+00
6.636576e+00,1.143523e+02,1.717489e-03,4.783400e+00
6.163703e+00,1.060546e+02,1.483550e-03,4.099300e+00
5.642898e+00,9.578544e+01,1.260415e-03,3.385400e+00
5.065519e+00,8.281471e+01,1.054560e-03,2.652600e+00
4.394130e+00,6.555802e+01,8.695601e-04,1.818100e+00
3.396389e+00,3.864687e+01,6.811527e-04,9.320000e-01
3.774438e+00,4.364916e+01,6.773105e-04,1.019500e+00
4.883239e+00,7.404358e+01,8.646560e-04,1.992600e+00
5.629360e+00,9.353391e+01,1.048612e-03,2.787500e+00
6.271006e+00,1.081835e+02,1.253307e-03,3.506600e+00
6.849782e+00,1.197818e+02,1.475184e-03,4.230400e+00
7.375291e+00,1.291536e+02,1.707803e-03,4.888200e+00
7.846981e+00,1.367573e+02,1.942514e-03,5.583900e+00
8.260368e+00,1.428754e+02,2.168940e-03,6.221200e+00
8.609559e+00,1.476928e+02,2.375693e-03,6.782600e+00
8.888555e+00,1.513336e+02,2.551320e-03,7.205400e+00
9.092034e+00,1.538815e+02,2.685366e-03,7.554200e+00
9.215864e+00,1.553902e+02,2.769436e-03,7.733300e+00
9.257437e+00,1.558898e+02,2.798087e-03,7.823000e+00
9.215864e+00,1.553902e+02,2.769436e-03,7.733300e+00
9.092034e+00,1.538815e+02,2.685366e-03,7.554200e+00
8.888555e+00,1.513336e+02,2.551320e-03,7.205400e+00
8.609559e+00,1.476928e+02,2.375693e-03,6.782600e+00
8.260368e+00,1.428754e+02,2.168940e-03,6.221200e+00
7.846981e+00,1.367573e+02,1.942514e-03,5.583900e+00
7.375291e+00,1.291536e+02,1.707803e-03,4.888200e+00
6.849782e+00,1.197818e+02,1.475184e-03,4.230400e+00
6.271006e+00,1.081835e+02,1.253307e-03,3.506600e+00
5.629360e+00,9.353391e+01,1.048612e-03,2.787500e+00
4.883239e+00,7.404358e+01,8.646560e-04,1.992600e+00
3.774438e+00,4.364916e+01,6.773105e-04,1.019500e+00
4.162918e+00,4.919994e+01,6.733123e-04,1.105500e+00
5.385842e+00,8.345956e+01,8.595524e-04,2.111800e+00
6.208757e+00,1.054284e+02,1.042423e-03,2.883000e+00
6.916444e+00,1.219410e+02,1.245909e-03,3.625200e+00
7.554790e+00,1.350143e+02,1.466477e-03,4.318800e+00
8.134386e+00,1.455778e+02,1.697723e-03,5.078100e+00
8.654624e+00,1.541484e+02,1.931049e-03,5.756100e+00
9.110559e+00,1.610446e+02,2.156138e-03,6.382700e+00
9.495690e+00,1.664746e+02,2.361671e-03,6.897800e+00
9.803402e+00,1.705785e+02,2.536261e-03,7.355200e+00
1.002782e+01,1.734503e+02,2.669516e-03,7.633700e+00
1.016440e+01,1.751509e+02,2.753090e-03,7.854600e+00
1.021025e+01,1.757141e+02,2.781572e-03,7.941900e+00
1.016440e+01,1.751509e+02,2.753090e-03,7.854600e+00
1.002782e+01,1.734503e+02,2.669516e-03,7.633700e+00
9.803402e+00,1.705785e+02,2.536261e-03,7.355200e+00
9.495690e+00,1.664746e+02,2.361671e-03,6.897800e+00
9.110559e+00,1.610446e+02,2.156138e-03,6.382700e+00
8.654624e+00,1.541484e+02,1.931049e-03,5.756100e+00
8.134386e+00,1.455778e+02,1.697723e-03,5.078100e+00
7.554790e+00,1.350143e+02,1.466477e-03,4.318800e+00
6.916444e+00,1.219410e+02,1.245909e-03,3.625200e+00
6.208757e+00,1.054284e+02,1.042423e-03,2.883000e+00
5.385842e+00,8.345956e+01,8.595524e-04,2.111800e+00
4.162918e+00,4.919994e+01,6.733123e-04,1.105500e+00
4.566046e+00,5.541140e+01,6.690456e-04,1.207800e+00
5.907396e+00,9.399627e+01,8.541058e-04,2.223800e+00
6.810000e+00,1.187387e+02,1.035817e-03,3.003500e+00
7.586218e+00,1.373360e+02,1.238015e-03,3.711700e+00
8.286381e+00,1.520597e+02,1.457184e-03,4.493500e+00
8.922103e+00,1.639569e+02,1.686965e-03,5.231700e+00
9.492721e+00,1.736095e+02,1.918813e-03,5.915200e+00
9.992807e+00,1.813764e+02,2.142476e-03,6.481700e+00
1.041523e+01,1.874919e+02,2.346706e-03,7.033600e+00
1.075274e+01,1.921139e+02,2.520190e-03,7.493100e+00
1.099890e+01,1.953483e+02,2.652601e-03,7.811300e+00
1.114870e+01,1.972636e+02,2.735645e-03,8.012200e+00
1.119899e+01,1.978978e+02,2.763947e-03,8.091900e+00
1.114870e+01,1.972636e+02,2.735645e-03,8.012200e+00
1.099890e+01,1.953483e+02,2.652601e-03,7.811300e+00
1.075274e+01,1.921139e+02,2.520190e-03,7.493100e+00
1.041523e+01,1.874919e+02,2.346706e-03,7.033600e+00
9.992807e+00,1.813764e+02,2.142476e-03,6.481700e+00
9.492721e+00,1.736095e+02,1.918813e-03,5.915200e+00
8.922103e+00,1.639569e+02,1.686965e-03,5.231700e+00
8.286381e+00,1.520597e+02,1.457184e-03,4.493500e+00
7.586218e+00,1.373360e+02,1.238015e-03,3.711700e+00
6.810000e+00,1.187387e+02,1.035817e-03,3.003500e+00
5.907396e+00,9.399627e+01,8.541058e-04,2.223800e+00
4.566046e+00,5.541140e+01,6.690456e-04,1.207800e+00
4.987457e+00,6.240759e+01,6.643673e-04,1.325700e+00
6.452604e+00,1.058642e+02,8.481336e-04,2.321500e+00
7.438513e+00,1.337305e+02,1.028575e-03,3.088000e+00
8.286370e+00,1.546759e+02,1.229358e-03,3.886600e+00
9.051152e+00,1.712587e+02,1.446995e-03,4.639400e+00
9.745547e+00,1.846579e+02,1.675170e-03,5.364000e+00
1.036883e+01,1.955293e+02,1.905396e-03,6.049200e+00
1.091507e+01,2.042768e+02,2.127495e-03,6.656900e+00
1.137648e+01,2.111644e+02,2.330297e-03,7.189700e+00
1.174514e+01,2.163700e+02,2.502569e-03,7.601600e+00
1.201402e+01,2.200128e+02,2.634054e-03,7.913600e+00
1.217764e+01,2.221699e+02,2.716517e-03,8.089200e+00
1.223257e+01,2.228842e+02,2.744621e-03,8.158600e+00
1.217764e+01,2.221699e+02,2.716517e-03,8.089200e+00
1.201402e+01,2.200128e+02,2.634054e-03,7.913600e+00
1.174514e+01,2.163700e+02,2.502569e-03,7.601600e+00
1.137648e+01,2.111644e+02,2.330297e-03,7.189700e+00
1.091507e+01,2.042768e+02,2.127495e-03,6.656900e+00
1.036883e+01,1.955293e+02,1.905396e-03,6.049200e+00
9.745547e+00,1.846579e+02,1.675170e-03,5.364000e+00
9.051152e+00,1.712587e+02,1.446995e-03,4.639400e+00
8.286370e+00,1.546759e+02,1.229358e-03,3.886600e+00
7.438513e+00,1.337305e+02,1.028575e-03,3.088000e+00
6.452604e+00,1.058642e+02,8.481336e-04,2.321500e+00
4.987457e+00,6.240759e+01,6.643673e-04,1.325700e+00
5.430537e+00,7.032539e+01,6.591858e-04,1.401900e+00
7.025847e+00,1.192954e+02,8.415190e-04,2.398900e+00
8.099342e+00,1.506973e+02,1.020553e-03,3.225200e+00
9.022522e+00,1.743000e+02,1.219770e-03,4.012900e+00
9.855246e+00,1.929867e+02,1.435710e-03,4.761200e+00
1.061133e+01,2.080860e+02,1.662105e-03,5.498900e+00
1.128998e+01,2.203366e+02,1.890536e-03,6.174400e+00
1.188475e+01,2.301939e+02,2.110903e-03,6.767500e+00
1.238716e+01,2.379554e+02,2.312124e-03,7.259000e+00
1.278857e+01,2.438214e+02,2.483051e-03,7.711500e+00
1.308133e+01,2.479264e+02,2.613511e-03,8.057900e+00
1.325949e+01,2.503571e+02,2.695331e-03,8.258200e+00
1.331930e+01,2.511621e+02,2.723215e-03,8.335100e+00
1.325949e+01,2.503571e+02,2.695331e-03,8.258200e+00
1.308133e+01,2.479264e+02,2.613511e-03,8.057900e+00
1.278857e+01,2.438214e+02,2.483051e-03,7.711500e+00
1.238716e+01,2.379554e+02,2.312124e-03,7.259000e+00
1.188475e+01,2.301939e+02,2.110903e-03,6.767500e+00
1.128998e+01,2.203366e+02,1.890536e-03,6.174400e+00
1.061133e+01,2.080860e+02,1.662105e-03,5.498900e+00
9.855246e+00,1.929867e+02,1.435710e-03,4.761200e+00
9.022522e+00,1.743000e+02,1.219770e-03,4.012900e+00
8.099342e+00,1.506973e+02,1.020553e-03,3.225200e+00
7.025847e+00,1.192954e+02,8.415190e-04,2.398900e+00
5.430537e+00,7.032539e+01,6.591858e-04,1.401900e+00
5.898371e+00,7.931558e+01,6.533985e-04,1.473500e+00
7.631115e+00,1.345458e+02,8.341310e-04,2.494300e+00
8.797090e+00,1.699620e+02,1.011593e-03,3.350600e+00
9.799801e+00,1.965820e+02,1.209062e-03,4.138200e+00
1.070426e+01,2.176575e+02,1.423105e-03,4.912200e+00
1.152548e+01,2.346870e+02,1.647513e-03,5.636000e+00
1.226260e+01,2.485038e+02,1.873938e-03,6.274300e+00
1.290861e+01,2.596212e+02,2.092370e-03,6.898200e+00
1.345430e+01,2.683749e+02,2.291825e-03,7.454600e+00
1.389029e+01,2.749908e+02,2.461251e-03,7.922500e+00
1.420827e+01,2.796206e+02,2.590566e-03,8.264600e+00
1.440178e+01,2.823620e+02,2.671667e-03,8.446000e+00
1.446674e+01,2.832699e+02,2.699307e-03,8.515600e+00
1.440178e+01,2.823620e+02,2.671667e-03,8.446000e+00
1.420827e+01,2.796206e+02,2.590566e-03,8.264600e+00
1.389029e+01,2.749908e+02,2.461251e-03,7.922500e+00
1.345430e+01,2.683749e+02,2.291825e-03,7.454600e+00
1.290861e+01,2.596212e+02,2.092370e-03,6.898200e+00
1.226260e+01,2.485038e+02,1.873938e-03,6.274300e+00
1.152548e+01,2.346870e+02,1.647513e-03,5.636000e+00
1.070426e+01,2.176575e+02,1.423105e-03,4.912200e+00
9.799801e+00,1.965820e+02,1.209062e-03,4.138200e+00
8.797090e+00,1.699620e+02,1.011593e-03,3.350600e+00
7.631115e+00,1.345458e+02,8.341310e-04,2.494300e+00
5.898371e+00,7.931558e+01,6.533985e-04,1.473500e+00
6.394850e+00,8.954396e+01,6.472147e-04,1.554300e+00
8.273442e+00,1.518965e+02,8.262368e-04,2.607400e+00
9.537560e+00,1.918799e+02,1.002019e-03,3.462600e+00
1.062467e+01,2.219328e+02,1.197619e-03,4.263100e+00
1.160526e+01,2.457262e+02,1.409637e-03,5.029400e+00
1.249561e+01,2.649518e+02,1.631921e-03,5.695500e+00
1.329477e+01,2.805503e+02,1.856203e-03,6.445300e+00
1.399515e+01,2.931014e+02,2.072568e-03,7.086200e+00
1.458677e+01,3.029840e+02,2.270135e-03,7.633500e+00
1.505946e+01,3.104530e+02,2.437958e-03,8.063700e+00
1.540421e+01,3.156799e+02,2.566049e-03,8.470500e+00
1.561401e+01,3.187749e+02,2.646383e-03,8.706500e+00
1.568444e+01,3.197999e+02,2.673761e-03,8.786400e+00
1.561401e+01,3.187749e+02,2.646383e-03,8.706500e+00
1.540421e+01,3.156799e+02,2.566049e-03,8.470500e+00
1.505946e+01,3.104530e+02,2.437958e-03,8.063700e+00
1.458677e+01,3.029840e+02,2.270135e-03,7.633500e+00
1.399515e+01,2.931014e+02,2.072568e-03,7.086200e+00
1.329477e+01,2.805503e+02,1.856203e-03,6.445300e+00
1.249561e+01,2.649518e+02,1.631921e-03,5.695500e+00
1.160526e+01,2.457262e+02,1.409637e-03,5.029400e+00
1.062467e+01,2.219328e+02,1.197619e-03,4.263100e+00
9.537560e+00,1.918799e+02,1.002019e-03,3.462600e+00
8.273442e+00,1.518965e+02,8.262368e-04,2.607400e+00
6.394850e+00,8.954396e+01,6.472147e-04,1.554300e+00
6.922769e+00,1.011975e+02,6.404558e-04,1.608300e+00
8.956446e+00,1.716649e+02,8.176082e-04,2.718600e+00
1.032492e+01,2.168519e+02,9.915549e-04,3.569700e+00
1.150178e+01,2.508160e+02,1.185112e-03,4.380400e+00
1.256332e+01,2.777059e+02,1.394916e-03,5.102000e+00
1.352717e+01,2.994336e+02,1.614878e-03,5.885000e+00
1.439230e+01,3.170622e+02,1.836818e-03,6.604300e+00
1.515051e+01,3.312467e+02,2.050924e-03,7.241700e+00
1.579097e+01,3.424155e+02,2.246427e-03,7.885300e+00
1.630268e+01,3.508566e+02,2.412498e-03,8.420100e+00
1.667588e+01,3.567637e+02,2.539251e-03,8.806300e+00
1.690300e+01,3.602614e+02,2.618746e-03,9.029700e+00
1.697925e+01,3.614198e+02,2.645838e-03,9.104900e+00
1.690300e+01,3.602614e+02,2.618746e-03,9.029700e+00
1.667588e+01,3.567637e+02,2.539251e-03,8.806300e+00
1.630268e+01,3.508566e+02,2.412498e-03,8.420100e+00
1.579097e+01,3.424155e+02,2.246427e-03,7.885300e+00
1.515051e+01,3.312467e+02,2.050924e-03,7.241700e+00
1.439230e+01,3.170622e+02,1.836818e-03,6.604300e+00
1.352717e+01,2.994336e+02,1.614878e-03,5.885000e+00
1.256332e+01,2.777059e+02,1.394916e-03,5.102000e+00
1.150178e+01,2.508160e+02,1.185112e-03,4.380400e+00
1.032492e+01,2.168519e+02,9.915549e-04,3.569700e+00
8.956446e+00,1.716649e+02,8.176082e-04,2.718600e+00
6.922769e+00,1.011975e+02,6.404558e-04,1.608300e+00
7.483683e+00,1.144756e+02,6.327377e-04,1.659300e+00
9.682138e+00,1.941890e+02,8.077552e-04,2.800600e+00
1.116149e+01,2.453049e+02,9.796057e-04,3.677500e+00
1.243370e+01,2.837254e+02,1.170830e-03,4.447200e+00
1.358126e+01,3.141436e+02,1.378106e-03,5.273200e+00
1.462320e+01,3.387222e+02,1.595417e-03,6.041800e+00
1.555844e+01,3.586638e+02,1.814683e-03,6.813700e+00
1.637807e+01,3.747095e+02,2.026208e-03,7.560300e+00
1.707042e+01,3.873437e+02,2.219356e-03,8.186200e+00
1.762360e+01,3.968923e+02,2.383425e-03,8.698800e+00
1.802704e+01,4.035744e+02,2.508650e-03,9.056400e+00
1.827256e+01,4.075312e+02,2.587188e-03,9.268500e+00
1.835499e+01,4.088415e+02,2.613953e-03,9.333000e+00
1.827256e+01,4.075312e+02,2.587188e-03,9.268500e+00
1.802704e+01,4.035744e+02,2.508650e-03,9.056400e+00
1.762360e+01,3.968923e+02,2.383425e-03,8.698800e+00
1.707042e+01,3.873437e+02,2.219356e-03,8.186200e+00
1.637807e+01,3.747095e+02,2.026208e-03,7.560300e+00
1.555844e+01,3.586638e+02,1.814683e-03,6.813700e+00
1.462320e+01,3.387222e+02,1.595417e-03,6.041800e+00
1.358126e+01,3.141436e+02,1.378106e-03,5.273200e+00
1.243370e+01,2.837254e+02,1.170830e-03,4.447200e+00
1.116149e+01,2.453049e+02,9.796057e-04,3.677500e+00
9.682138e+00,1.941890e+02,8.077552e-04,2.800600e+00
7.483683e+00,1.144756e+02,6.327377e-04,1.659300e+00
8.079242e+00,1.295896e+02,6.238692e-04,1.752200e+00
1.045265e+01,2.198274e+02,7.964337e-04,2.896700e+00
1.204974e+01,2.776921e+02,9.658755e-04,3.761100e+00
1.342319e+01,3.211852e+02,1.154420e-03,4.592500e+00
1.466207e+01,3.556194e+02,1.358790e-03,5.408200e+00
1.578693e+01,3.834431e+02,1.573056e-03,6.244400e+00
1.679659e+01,4.060175e+02,1.789248e-03,7.077500e+00
1.768145e+01,4.241817e+02,1.997808e-03,7.797500e+00
1.842890e+01,4.384839e+02,2.188249e-03,8.369800e+00
1.902610e+01,4.492933e+02,2.350019e-03,8.822200e+00
1.946165e+01,4.568577e+02,2.473489e-03,9.147900e+00
1.972671e+01,4.613368e+02,2.550925e-03,9.328600e+00
1.981569e+01,4.628202e+02,2.577316e-03,9.400400e+00
1.972671e+01,4.613368e+02,2.550925e-03,9.328600e+00
1.946165e+01,4.568577e+02,2.473489e-03,9.147900e+00
1.902610e+01,4.492933e+02,2.350019e-03,8.822200e+00
1.842890e+01,4.384839e+02,2.188249e-03,8.369800e+00
1.768145e+01,4.241817e+02,1.997808e-03,7.797500e+00
1.679659e+01,4.060175e+02,1.789248e-03,7.077500e+00
1.578693e+01,3.834431e+02,1.573056e-03,6.244400e+00
1.466207e+01,3.556194e+02,1.358790e-03,5.408200e+00
1.342319e+01,3.211852e+02,1.154420e-03,4.592500e+00
1.204974e+01,2.776921e+02,9.658755e-04,3.761100e+00
1.045265e+01,2.198274e+02,7.964337e-04,2.896700e+00
8.079242e+00,1.295896e+02,6.238692e-04,1.752200e+00
8.712401e+00,1.467628e+02,6.140522e-04,1.825000e+00
1.127181e+01,2.489588e+02,7.839011e-04,2.982600e+00
1.299406e+01,3.144917e+02,9.506766e-04,3.844100e+00
1.447515e+01,3.637485e+02,1.136254e-03,4.717200e+00
1.581111e+01,4.027459e+02,1.337408e-03,5.600300e+00
1.702413e+01,4.342567e+02,1.548302e-03,6.483800e+00
1.811291e+01,4.598227e+02,1.761093e-03,7.268600e+00
1.906712e+01,4.803940e+02,1.966371e-03,7.907200e+00
1.987315e+01,4.965916e+02,2.153815e-03,8.438800e+00
2.051715e+01,5.088333e+02,2.313039e-03,8.926200e+00
2.098683e+01,5.174002e+02,2.434566e-03,9.289000e+00
2.127266e+01,5.224728e+02,2.510784e-03,9.512400e+00
2.136862e+01,5.241528e+02,2.536759e-03,9.592700e+00
2.127266e+01,5.224728e+02,2.510784e-03,9.512400e+00
2.098683e+01,5.174002e+02,2.434566e-03,9.289000e+00
2.051715e+01,5.088333e+02,2.313039e-03,8.926200e+00
1.987315e+01,4.965916e+02,2.153815e-03,8.438800e+00
1.906712e+01,4.803940e+02,1.966371e-03,7.907200e+00
1.811291e+01,4.598227e+02,1.761093e-03,7.268600e+00
1.702413e+01,4.342567e+02,1.548302e-03,6.483800e+00
1.581111e+01,4.027459e+02,1.337408e-03,5.600300e+00
1.447515e+01,3.637485e+02,1.136254e-03,4.717200e+00
1.299406e+01,3.144917e+02,9.506766e-04,3.844100e+00
1.127181e+01,2.489588e+02,7.839011e-04,2.982600e+00
8.712401e+00,1.467628e+02,6.140522e-04,1.825000e+00
9.384827e+00,1.662436e+02,6.031599e-04,1.882900e+00
1.214177e+01,2.820048e+02,7.699958e-04,3.037200e+00
1.399694e+01,3.562363e+02,9.338129e-04,3.962400e+00
1.559234e+01,4.120313e+02,1.116098e-03,4.860100e+00
1.703142e+01,4.562051e+02,1.313685e-03,5.801300e+00
1.833805e+01,4.918986e+02,1.520838e-03,6.636300e+00
1.951087e+01,5.208582e+02,1.729853e-03,7.336700e+00
2.053873e+01,5.441600e+02,1.931490e-03,7.994500e+00
2.140696e+01,5.625076e+02,2.115609e-03,8.617800e+00
2.210066e+01,5.763743e+02,2.272009e-03,9.087600e+00
2.260660e+01,5.860783e+02,2.391380e-03,9.445200e+00
2.291449e+01,5.918243e+02,2.466246e-03,9.683500e+00
2.301786e+01,5.937272e+02,2.491761e-03,9.763100e+00
2.291449e+01,5.918243e+02,2.466246e-03,9.683500e+00
2.260660e+01,5.860783e+02,2.391380e-03,9.445200e+00
2.210066e+01,5.763743e+02,2.272009e-03,9.087600e+00
2.140696e+01,5.625076e+02,2.115609e-03,8.617800e+00
2.053873e+01,5.441600e+02,1.931490e-03,7.994500e+00
1.951087e+01,5.208582e+02,1.729853e-03,7.336700e+00
1.833805e+01,4.918986e+02,1.520838e-03,6.636300e+00
1.703142e+01,4.562051e+02,1.313685e-03,5.801300e+00
1.559234e+01,4.120313e+02,1.116098e-03,4.860100e+00
1.399694e+01,3.562363e+02,9.338129e-04,3.962400e+00
1.214177e+01,2.820048e+02,7.699958e-04,3.037200e+00
9.384827e+00,1.662436e+02,6.031599e-04,1.882900e+00
1.009323e+01,1.882731e+02,5.903720e-04,1.931200e+00
1.305827e+01,3.193741e+02,7.536706e-04,3.105800e+00
1.505348e+01,4.034423e+02,9.140146e-04,4.034800e+00
1.676930e+01,4.666308e+02,1.092435e-03,5.040300e+00
1.831701e+01,5.166582e+02,1.285832e-03,5.927900e+00
1.972227e+01,5.570816e+02,1.488593e-03,6.670200e+00
2.098362e+01,5.898787e+02,1.693178e-03,7.440400e+00
2.208906e+01,6.162683e+02,1.890540e-03,8.128800e+00
2.302283e+01,6.370472e+02,2.070755e-03,8.740100e+00
2.376890e+01,6.527514e+02,2.223838e-03,9.248400e+00
2.431302e+01,6.637412e+02,2.340679e-03,9.610900e+00
2.464415e+01,6.702487e+02,2.413958e-03,9.822100e+00
2.475532e+01,6.724038e+02,2.438931e-03,9.892600e+00
2.464415e+01,6.702487e+02,2.413958e-03,9.822100e+00
2.431302e+01,6.637412e+02,2.340679e-03,9.610900e+00
2.376890e+01,6.527514e+02,2.223838e-03,9.248400e+00
2.302283e+01,6.370472e+02,2.070755e-03,8.740100e+00
2.208906e+01,6.162683e+02,1.890540e-03,8.128800e+00
2.098362e+01,5.898787e+02,1.693178e-03,7.440400e+00
1.972227e+01,5.570816e+02,1.488593e-03,6.670200e+00
1.831701e+01,5.166582e+02,1.285832e-03,5.927900e+00
1.676930e+01,4.666308e+02,1.092435e-03,5.040300e+00
1.505348e+01,4.034423e+02,9.140146e-04,4.034800e+00
1.305827e+01,3.193741e+02,7.536706e-04,3.105800e+00
1.009323e+01,1.882731e+02,5.903720e-04,1.931200e+00
1.084126e+01,2.130889e+02,5.763650e-04,1.990000e+00
1.402605e+01,3.614700e+02,7.357890e-04,3.184400e+00
1.616912e+01,4.566190e+02,8.923285e-04,4.195300e+00
1.801211e+01,5.281362e+02,1.066516e-03,5.150400e+00
1.967452e+01,5.847576e+02,1.255325e-03,5.950800e+00
2.118393e+01,6.305091e+02,1.453275e-03,6.777200e+00
2.253876e+01,6.676291e+02,1.653005e-03,7.532500e+00
2.372613e+01,6.974970e+02,1.845684e-03,8.247600e+00
2.472910e+01,7.210147e+02,2.021623e-03,8.849600e+00
2.553046e+01,7.387889e+02,2.171075e-03,9.355900e+00
2.611491e+01,7.512273e+02,2.285143e-03,9.728300e+00
2.647058e+01,7.585924e+02,2.356683e-03,9.962800e+00
2.658999e+01,7.610316e+02,2.381065e-03,1.003380e+01
2.647058e+01,7.585924e+02,2.356683e-03,9.962800e+00
2.611491e+01,7.512273e+02,2.285143e-03,9.728300e+00
2.553046e+01,7.387889e+02,2.171075e-03,9.355900e+00
2.472910e+01,7.210147e+02,2.021623e-03,8.849600e+00
2.372613e+01,6.974970e+02,1.845684e-03,8.247600e+00
2.253876e+01,6.676291e+02,1.653005e-03,7.532500e+00
2.118393e+01,6.305091e+02,1.453275e-03,6.777200e+00
1.967452e+01,5.847576e+02,1.255325e-03,5.950800e+00
1.801211e+01,5.281362e+02,1.066516e-03,5.150400e+00
1.616912e+01,4.566190e+02,8.923285e-04,4.195300e+00
1.402605e+01,3.614700e+02,7.357890e-04,3.184400e+00
1.084126e+01,2.130889e+02,5.763650e-04,1.990000e+00
1.162090e+01,2.409358e+02,5.599741e-04,2.025100e+00
1.503472e+01,4.087076e+02,7.148642e-04,3.231200e+00
1.733191e+01,5.162909e+02,8.669520e-04,4.300600e+00
1.930743e+01,5.971542e+02,1.036186e-03,5.171900e+00
2.108939e+01,6.611750e+02,1.219625e-03,6.012600e+00
2.270735e+01,7.129053e+02,1.411945e-03,6.833400e+00
2.415961e+01,7.548762e+02,1.605996e-03,7.623800e+00
2.543236e+01,7.886474e+02,1.793195e-03,8.322900e+00
2.650747e+01,8.152384e+02,1.964131e-03,8.938700e+00
2.736645e+01,8.353353e+02,2.109333e-03,9.421900e+00
2.799293e+01,8.493992e+02,2.220157e-03,9.799700e+00
2.837418e+01,8.577269e+02,2.289662e-03,1.004050e+01
2.850218e+01,8.604848e+02,2.313350e-03,1.011100e+01
2.837418e+01,8.577269e+02,2.289662e-03,1.004050e+01
2.799293e+01,8.493992e+02,2.220157e-03,9.799700e+00
2.736645e+01,8.353353e+02,2.109333e-03,9.421900e+00
2.650747e+01,8.152384e+02,1.964131e-03,8.938700e+00
2.543236e+01,7.886474e+02,1.793195e-03,8.322900e+00
2.415961e+01,7.548762e+02,1.605996e-03,7.623800e+00
2.270735e+01,7.129053e+02,1.411945e-03,6.833400e+00
2.108939e+01,6.611750e+02,1.219625e-03,6.012600e+00
1.930743e+01,5.971542e+02,1.036186e-03,5.171900e+00
1.733191e+01,5.162909e+02,8.669520e-04,4.300600e+00
1.503472e+01,4.087076e+02,7.148642e-04,3.231200e+00
1.162090e+01,2.409358e+02,5.599741e-04,2.025100e+00
1.243224e+01,2.720047e+02,5.417652e-04,2.031600e+00
1.608441e+01,4.614110e+02,6.916183e-04,3.323700e+00
1.854198e+01,5.828673e+02,8.387605e-04,4.339000e+00
2.065544e+01,6.741580e+02,1.002491e-03,5.183500e+00
2.256181e+01,7.464343e+02,1.179965e-03,6.041000e+00
2.429273e+01,8.048354e+02,1.366032e-03,6.888500e+00
2.584638e+01,8.522185e+02,1.553772e-03,7.662000e+00
2.720799e+01,8.903445e+02,1.734884e-03,8.356700e+00
2.835816e+01,9.203645e+02,1.900261e-03,8.976600e+00
2.927712e+01,9.430529e+02,2.040741e-03,9.478500e+00
2.994734e+01,9.589304e+02,2.147962e-03,9.836100e+00
3.035520e+01,9.683319e+02,2.215207e-03,1.007540e+01
3.049214e+01,9.714455e+02,2.238125e-03,1.015720e+01
3.035520e+01,9.683319e+02,2.215207e-03,1.007540e+01
2.994734e+01,9.589304e+02,2.147962e-03,9.836100e+00
2.927712e+01,9.430529e+02,2.040741e-03,9.478500e+00
2.835816e+01,9.203645e+02,1.900261e-03,8.976600e+00
2.720799e+01,8.903445e+02,1.734884e-03,8.356700e+00
2.584638e+01,8.522185e+02,1.553772e-03,7.662000e+00
2.429273e+01,8.048354e+02,1.366032e-03,6.888500e+00
2.256181e+01,7.464343e+02,1.179965e-03,6.041000e+00
2.065544e+01,6.741580e+02,1.002491e-03,5.183500e+00
1.854198e+01,5.828673e+02,8.387605e-04,4.339000e+00
1.608441e+01,4.614110e+02,6.916183e-04,3.323700e+00
1.243224e+01,2.720047e+02,5.417652e-04,2.031600e+00
1.314879e+01,3.064448e+02,5.075156e-04,2.024500e+00
1.701145e+01,5.198329e+02,6.478950e-04,3.327700e+00
1.961067e+01,6.566674e+02,7.857350e-04,4.244600e+00
2.184594e+01,7.595169e+02,9.391147e-04,5.123400e+00
2.386218e+01,8.409446e+02,1.105369e-03,5.975600e+00
2.569286e+01,9.067401e+02,1.279673e-03,6.784400e+00
2.733606e+01,9.601227e+02,1.455544e-03,7.533300e+00
2.877615e+01,1.003076e+03,1.625207e-03,8.236100e+00
2.999261e+01,1.036897e+03,1.780129e-03,8.820500e+00
3.096453e+01,1.062458e+03,1.911728e-03,9.342600e+00
3.167338e+01,1.080346e+03,2.012170e-03,9.724400e+00
3.210476e+01,1.090938e+03,2.075164e-03,9.956900e+00
3.224958e+01,1.094446e+03,2.096633e-03,1.002960e+01
3.210476e+01,1.090938e+03,2.075164e-03,9.956900e+00
3.167338e+01,1.080346e+03,2.012170e-03,9.724400e+00
3.096453e+01,1.062458e+03,1.911728e-03,9.342600e+00
2.999261e+01,1.036897e+03,1.780129e-03,8.820500e+00
2.877615e+01,1.003076e+03,1.625207e-03,8.236100e+00
2.733606e+01,9.601227e+02,1.455544e-03,7.533300e+00
2.569286e+01,9.067401e+02,1.279673e-03,6.784400e+00
2.386218e+01,8.409446e+02,1.105369e-03,5.975600e+00
2.184594e+01,7.595169e+02,9.391147e-04,5.123400e+00
1.961067e+01,6.566674e+02,7.857350e-04,4.244600e+00
1.701145e+01,5.198329e+02,6.478950e-04,3.327700e+00
1.314879e+01,3.064448e+02,5.075156e-04,2.024500e+00
1.095983e+01,3.101956e+02,2.613194e-04,1.287500e+00
1.417945e+01,5.261955e+02,3.336007e-04,2.070400e+00
1.634596e+01,6.647049e+02,4.045744e-04,2.733900e+00
1.820911e+01,7.688132e+02,4.835496e-04,3.354000e+00
1.988970e+01,8.512376e+02,5.691538e-04,3.864700e+00
2.141562e+01,9.178384e+02,6.589027e-04,4.418900e+00
2.278526e+01,9.718744e+02,7.494587e-04,4.920100e+00
2.398561e+01,1.015353e+03,8.368180e-04,5.388900e+00
2.499956e+01,1.049588e+03,9.165873e-04,5.779200e+00
2.580968e+01,1.075462e+03,9.843474e-04,6.116900e+00
2.640052e+01,1.093569e+03,1.036065e-03,6.367600e+00
2.676008e+01,1.104291e+03,1.068501e-03,6.512200e+00
2.688080e+01,1.107841e+03,1.079555e-03,6.563900e+00
2.676008e+01,1.104291e+03,1.068501e-03,6.512200e+00
2.640052e+01,1.093569e+03,1.036065e-03,6.367600e+00
2.580968e+01,1.075462e+03,9.843474e-04,6.116900e+00
2.499956e+01,1.049588e+03,9.165873e-04,5.779200e+00
2.398561e+01,1.015353e+03,8.368180e-04,5.388900e+00
2.278526e+01,9.718744e+02,7.494587e-04,4.920100e+00
2.141562e+01,9.178384e+02,6.589027e-04,4.418900e+00
1.988970e+01,8.512376e+02,5.691538e-04,3.864700e+00
1.820911e+01,7.688132e+02,4.835496e-04,3.354000e+00
1.634596e+01,6.647049e+02,4.045744e-04,2.733900e+00
1.417945e+01,5.261955e+02,3.336007e-04,2.070400e+00
1.095983e+01,3.101956e+02,2.613194e-04,1.287500e+00
8.764541e+00,2.873405e+02,1.311375e-04,7.416000e-01
1.133927e+01,4.874256e+02,1.674105e-04,1.227100e+00
1.307182e+01,6.157296e+02,2.030272e-04,1.592900e+00
1.456177e+01,7.121672e+02,2.426593e-04,1.952500e+00
1.590573e+01,7.885186e+02,2.856180e-04,2.331700e+00
1.712601e+01,8.502123e+02,3.306566e-04,2.706300e+00
1.822131e+01,9.002669e+02,3.761003e-04,3.033600e+00
1.918123e+01,9.405424e+02,4.199397e-04,3.308300e+00
1.999208e+01,9.722550e+02,4.599703e-04,3.524300e+00
2.063993e+01,9.962226e+02,4.939743e-04,3.742400e+00
2.111242e+01,1.012995e+03,5.199278e-04,3.901800e+00
2.139996e+01,1.022927e+03,5.362049e-04,3.997800e+00
2.149650e+01,1.026216e+03,5.417522e-04,4.029000e+00
2.139996e+01,1.022927e+03,5.362049e-04,3.997800e+00
2.111242e+01,1.012995e+03,5.199278e-04,3.901800e+00
2.063993e+01,9.962226e+02,4.939743e-04,3.742400e+00
1.999208e+01,9.722550e+02,4.599703e-04,3.524300e+00
1.918123e+01,9.405424e+02,4.199397e-04,3.308300e+00
1.822131e+01,9.002669e+02,3.761003e-04,3.033600e+00
1.712601e+01,8.502123e+02,3.306566e-04,2.706300e+00
1.590573e+01,7.885186e+02,2.856180e-04,2.331700e+00
1.456177e+01,7.121672e+02,2.426593e-04,1.952500e+00
1.307182e+01,6.157296e+02,2.030272e-04,1.592900e+00
1.133927e+01,4.874256e+02,1.674105e-04,1.227100e+00
8.764541e+00,2.873405e+02,1.311375e-04,7.416000e-01
5.483068e+00,2.665997e+02,3.170923e-05,2.377000e-01
7.093810e+00,4.522423e+02,4.048011e-05,4.174000e-01
8.177689e+00,5.712851e+02,4.909229e-05,5.657000e-01
9.109799e+00,6.607618e+02,5.867538e-05,7.107000e-01
9.950579e+00,7.316019e+02,6.906286e-05,8.457000e-01
1.071398e+01,7.888425e+02,7.995327e-05,9.835000e-01
1.139919e+01,8.352841e+02,9.094162e-05,1.108500e+00
1.199972e+01,8.726524e+02,1.015421e-04,1.217800e+00
1.250698e+01,9.020759e+02,1.112215e-04,1.306500e+00
1.291228e+01,9.243135e+02,1.194438e-04,1.395100e+00
1.320787e+01,9.398755e+02,1.257193e-04,1.460900e+00
1.338775e+01,9.490901e+02,1.296552e-04,1.500400e+00
1.344814e+01,9.521419e+02,1.309965e-04,1.513800e+00
1.338775e+01,9.490901e+02,1.296552e-04,1.500400e+00
1.320787e+01,9.398755e+02,1.257193e-04,1.460900e+00
1.291228e+01,9.243135e+02,1.194438e-04,1.395100e+00
1.250698e+01,9.020759e+02,1.112215e-04,1.306500e+00
1.199972e+01,8.726524e+02,1.015421e-04,1.217800e+00
1.139919e+01,8.352841e+02,9.094162e-05,1.108500e+00
1.071398e+01,7.888425e+02,7.995327e-05,9.835000e-01
9.950579e+00,7.316019e+02,6.906286e-05,8.457000e-01
9.109799e+00,6.607618e+02,5.867538e-05,7.107000e-01
8.177689e+00,5.712851e+02,4.909229e-05,5.657000e-01
7.093810e+00,4.522423e+02,4.048011e-05,4.174000e-01
5.483068e+00,2.665997e+02,3.170923e-05,2.377000e-01
4.669468e-01,2.570460e+02,1.949514e-08,4.700000e-03
6.041202e-01,4.360360e+02,2.488757e-08,4.900000e-03
6.964251e-01,5.508128e+02,3.018242e-08,4.700000e-03
7.758051e-01,6.370830e+02,3.607420e-08,4.400000e-03
8.474072e-01,7.053845e+02,4.246053e-08,4.300000e-03
9.124194e-01,7.605739e+02,4.915606e-08,5.600000e-03
9.707737e-01,8.053512e+02,5.591181e-08,6.500000e-03
1.021915e+00,8.413804e+02,6.242906e-08,7.200000e-03
1.065115e+00,8.697495e+02,6.838009e-08,7.700000e-03
1.099630e+00,8.911902e+02,7.343520e-08,8.200000e-03
1.124803e+00,9.061945e+02,7.729349e-08,8.500000e-03
1.140122e+00,9.150789e+02,7.971328e-08,8.600000e-03
1.145266e+00,9.180213e+02,8.053796e-08,8.700000e-03
1.140122e+00,9.150789e+02,7.971328e-08,8.600000e-03
1.124803e+00,9.061945e+02,7.729349e-08,8.500000e-03
1.099630e+00,8.911902e+02,7.343520e-08,8.200000e-03
1.065115e+00,8.697495e+02,6.838009e-08,7.700000e-03
1.021915e+00,8.413804e+02,6.242906e-08,7.200000e-03
9.707737e-01,8.053512e+02,5.591181e-08,6.500000e-03
9.124194e-01,7.605739e+02,4.915606e-08,5.600000e-03
8.474072e-01,7.053845e+02,4.246053e-08,4.300000e-03
7.758051e-01,6.370830e+02,3.607420e-08,4.400000e-03
6.964251e-01,5.508128e+02,3.018242e-08,4.700000e-03
6.041202e-01,4.360360e+02,2.488757e-08,4.900000e-03
4.669468e-01,2.570460e+02,1.949514e-08,4.700000e-03
2.725933e+00,2.879040e+01,9.379031e-04,1.020300e+00
2.827997e+00,4.883815e+01,1.197332e-03,1.941700e+00
2.664872e+00,6.169372e+01,1.452066e-03,2.838900e+00
2.473656e+00,7.135640e+01,1.735517e-03,3.773500e+00
2.295102e+00,7.900651e+01,2.042761e-03,4.821600e+00
2.139764e+00,8.518798e+01,2.364881e-03,5.889600e+00
2.009506e+00,9.020326e+01,2.689898e-03,6.972900e+00
1.903377e+00,9.423871e+01,3.003441e-03,8.013300e+00
1.819631e+00,9.741618e+01,3.289743e-03,8.948500e+00
1.756503e+00,9.981764e+01,3.532943e-03,9.799400e+00
1.712508e+00,1.014982e+02,3.718564e-03,1.035410e+01
1.686553e+00,1.024933e+02,3.834980e-03,1.073620e+01
1.677975e+00,1.028229e+02,3.874655e-03,1.092470e+01
1.686553e+00,1.024933e+02,3.834980e-03,1.073620e+01
1.712508e+00,1.014982e+02,3.718564e-03,1.035410e+01
1.756503e+00,9.981764e+01,3.532943e-03,9.799400e+00
1.819631e+00,9.741618e+01,3.289743e-03,8.948500e+00
1.903377e+00,9.423871e+01,3.003441e-03,8.013300e+00
2.009506e+00,9.020326e+01,2.689898e-03,6.972900e+00
2.139764e+00,8.518798e+01,2.364881e-03,5.889600e+00
2.295102e+00,7.900651e+01,2.042761e-03,4.821600e+00
2.473656e+00,7.135640e+01,1.735517e-03,3.773500e+00
2.664872e+00,6.169372e+01,1.452066e-03,2.838900e+00
2.827997e+00,4.883815e+01,1.197332e-03,1.941700e+00
2.725933e+00,2.879040e+01,9.379031e-04,1.020300e+00
4.283435e+00,2.047528e+01,7.368098e-04,6.216000e-01
4.442974e+00,3.473293e+01,9.400814e-04,1.176600e+00
4.186638e+00,4.387561e+01,1.140040e-03,1.698200e+00
3.886184e+00,5.074756e+01,1.362535e-03,2.274300e+00
3.605631e+00,5.618819e+01,1.603697e-03,2.873700e+00
3.361561e+00,6.058436e+01,1.856526e-03,3.549200e+00
3.156898e+00,6.415115e+01,2.111620e-03,4.176800e+00
2.990147e+00,6.702110e+01,2.357702e-03,4.817700e+00
2.858566e+00,6.928087e+01,2.582399e-03,5.381000e+00
2.759381e+00,7.098875e+01,2.773264e-03,5.892900e+00
2.690257e+00,7.218393e+01,2.918940e-03,6.255300e+00
2.649477e+00,7.289163e+01,3.010301e-03,6.512500e+00
2.635999e+00,7.312601e+01,3.041438e-03,6.575700e+00
2.649477e+00,7.289163e+01,3.010301e-03,6.512500e+00
2.690257e+00,7.218393e+01,2.918940e-03,6.255300e+00
2.759381e+00,7.098875e+01,2.773264e-03,5.892900e+00
2.858566e+00,6.928087e+01,2.582399e-03,5.381000e+00
2.990147e+00,6.702110e+01,2.357702e-03,4.817700e+00
3.156898e+00,6.415115e+01,2.111620e-03,4.176800e+00
3.361561e+00,6.058436e+01,1.856526e-03,3.549200e+00
3.605631e+00,5.618819e+01,1.603697e-03,2.873700e+00
3.886184e+00,5.074756e+01,1.362535e-03,2.274300e+00
4.186638e+00,4.387561e+01,1.140040e-03,1.698200e+00
4.442974e+00,3.473293e+01,9.400814e-04,1.176600e+00
4.283435e+00,2.047528e+01,7.368098e-04,6.216000e-01
5.569850e+00,2.253884e+01,7.071704e-04,6.219000e-01
5.778274e+00,3.823341e+01,9.027203e-04,1.119700e+00
5.444962e+00,4.829751e+01,1.094770e-03,1.680600e+00
5.054256e+00,5.586203e+01,1.308471e-03,2.350400e+00
4.689423e+00,6.185099e+01,1.540108e-03,3.004900e+00
4.372028e+00,6.669022e+01,1.782960e-03,3.689500e+00
4.105878e+00,7.061647e+01,2.027995e-03,4.379400e+00
3.889027e+00,7.377567e+01,2.264379e-03,5.034100e+00
3.717913e+00,7.626318e+01,2.480225e-03,5.610500e+00
3.588927e+00,7.814319e+01,2.663575e-03,6.131600e+00
3.499034e+00,7.945882e+01,2.803516e-03,6.502200e+00
3.446001e+00,8.023785e+01,2.891283e-03,6.763000e+00
3.428474e+00,8.049585e+01,2.921194e-03,6.828500e+00
3.446001e+00,8.023785e+01,2.891283e-03,6.763000e+00
3.499034e+00,7.945882e+01,2.803516e-03,6.502200e+00
3.588927e+00,7.814319e+01,2.663575e-03,6.131600e+00
3.717913e+00,7.626318e+01,2.480225e-03,5.610500e+00
3.889027e+00,7.377567e+01,2.264379e-03,5.034100e+00
4.105878e+00,7.061647e+01,2.027995e-03,4.379400e+00
4.372028e+00,6.669022e+01,1.782960e-03,3.689500e+00
4.689423e+00,6.185099e+01,1.540108e-03,3.004900e+00
5.054256e+00,5.586203e+01,1.308471e-03,2.350400e+00
5.444962e+00,4.829751e+01,1.094770e-03,1.680600e+00
5.778274e+00,3.823341e+01,9.027203e-04,1.119700e+00
5.569850e+00,2.253884e+01,7.071704e-04,6.219000e-01
6.757710e+00,2.601645e+01,6.959690e-04,5.900000e-01
7.010686e+00,4.413261e+01,8.884602e-04,1.086300e+00
6.606290e+00,5.574954e+01,1.077479e-03,1.669200e+00
6.132257e+00,6.448123e+01,1.287808e-03,2.331300e+00
5.689615e+00,7.139425e+01,1.515791e-03,3.110700e+00
5.304528e+00,7.698014e+01,1.754812e-03,3.974900e+00
4.981615e+00,8.151219e+01,1.995983e-03,4.866900e+00
4.718515e+00,8.515883e+01,2.228639e-03,5.568800e+00
4.510906e+00,8.803015e+01,2.441082e-03,6.247400e+00
4.354410e+00,9.020024e+01,2.621542e-03,6.806900e+00
4.245346e+00,9.171887e+01,2.759277e-03,7.273300e+00
4.181001e+00,9.261809e+01,2.845659e-03,7.553300e+00
4.159736e+00,9.291590e+01,2.875099e-03,7.626100e+00
4.181001e+00,9.261809e+01,2.845659e-03,7.553300e+00
4.245346e+00,9.171887e+01,2.759277e-03,7.273300e+00
4.354410e+00,9.020024e+01,2.621542e-03,6.806900e+00
4.510906e+00,8.803015e+01,2.441082e-03,6.247400e+00
4.718515e+00,8.515883e+01,2.228639e-03,5.568800e+00
4.981615e+00,8.151219e+01,1.995983e-03,4.866900e+00
5.304528e+00,7.698014e+01,1.754812e-03,3.974900e+00
5.689615e+00,7.139425e+01,1.515791e-03,3.110700e+00
6.132257e+00,6.448123e+01,1.287808e-03,2.331300e+00
6.606290e+00,5.574954e+01,1.077479e-03,1.669200e+00
7.010686e+00,4.413261e+01,8.884602e-04,1.086300e+00
6.757710e+00,2.601645e+01,6.959690e-04,5.900000e-01
7.890473e+00,2.989955e+01,6.896768e-04,5.769000e-01
8.185884e+00,5.071963e+01,8.804370e-04,1.082800e+00
7.713701e+00,6.407046e+01,1.067750e-03,1.643100e+00
7.160208e+00,7.410539e+01,1.276180e-03,2.339500e+00
6.643367e+00,8.205022e+01,1.502106e-03,3.164500e+00
6.193728e+00,8.846983e+01,1.738970e-03,4.052500e+00
5.816686e+00,9.367832e+01,1.977964e-03,5.029700e+00
5.509483e+00,9.786924e+01,2.208521e-03,5.954100e+00
5.267073e+00,1.011691e+02,2.419047e-03,6.801700e+00
5.084345e+00,1.036631e+02,2.597878e-03,7.573700e+00
4.956998e+00,1.054084e+02,2.734370e-03,8.058800e+00
4.881868e+00,1.064418e+02,2.819974e-03,8.358800e+00
4.857038e+00,1.067841e+02,2.849148e-03,8.505600e+00
4.881868e+00,1.064418e+02,2.819974e-03,8.358800e+00
4.956998e+00,1.054084e+02,2.734370e-03,8.058800e+00
5.084345e+00,1.036631e+02,2.597878e-03,7.573700e+00
5.267073e+00,1.011691e+02,2.419047e-03,6.801700e+00
5.509483e+00,9.786924e+01,2.208521e-03,5.954100e+00
5.816686e+00,9.367832e+01,1.977964e-03,5.029700e+00
6.193728e+00,8.846983e+01,1.738970e-03,4.052500e+00
6.643367e+00,8.205022e+01,1.502106e-03,3.164500e+00
7.160208e+00,7.410539e+01,1.276180e-03,2.339500e+00
7.713701e+00,6.407046e+01,1.067750e-03,1.643100e+00
8.185884e+00,5.071963e+01,8.804370e-04,1.082800e+00
7.890473e+00,2.989955e+01,6.896768e-04,5.769000e-01
8.999462e+00,3.409228e+01,6.851214e-04,5.711000e-01
9.336403e+00,5.783192e+01,8.746251e-04,1.078900e+00
8.797856e+00,7.305490e+01,1.060702e-03,1.663800e+00
8.166571e+00,8.449700e+01,1.267757e-03,2.358900e+00
7.577089e+00,9.355591e+01,1.492191e-03,3.194000e+00
7.064254e+00,1.008757e+02,1.727492e-03,4.136100e+00
6.634219e+00,1.068146e+02,1.964909e-03,5.147200e+00
6.283839e+00,1.115932e+02,2.193945e-03,6.157400e+00
6.007359e+00,1.153558e+02,2.403081e-03,7.048700e+00
5.798948e+00,1.181995e+02,2.580733e-03,7.854000e+00
5.653703e+00,1.201896e+02,2.716324e-03,8.467400e+00
5.568013e+00,1.213679e+02,2.801363e-03,8.842600e+00
5.539693e+00,1.217582e+02,2.830344e-03,9.012100e+00
5.568013e+00,1.213679e+02,2.801363e-03,8.842600e+00
5.653703e+00,1.201896e+02,2.716324e-03,8.467400e+00
5.798948e+00,1.181995e+02,2.580733e-03,7.854000e+00
6.007359e+00,1.153558e+02,2.403081e-03,7.048700e+00
6.283839e+00,1.115932e+02,2.193945e-03,6.157400e+00
6.634219e+00,1.068146e+02,1.964909e-03,5.147200e+00
7.064254e+00,1.008757e+02,1.727492e-03,4.136100e+00
7.577089e+00,9.355591e+01,1.492191e-03,3.194000e+00
8.166571e+00,8.449700e+01,1.267757e-03,2.358900e+00
8.797856e+00,7.305490e+01,1.060702e-03,1.663800e+00
9.336403e+00,5.783192e+01,8.746251e-04,1.078900e+00
8.999462e+00,3.409228e+01,6.851214e-04,5.711000e-01
1.010765e+01,3.864687e+01,6.811527e-04,5.680000e-01
1.048609e+01,6.555802e+01,8.695601e-04,1.077500e+00
9.881223e+00,8.281471e+01,1.054560e-03,1.668200e+00
9.172202e+00,9.578544e+01,1.260415e-03,2.410900e+00
8.510131e+00,1.060546e+02,1.483550e-03,3.264700e+00
7.934146e+00,1.143523e+02,1.717489e-03,4.200900e+00
7.451157e+00,1.210846e+02,1.953531e-03,5.206300e+00
7.057632e+00,1.265016e+02,2.181241e-03,6.296100e+00
6.747105e+00,1.307669e+02,2.389166e-03,7.279900e+00
6.513031e+00,1.339905e+02,2.565789e-03,8.124900e+00
6.349900e+00,1.362464e+02,2.700596e-03,8.769300e+00
6.253659e+00,1.375821e+02,2.785142e-03,9.221400e+00
6.221852e+00,1.380245e+02,2.813956e-03,9.338100e+00
6.253659e+00,1.375821e+02,2.785142e-03,9.221400e+00
6.349900e+00,1.362464e+02,2.700596e-03,8.769300e+00
6.513031e+00,1.339905e+02,2.565789e-03,8.124900e+00
6.747105e+00,1.307669e+02,2.389166e-03,7.279900e+00
7.057632e+00,1.265016e+02,2.181241e-03,6.296100e+00
7.451157e+00,1.210846e+02,1.953531e-03,5.206300e+00
7.934146e+00,1.143523e+02,1.717489e-03,4.200900e+00
8.510131e+00,1.060546e+02,1.483550e-03,3.264700e+00
9.172202e+00,9.578544e+01,1.260415e-03,2.410900e+00
9.881223e+00,8.281471e+01,1.054560e-03,1.668200e+00
1.048609e+01,6.555802e+01,8.695601e-04,1.077500e+00
1.010765e+01,3.864687e+01,6.811527e-04,5.680000e-01
1.123272e+01,4.364916e+01,6.773105e-04,5.652000e-01
1.165329e+01,7.404358e+01,8.646560e-04,1.067700e+00
1.098110e+01,9.353391e+01,1.048612e-03,1.685900e+00
1.019316e+01,1.081835e+02,1.253307e-03,2.418600e+00
9.457391e+00,1.197818e+02,1.475184e-03,3.325300e+00
8.817293e+00,1.291536e+02,1.707803e-03,4.322200e+00
8.280542e+00,1.367573e+02,1.942514e-03,5.390700e+00
7.843214e+00,1.428754e+02,2.168940e-03,6.433600e+00
7.498123e+00,1.476928e+02,2.375693e-03,7.414900e+00
7.237995e+00,1.513336e+02,2.551320e-03,8.299600e+00
7.056706e+00,1.538815e+02,2.685366e-03,9.025500e+00
6.949752e+00,1.553902e+02,2.769436e-03,9.443300e+00
6.914405e+00,1.558898e+02,2.798087e-03,9.621900e+00
6.949752e+00,1.553902e+02,2.769436e-03,9.443300e+00
7.056706e+00,1.538815e+02,2.685366e-03,9.025500e+00
7.237995e+00,1.513336e+02,2.551320e-03,8.299600e+00
7.498123e+00,1.476928e+02,2.375693e-03,7.414900e+00
7.843214e+00,1.428754e+02,2.168940e-03,6.433600e+00
8.280542e+00,1.367573e+02,1.942514e-03,5.390700e+00
8.817293e+00,1.291536e+02,1.707803e-03,4.322200e+00
9.457391e+00,1.197818e+02,1.475184e-03,3.325300e+00
1.019316e+01,1.081835e+02,1.253307e-03,2.418600e+00
1.098110e+01,9.353391e+01,1.048612e-03,1.685900e+00
1.165329e+01,7.404358e+01,8.646560e-04,1.067700e+00
1.123272e+01,4.364916e+01,6.773105e-04,5.652000e-01
1.238884e+01,4.919994e+01,6.733123e-04,5.503000e-01
1.285269e+01,8.345956e+01,8.595524e-04,1.057000e+00
1.211132e+01,1.054284e+02,1.042423e-03,1.669100e+00
1.124228e+01,1.219410e+02,1.245909e-03,2.455500e+00
1.043078e+01,1.350143e+02,1.466477e-03,3.366100e+00
9.724805e+00,1.455778e+02,1.697723e-03,4.411700e+00
9.132810e+00,1.541484e+02,1.931049e-03,5.520800e+00
8.650470e+00,1.610446e+02,2.156138e-03,6.642600e+00
8.269861e+00,1.664746e+02,2.361671e-03,7.666500e+00
7.982959e+00,1.705785e+02,2.536261e-03,8.600200e+00
7.783011e+00,1.734503e+02,2.669516e-03,9.250500e+00
7.665049e+00,1.751509e+02,2.753090e-03,9.698200e+00
7.626063e+00,1.757141e+02,2.781572e-03,9.867500e+00
7.665049e+00,1.751509e+02,2.753090e-03,9.698200e+00
7.783011e+00,1.734503e+02,2.669516e-03,9.250500e+00
7.982959e+00,1.705785e+02,2.536261e-03,8.600200e+00
8.269861e+00,1.664746e+02,2.361671e-03,7.666500e+00
8.650470e+00,1.610446e+02,2.156138e-03,6.642600e+00
9.132810e+00,1.541484e+02,1.931049e-03,5.520800e+00
9.724805e+00,1.455778e+02,1.697723e-03,4.411700e+00
1.043078e+01,1.350143e+02,1.466477e-03,3.366100e+00
1.124228e+01,1.219410e+02,1.245909e-03,2.455500e+00
1.211132e+01,1.054284e+02,1.042423e-03,1.669100e+00
1.285269e+01,8.345956e+01,8.595524e-04,1.057000e+00
1.238884e+01,4.919994e+01,6.733123e-04,5.503000e-01
1.358855e+01,5.541140e+01,6.690456e-04,5.530000e-01
1.409732e+01,9.399627e+01,8.541058e-04,1.075800e+00
1.328415e+01,1.187387e+02,1.035817e-03,1.696400e+00
1.233096e+01,1.373360e+02,1.238015e-03,2.450200e+00
1.144088e+01,1.520597e+02,1.457184e-03,3.416700e+00
1.066654e+01,1.639569e+02,1.686965e-03,4.491400e+00
1.001721e+01,1.736095e+02,1.918813e-03,5.630300e+00
9.488165e+00,1.813764e+02,2.142476e-03,6.797100e+00
9.070698e+00,1.874919e+02,2.346706e-03,7.904500e+00
8.756013e+00,1.921139e+02,2.520190e-03,8.877600e+00
8.536702e+00,1.953483e+02,2.652601e-03,9.605600e+00
8.407317e+00,1.972636e+02,2.735645e-03,1.007470e+01
8.364556e+00,1.978978e+02,2.763947e-03,1.024920e+01
8.407317e+00,1.972636e+02,2.735645e-03,1.007470e+01
8.536702e+00,1.953483e+02,2.652601e-03,9.605600e+00
8.756013e+00,1.921139e+02,2.520190e-03,8.877600e+00
9.070698e+00,1.874919e+02,2.346706e-03,7.904500e+00
9.488165e+00,1.813764e+02,2.142476e-03,6.797100e+00
1.001721e+01,1.736095e+02,1.918813e-03,5.630300e+00
1.066654e+01,1.639569e+02,1.686965e-03,4.491400e+00
1.144088e+01,1.520597e+02,1.457184e-03,3.416700e+00
1.233096e+01,1.373360e+02,1.238015e-03,2.450200e+00
1.328415e+01,1.187387e+02,1.035817e-03,1.696400e+00
1.409732e+01,9.399627e+01,8.541058e-04,1.075800e+00
1.358855e+01,5.541140e+01,6.690456e-04,5.530000e-01
1.484267e+01,6.240759e+01,6.643673e-04,5.544000e-01
1.539840e+01,1.058642e+02,8.481336e-04,1.090800e+00
1.451018e+01,1.337305e+02,1.028575e-03,1.719700e+00
1.346901e+01,1.546759e+02,1.229358e-03,2.511000e+00
1.249679e+01,1.712587e+02,1.446995e-03,3.422100e+00
1.165098e+01,1.846579e+02,1.675170e-03,4.570900e+00
1.094173e+01,1.955293e+02,1.905396e-03,5.777900e+00
1.036385e+01,2.042768e+02,2.127495e-03,6.954600e+00
9.907856e+00,2.111644e+02,2.330297e-03,8.089400e+00
9.564128e+00,2.163700e+02,2.502569e-03,9.106400e+00
9.324577e+00,2.200128e+02,2.634054e-03,9.908800e+00
9.183250e+00,2.221699e+02,2.716517e-03,1.040100e+01
9.136543e+00,2.228842e+02,2.744621e-03,1.058210e+01
9.183250e+00,2.221699e+02,2.716517e-03,1.040100e+01
9.324577e+00,2.200128e+02,2.634054e-03,9.908800e+00
9.564128e+00,2.163700e+02,2.502569e-03,9.106400e+00
9.907856e+00,2.111644e+02,2.330297e-03,8.089400e+00
1.036385e+01,2.042768e+02,2.127495e-03,6.954600e+00
1.094173e+01,1.955293e+02,1.905396e-03,5.777900e+00
1.165098e+01,1.846579e+02,1.675170e-03,4.570900e+00
1.249679e+01,1.712587e+02,1.446995e-03,3.422100e+00
1.346901e+01,1.546759e+02,1.229358e-03,2.511000e+00
1.451018e+01,1.337305e+02,1.028575e-03,1.719700e+00
1.539840e+01,1.058642e+02,8.481336e-04,1.090800e+00
1.484267e+01,6.240759e+01,6.643673e-04,5.544000e-01
1.616127e+01,7.032539e+01,6.591858e-04,5.696000e-01
1.676638e+01,1.192954e+02,8.415190e-04,1.121600e+00
1.579925e+01,1.506973e+02,1.020553e-03,1.764300e+00
1.466558e+01,1.743000e+02,1.219770e-03,2.542900e+00
1.360699e+01,1.929867e+02,1.435710e-03,3.523900e+00
1.268604e+01,2.080860e+02,1.662105e-03,4.606600e+00
1.191378e+01,2.203366e+02,1.890536e-03,5.847800e+00
1.128457e+01,2.301939e+02,2.110903e-03,7.127200e+00
1.078806e+01,2.379554e+02,2.312124e-03,8.327600e+00
1.041379e+01,2.438214e+02,2.483051e-03,9.360800e+00
1.015296e+01,2.479264e+02,2.613511e-03,1.014980e+01
9.999080e+00,2.503571e+02,2.695331e-03,1.063360e+01
9.948224e+00,2.511621e+02,2.723215e-03,1.082270e+01
9.999080e+00,2.503571e+02,2.695331e-03,1.063360e+01
1.015296e+01,2.479264e+02,2.613511e-03,1.014980e+01
1.041379e+01,2.438214e+02,2.483051e-03,9.360800e+00
1.078806e+01,2.379554e+02,2.312124e-03,8.327600e+00
1.128457e+01,2.301939e+02,2.110903e-03,7.127200e+00
1.191378e+01,2.203366e+02,1.890536e-03,5.847800e+00
1.268604e+01,2.080860e+02,1.662105e-03,4.606600e+00
1.360699e+01,1.929867e+02,1.435710e-03,3.523900e+00
1.466558e+01,1.743000e+02,1.219770e-03,2.542900e+00
1.579925e+01,1.506973e+02,1.020553e-03,1.764300e+00
1.676638e+01,1.192954e+02,8.415190e-04,1.121600e+00
1.616127e+01,7.032539e+01,6.591858e-04,5.696000e-01
1.755354e+01,7.931558e+01,6.533985e-04,5.830000e-01
1.821078e+01,1.345458e+02,8.341310e-04,1.148800e+00
1.716034e+01,1.699620e+02,1.011593e-03,1.819300e+00
1.592901e+01,1.965820e+02,1.209062e-03,2.634400e+00
1.477921e+01,2.176575e+02,1.423105e-03,3.592300e+00
1.377892e+01,2.346870e+02,1.647513e-03,4.747800e+00
1.294014e+01,2.485038e+02,1.873938e-03,5.970500e+00
1.225672e+01,2.596212e+02,2.092370e-03,7.236300e+00
1.171744e+01,2.683749e+02,2.291825e-03,8.490000e+00
1.131093e+01,2.749908e+02,2.461251e-03,9.599600e+00
1.102763e+01,2.796206e+02,2.590566e-03,1.045860e+01
1.086049e+01,2.823620e+02,2.671667e-03,1.096910e+01
1.080525e+01,2.832699e+02,2.699307e-03,1.115440e+01
1.086049e+01,2.823620e+02,2.671667e-03,1.096910e+01
1.102763e+01,2.796206e+02,2.590566e-03,1.045860e+01
1.131093e+01,2.749908e+02,2.461251e-03,9.599600e+00
1.171744e+01,2.683749e+02,2.291825e-03,8.490000e+00
1.225672e+01,2.596212e+02,2.092370e-03,7.236300e+00
1.294014e+01,2.485038e+02,1.873938e-03,5.970500e+00
1.377892e+01,2.346870e+02,1.647513e-03,4.747800e+00
1.477921e+01,2.176575e+02,1.423105e-03,3.592300e+00
1.592901e+01,1.965820e+02,1.209062e-03,2.634400e+00
1.716034e+01,1.699620e+02,1.011593e-03,1.819300e+00
1.821078e+01,1.345458e+02,8.341310e-04,1.148800e+00
1.755354e+01,7.931558e+01,6.533985e-04,5.830000e-01
1.903106e+01,8.954396e+01,6.472147e-04,5.905000e-01
1.974362e+01,1.518965e+02,8.262368e-04,1.147800e+00
1.860476e+01,1.918799e+02,1.002019e-03,1.850800e+00
1.726978e+01,2.219328e+02,1.197619e-03,2.721500e+00
1.602321e+01,2.457262e+02,1.409637e-03,3.724300e+00
1.493873e+01,2.649518e+02,1.631921e-03,4.831400e+00
1.402933e+01,2.805503e+02,1.856203e-03,6.139100e+00
1.328839e+01,2.931014e+02,2.072568e-03,7.423300e+00
1.270372e+01,3.029840e+02,2.270135e-03,8.633900e+00
1.226300e+01,3.104530e+02,2.437958e-03,9.735000e+00
1.195585e+01,3.156799e+02,2.566049e-03,1.066140e+01
1.177464e+01,3.187749e+02,2.646383e-03,1.122960e+01
1.171475e+01,3.197999e+02,2.673761e-03,1.142400e+01
1.177464e+01,3.187749e+02,2.646383e-03,1.122960e+01
1.195585e+01,3.156799e+02,2.566049e-03,1.066140e+01
1.226300e+01,3.104530e+02,2.437958e-03,9.735000e+00
1.270372e+01,3.029840e+02,2.270135e-03,8.633900e+00
1.328839e+01,2.931014e+02,2.072568e-03,7.423300e+00
1.402933e+01,2.805503e+02,1.856203e-03,6.139100e+00
1.493873e+01,2.649518e+02,1.631921e-03,4.831400e+00
1.602321e+01,2.457262e+02,1.409637e-03,3.724300e+00
1.726978e+01,2.219328e+02,1.197619e-03,2.721500e+00
1.860476e+01,1.918799e+02,1.002019e-03,1.850800e+00
1.974362e+01,1.518965e+02,8.262368e-04,1.147800e+00
1.903106e+01,8.954396e+01,6.472147e-04,5.905000e-01
2.060215e+01,1.011975e+02,6.404558e-04,5.891000e-01
2.137353e+01,1.716649e+02,8.176082e-04,1.169200e+00
2.014065e+01,2.168519e+02,9.915549e-04,1.858000e+00
1.869547e+01,2.508160e+02,1.185112e-03,2.771700e+00
1.734599e+01,2.777059e+02,1.394916e-03,3.857600e+00
1.617197e+01,2.994336e+02,1.614878e-03,5.027600e+00
1.518751e+01,3.170622e+02,1.836818e-03,6.269900e+00
1.438540e+01,3.312467e+02,2.050924e-03,7.615800e+00
1.375246e+01,3.424155e+02,2.246427e-03,8.904400e+00
1.327535e+01,3.508566e+02,2.412498e-03,1.003190e+01
1.294285e+01,3.567637e+02,2.539251e-03,1.089210e+01
1.274668e+01,3.602614e+02,2.618746e-03,1.141910e+01
1.268185e+01,3.614198e+02,2.645838e-03,1.159930e+01
1.274668e+01,3.602614e+02,2.618746e-03,1.141910e+01
1.294285e+01,3.567637e+02,2.539251e-03,1.089210e+01
1.327535e+01,3.508566e+02,2.412498e-03,1.003190e+01
1.375246e+01,3.424155e+02,2.246427e-03,8.904400e+00
1.438540e+01,3.312467e+02,2.050924e-03,7.615800e+00
1.518751e+01,3.170622e+02,1.836818e-03,6.269900e+00
1.617197e+01,2.994336e+02,1.614878e-03,5.027600e+00
1.734599e+01,2.777059e+02,1.394916e-03,3.857600e+00
1.869547e+01,2.508160e+02,1.185112e-03,2.771700e+00
2.014065e+01,2.168519e+02,9.915549e-04,1.858000e+00
2.137353e+01,1.716649e+02,8.176082e-04,1.169200e+00
2.060215e+01,1.011975e+02,6.404558e-04,5.891000e-01
2.227143e+01,1.144756e+02,6.327377e-04,5.961000e-01
2.310531e+01,1.941890e+02,8.077552e-04,1.185500e+00
2.177254e+01,2.453049e+02,9.796057e-04,1.896000e+00
2.021026e+01,2.837254e+02,1.170830e-03,2.790300e+00
1.875144e+01,3.141436e+02,1.378106e-03,3.922700e+00
1.748230e+01,3.387222e+02,1.595417e-03,5.216300e+00
1.641807e+01,3.586638e+02,1.814683e-03,6.543300e+00
1.555097e+01,3.747095e+02,2.026208e-03,7.857800e+00
1.486675e+01,3.873437e+02,2.219356e-03,9.100400e+00
1.435098e+01,3.968923e+02,2.383425e-03,1.030110e+01
1.399153e+01,4.035744e+02,2.508650e-03,1.122620e+01
1.377947e+01,4.075312e+02,2.587188e-03,1.180680e+01
1.370939e+01,4.088415e+02,2.613953e-03,1.199660e+01
1.377947e+01,4.075312e+02,2.587188e-03,1.180680e+01
1.399153e+01,4.035744e+02,2.508650e-03,1.122620e+01
1.435098e+01,3.968923e+02,2.383425e-03,1.030110e+01
1.486675e+01,3.873437e+02,2.219356e-03,9.100400e+00
1.555097e+01,3.747095e+02,2.026208e-03,7.857800e+00
1.641807e+01,3.586638e+02,1.814683e-03,6.543300e+00
1.748230e+01,3.387222e+02,1.595417e-03,5.216300e+00
1.875144e+01,3.141436e+02,1.378106e-03,3.922700e+00
2.021026e+01,2.837254e+02,1.170830e-03,2.790300e+00
2.177254e+01,2.453049e+02,9.796057e-04,1.896000e+00
2.310531e+01,1.941890e+02,8.077552e-04,1.185500e+00
2.227143e+01,1.144756e+02,6.327377e-04,5.961000e-01
2.404381e+01,1.295896e+02,6.238692e-04,6.098000e-01
2.494405e+01,2.198274e+02,7.964337e-04,1.205500e+00
2.350522e+01,2.776921e+02,9.658755e-04,1.936200e+00
2.181861e+01,3.211852e+02,1.154420e-03,2.848800e+00
2.024370e+01,3.556194e+02,1.358790e-03,3.958100e+00
1.887356e+01,3.834431e+02,1.573056e-03,5.293200e+00
1.772464e+01,4.060175e+02,1.789248e-03,6.747100e+00
1.678853e+01,4.241817e+02,1.997808e-03,8.159100e+00
1.604986e+01,4.384839e+02,2.188249e-03,9.462900e+00
1.549305e+01,4.492933e+02,2.350019e-03,1.059170e+01
1.510499e+01,4.568577e+02,2.473489e-03,1.146570e+01
1.487606e+01,4.613368e+02,2.550925e-03,1.203930e+01
1.480040e+01,4.628202e+02,2.577316e-03,1.226220e+01
1.487606e+01,4.613368e+02,2.550925e-03,1.203930e+01
1.510499e+01,4.568577e+02,2.473489e-03,1.146570e+01
1.549305e+01,4.492933e+02,2.350019e-03,1.059170e+01
1.604986e+01,4.384839e+02,2.188249e-03,9.462900e+00
1.678853e+01,4.241817e+02,1.997808e-03,8.159100e+00
1.772464e+01,4.060175e+02,1.789248e-03,6.747100e+00
1.887356e+01,3.834431e+02,1.573056e-03,5.293200e+00
2.024370e+01,3.556194e+02,1.358790e-03,3.958100e+00
2.181861e+01,3.211852e+02,1.154420e-03,2.848800e+00
2.350522e+01,2.776921e+02,9.658755e-04,1.936200e+00
2.494405e+01,2.198274e+02,7.964337e-04,1.205500e+00
2.404381e+01,1.295896e+02,6.238692e-04,6.098000e-01
2.592809e+01,1.467628e+02,6.140522e-04,6.175000e-01
2.689888e+01,2.489588e+02,7.839011e-04,1.227100e+00
2.534729e+01,3.144917e+02,9.506766e-04,1.962800e+00
2.352851e+01,3.637485e+02,1.136254e-03,2.907400e+00
2.183017e+01,4.027459e+02,1.337408e-03,4.044800e+00
2.035265e+01,4.342567e+02,1.548302e-03,5.344000e+00
1.911369e+01,4.598227e+02,1.761093e-03,6.844500e+00
1.810422e+01,4.803940e+02,1.966371e-03,8.373100e+00
1.730766e+01,4.965916e+02,2.153815e-03,9.812100e+00
1.670721e+01,5.088333e+02,2.313039e-03,1.101210e+01
1.628875e+01,5.174002e+02,2.434566e-03,1.192590e+01
1.604187e+01,5.224728e+02,2.510784e-03,1.250650e+01
1.596028e+01,5.241528e+02,2.536759e-03,1.271200e+01
1.604187e+01,5.224728e+02,2.510784e-03,1.250650e+01
1.628875e+01,5.174002e+02,2.434566e-03,1.192590e+01
1.670721e+01,5.088333e+02,2.313039e-03,1.101210e+01
1.730766e+01,4.965916e+02,2.153815e-03,9.812100e+00
1.810422e+01,4.803940e+02,1.966371e-03,8.373100e+00
1.911369e+01,4.598227e+02,1.761093e-03,6.844500e+00
2.035265e+01,4.342567e+02,1.548302e-03,5.344000e+00
2.183017e+01,4.027459e+02,1.337408e-03,4.044800e+00
2.352851e+01,3.637485e+02,1.136254e-03,2.907400e+00
2.534729e+01,3.144917e+02,9.506766e-04,1.962800e+00
2.689888e+01,2.489588e+02,7.839011e-04,1.227100e+00
2.592809e+01,1.467628e+02,6.140522e-04,6.175000e-01
2.792923e+01,1.662436e+02,6.031599e-04,6.238000e-01
2.897494e+01,2.820048e+02,7.699958e-04,1.247100e+00
2.730360e+01,3.562363e+02,9.338129e-04,1.996700e+00
2.534444e+01,4.120313e+02,1.116098e-03,2.951600e+00
2.351503e+01,4.562051e+02,1.313685e-03,4.116500e+00
2.192348e+01,4.918986e+02,1.520838e-03,5.458700e+00
2.058889e+01,5.208582e+02,1.729853e-03,6.920800e+00
1.950151e+01,5.441600e+02,1.931490e-03,8.456400e+00
1.864347e+01,5.625076e+02,2.115609e-03,9.992200e+00
1.799668e+01,5.763743e+02,2.272009e-03,1.129320e+01
1.754592e+01,5.860783e+02,2.391380e-03,1.231090e+01
1.727999e+01,5.918243e+02,2.466246e-03,1.293950e+01
1.719210e+01,5.937272e+02,2.491761e-03,1.315340e+01
1.727999e+01,5.918243e+02,2.466246e-03,1.293950e+01
1.754592e+01,5.860783e+02,2.391380e-03,1.231090e+01
1.799668e+01,5.763743e+02,2.272009e-03,1.129320e+01
1.864347e+01,5.625076e+02,2.115609e-03,9.992200e+00
1.950151e+01,5.441600e+02,1.931490e-03,8.456400e+00
2.058889e+01,5.208582e+02,1.729853e-03,6.920800e+00
2.192348e+01,4.918986e+02,1.520838e-03,5.458700e+00
2.351503e+01,4.562051e+02,1.313685e-03,4.116500e+00
2.534444e+01,4.120313e+02,1.116098e-03,2.951600e+00
2.730360e+01,3.562363e+02,9.338129e-04,1.996700e+00
2.897494e+01,2.820048e+02,7.699958e-04,1.247100e+00
2.792923e+01,1.662436e+02,6.031599e-04,6.238000e-01
3.003743e+01,1.882731e+02,5.903720e-04,6.310000e-01
3.116207e+01,3.193741e+02,7.536706e-04,1.266900e+00
2.936457e+01,4.034423e+02,9.140146e-04,2.027000e+00
2.725753e+01,4.666308e+02,1.092435e-03,2.997500e+00
2.529002e+01,5.166582e+02,1.285832e-03,4.177200e+00
2.357833e+01,5.570816e+02,1.488593e-03,5.548500e+00
2.214301e+01,5.898787e+02,1.693178e-03,7.035800e+00
2.097355e+01,6.162683e+02,1.890540e-03,8.573400e+00
2.005074e+01,6.370472e+02,2.070755e-03,1.001450e+01
1.935513e+01,6.527514e+02,2.223838e-03,1.140140e+01
1.887034e+01,6.637412e+02,2.340679e-03,1.247510e+01
1.858434e+01,6.702487e+02,2.413958e-03,1.314310e+01
1.848982e+01,6.724038e+02,2.438931e-03,1.337090e+01
1.858434e+01,6.702487e+02,2.413958e-03,1.314310e+01
1.887034e+01,6.637412e+02,2.340679e-03,1.247510e+01
1.935513e+01,6.527514e+02,2.223838e-03,1.140140e+01
2.005074e+01,6.370472e+02,2.070755e-03,1.001450e+01
2.097355e+01,6.162683e+02,1.890540e-03,8.573400e+00
2.214301e+01,5.898787e+02,1.693178e-03,7.035800e+00
2.357833e+01,5.570816e+02,1.488593e-03,5.548500e+00
2.529002e+01,5.166582e+02,1.285832e-03,4.177200e+00
2.725753e+01,4.666308e+02,1.092435e-03,2.997500e+00
2.936457e+01,4.034423e+02,9.140146e-04,2.027000e+00
3.116207e+01,3.193741e+02,7.536706e-04,1.266900e+00
3.003743e+01,1.882731e+02,5.903720e-04,6.310000e-01
3.226357e+01,2.130889e+02,5.763650e-04,6.429000e-01
3.347156e+01,3.614700e+02,7.357890e-04,1.289400e+00
3.154084e+01,4.566190e+02,8.923285e-04,2.064800e+00
2.927764e+01,5.281362e+02,1.066516e-03,3.035600e+00
2.716432e+01,5.847576e+02,1.255325e-03,4.231400e+00
2.532578e+01,6.305091e+02,1.453275e-03,5.617600e+00
2.378407e+01,6.676291e+02,1.653005e-03,7.144800e+00
2.252794e+01,6.974970e+02,1.845684e-03,8.673400e+00
2.153674e+01,7.210147e+02,2.021623e-03,1.019820e+01
2.078958e+01,7.387889e+02,2.171075e-03,1.151170e+01
2.026887e+01,7.512273e+02,2.285143e-03,1.251370e+01
1.996166e+01,7.585924e+02,2.356683e-03,1.316750e+01
1.986014e+01,7.610316e+02,2.381065e-03,1.340550e+01
1.996166e+01,7.585924e+02,2.356683e-03,1.316750e+01
2.026887e+01,7.512273e+02,2.285143e-03,1.251370e+01
2.078958e+01,7.387889e+02,2.171075e-03,1.151170e+01
2.153674e+01,7.210147e+02,2.021623e-03,1.019820e+01
2.252794e+01,6.974970e+02,1.845684e-03,8.673400e+00
2.378407e+01,6.676291e+02,1.653005e-03,7.144800e+00
2.532578e+01,6.305091e+02,1.453275e-03,5.617600e+00
2.716432e+01,5.847576e+02,1.255325e-03,4.231400e+00
2.927764e+01,5.281362e+02,1.066516e-03,3.035600e+00
3.154084e+01,4.566190e+02,8.923285e-04,2.064800e+00
3.347156e+01,3.614700e+02,7.357890e-04,1.289400e+00
3.226357e+01,2.130889e+02,5.763650e-04,6.429000e-01
3.458377e+01,2.409358e+02,5.599741e-04,6.519000e-01
3.587862e+01,4.087076e+02,7.148642e-04,1.310500e+00
3.380906e+01,5.162909e+02,8.669520e-04,2.091300e+00
3.138311e+01,5.971542e+02,1.036186e-03,3.073600e+00
2.911781e+01,6.611750e+02,1.219625e-03,4.269900e+00
2.714705e+01,7.129053e+02,1.411945e-03,5.666600e+00
2.549448e+01,7.548762e+02,1.605996e-03,7.201600e+00
2.414801e+01,7.886474e+02,1.793195e-03,8.790200e+00
2.308553e+01,8.152384e+02,1.964131e-03,1.029300e+01
2.228464e+01,8.353353e+02,2.109333e-03,1.161270e+01
2.172648e+01,8.493992e+02,2.220157e-03,1.267300e+01
2.139718e+01,8.577269e+02,2.289662e-03,1.334960e+01
2.128835e+01,8.604848e+02,2.313350e-03,1.356770e+01
2.139718e+01,8.577269e+02,2.289662e-03,1.334960e+01
2.172648e+01,8.493992e+02,2.220157e-03,1.267300e+01
2.228464e+01,8.353353e+02,2.109333e-03,1.161270e+01
2.308553e+01,8.152384e+02,1.964131e-03,1.029300e+01
2.414801e+01,7.886474e+02,1.793195e-03,8.790200e+00
2.549448e+01,7.548762e+02,1.605996e-03,7.201600e+00
2.714705e+01,7.129053e+02,1.411945e-03,5.666600e+00
2.911781e+01,6.611750e+02,1.219625e-03,4.269900e+00
3.138311e+01,5.971542e+02,1.036186e-03,3.073600e+00
3.380906e+01,5.162909e+02,8.669520e-04,2.091300e+00
3.587862e+01,4.087076e+02,7.148642e-04,1.310500e+00
3.458377e+01,2.409358e+02,5.599741e-04,6.519000e-01
3.699834e+01,2.720047e+02,5.417652e-04,6.594000e-01
3.838359e+01,4.614110e+02,6.916183e-04,1.324700e+00
3.616954e+01,5.828673e+02,8.387605e-04,2.115400e+00
3.357421e+01,6.741580e+02,1.002491e-03,3.104200e+00
3.115075e+01,7.464343e+02,1.179965e-03,4.302800e+00
2.904240e+01,8.048354e+02,1.366032e-03,5.702200e+00
2.727445e+01,8.522185e+02,1.553772e-03,7.232600e+00
2.583397e+01,8.903445e+02,1.734884e-03,8.828400e+00
2.469731e+01,9.203645e+02,1.900261e-03,1.034240e+01
2.384050e+01,9.430529e+02,2.040741e-03,1.170470e+01
2.324337e+01,9.589304e+02,2.147962e-03,1.275230e+01
2.289109e+01,9.683319e+02,2.215207e-03,1.340590e+01
2.277466e+01,9.714455e+02,2.238125e-03,1.362910e+01
2.289109e+01,9.683319e+02,2.215207e-03,1.340590e+01
2.324337e+01,9.589304e+02,2.147962e-03,1.275230e+01
2.384050e+01,9.430529e+02,2.040741e-03,1.170470e+01
2.469731e+01,9.203645e+02,1.900261e-03,1.034240e+01
2.583397e+01,8.903445e+02,1.734884e-03,8.828400e+00
2.727445e+01,8.522185e+02,1.553772e-03,7.232600e+00
2.904240e+01,8.048354e+02,1.366032e-03,5.702200e+00
3.115075e+01,7.464343e+02,1.179965e-03,4.302800e+00
3.357421e+01,6.741580e+02,1.002491e-03,3.104200e+00
3.616954e+01,5.828673e+02,8.387605e-04,2.115400e+00
3.838359e+01,4.614110e+02,6.916183e-04,1.324700e+00
3.699834e+01,2.720047e+02,5.417652e-04,6.594000e-01
3.913078e+01,3.064448e+02,5.075156e-04,6.522000e-01
4.059587e+01,5.198329e+02,6.478950e-04,1.310800e+00
3.825421e+01,6.566674e+02,7.857350e-04,2.093700e+00
3.550930e+01,7.595169e+02,9.391147e-04,3.069800e+00
3.294615e+01,8.409446e+02,1.105369e-03,4.253600e+00
3.071628e+01,9.067401e+02,1.279673e-03,5.620000e+00
2.884644e+01,9.601227e+02,1.455544e-03,7.129400e+00
2.732294e+01,1.003076e+03,1.625207e-03,8.681100e+00
2.612077e+01,1.036897e+03,1.780129e-03,1.020010e+01
2.521457e+01,1.062458e+03,1.911728e-03,1.150140e+01
2.458303e+01,1.080346e+03,2.012170e-03,1.254860e+01
2.421044e+01,1.090938e+03,2.075164e-03,1.322470e+01
2.408730e+01,1.094446e+03,2.096633e-03,1.344890e+01
2.421044e+01,1.090938e+03,2.075164e-03,1.322470e+01
2.458303e+01,1.080346e+03,2.012170e-03,1.254860e+01
2.521457e+01,1.062458e+03,1.911728e-03,1.150140e+01
2.612077e+01,1.036897e+03,1.780129e-03,1.020010e+01
2.732294e+01,1.003076e+03,1.625207e-03,8.681100e+00
2.884644e+01,9.601227e+02,1.455544e-03,7.129400e+00
3.071628e+01,9.067401e+02,1.279673e-03,5.620000e+00
3.294615e+01,8.409446e+02,1.105369e-03,4.253600e+00
3.550930e+01,7.595169e+02,9.391147e-04,3.069800e+00
3.825421e+01,6.566674e+02,7.857350e-04,2.093700e+00
4.059587e+01,5.198329e+02,6.478950e-04,1.310800e+00
3.913078e+01,3.064448e+02,5.075156e-04,6.522000e-01
3.261644e+01,3.101956e+02,2.613194e-04,4.137000e-01
3.383763e+01,5.261955e+02,3.336007e-04,8.317000e-01
3.188579e+01,6.647049e+02,4.045744e-04,1.330800e+00
2.959785e+01,7.688132e+02,4.835496e-04,1.960800e+00
2.746141e+01,8.512376e+02,5.691538e-04,2.737000e+00
2.560276e+01,9.178384e+02,6.589027e-04,3.651300e+00
2.404419e+01,9.718744e+02,7.494587e-04,4.655900e+00
2.277433e+01,1.015353e+03,8.368180e-04,5.680600e+00
2.177229e+01,1.049588e+03,9.165873e-04,6.691900e+00
2.101695e+01,1.075462e+03,9.843474e-04,7.572400e+00
2.049054e+01,1.093569e+03,1.036065e-03,8.262300e+00
2.017998e+01,1.104291e+03,1.068501e-03,8.690100e+00
2.007734e+01,1.107841e+03,1.079555e-03,8.841100e+00
2.017998e+01,1.104291e+03,1.068501e-03,8.690100e+00
2.049054e+01,1.093569e+03,1.036065e-03,8.262300e+00
2.101695e+01,1.075462e+03,9.843474e-04,7.572400e+00
2.177229e+01,1.049588e+03,9.165873e-04,6.691900e+00
2.277433e+01,1.015353e+03,8.368180e-04,5.680600e+00
2.404419e+01,9.718744e+02,7.494587e-04,4.655900e+00
2.560276e+01,9.178384e+02,6.589027e-04,3.651300e+00
2.746141e+01,8.512376e+02,5.691538e-04,2.737000e+00
2.959785e+01,7.688132e+02,4.835496e-04,1.960800e+00
3.188579e+01,6.647049e+02,4.045744e-04,1.330800e+00
3.383763e+01,5.261955e+02,3.336007e-04,8.317000e-01
3.261644e+01,3.101956e+02,2.613194e-04,4.137000e-01
2.608326e+01,2.873405e+02,1.311375e-04,2.497000e-01
2.705985e+01,4.874256e+02,1.674105e-04,4.987000e-01
2.549898e+01,6.157296e+02,2.030272e-04,8.023000e-01
2.366931e+01,7.121672e+02,2.426593e-04,1.189400e+00
2.196081e+01,7.885186e+02,2.856180e-04,1.665100e+00
2.047445e+01,8.502123e+02,3.306566e-04,2.215500e+00
1.922807e+01,9.002669e+02,3.761003e-04,2.847800e+00
1.821256e+01,9.405424e+02,4.199397e-04,3.514100e+00
1.741123e+01,9.722550e+02,4.599703e-04,4.136700e+00
1.680720e+01,9.962226e+02,4.939743e-04,4.667200e+00
1.638623e+01,1.012995e+03,5.199278e-04,5.079000e+00
1.613787e+01,1.022927e+03,5.362049e-04,5.339200e+00
1.605579e+01,1.026216e+03,5.417522e-04,5.426800e+00
1.613787e+01,1.022927e+03,5.362049e-04,5.339200e+00
1.638623e+01,1.012995e+03,5.199278e-04,5.079000e+00
1.680720e+01,9.962226e+02,4.939743e-04,4.667200e+00
1.741123e+01,9.722550e+02,4.599703e-04,4.136700e+00
1.821256e+01,9.405424e+02,4.199397e-04,3.514100e+00
1.922807e+01,9.002669e+02,3.761003e-04,2.847800e+00
2.047445e+01,8.502123e+02,3.306566e-04,2.215500e+00
2.196081e+01,7.885186e+02,2.856180e-04,1.665100e+00
2.366931e+01,7.121672e+02,2.426593e-04,1.189400e+00
2.549898e+01,6.157296e+02,2.030272e-04,8.023000e-01
2.705985e+01,4.874256e+02,1.674105e-04,4.987000e-01
2.608326e+01,2.873405e+02,1.311375e-04,2.497000e-01
1.631760e+01,2.665997e+02,3.170923e-05,9.760000e-02
1.692856e+01,4.522423e+02,4.048011e-05,1.940000e-01
1.595208e+01,5.712851e+02,4.909229e-05,3.055000e-01
1.480745e+01,6.607618e+02,5.867538e-05,4.431000e-01
1.373861e+01,7.316019e+02,6.906286e-05,6.193000e-01
1.280875e+01,7.888425e+02,7.995327e-05,8.181000e-01
1.202902e+01,8.352841e+02,9.094162e-05,1.045900e+00
1.139372e+01,8.726524e+02,1.015421e-04,1.287600e+00
1.089242e+01,9.020759e+02,1.112215e-04,1.515600e+00
1.051453e+01,9.243135e+02,1.194438e-04,1.714600e+00
1.025117e+01,9.398755e+02,1.257193e-04,1.870600e+00
1.009580e+01,9.490901e+02,1.296552e-04,1.968600e+00
1.004446e+01,9.521419e+02,1.309965e-04,2.002400e+00
1.009580e+01,9.490901e+02,1.296552e-04,1.968600e+00
1.025117e+01,9.398755e+02,1.257193e-04,1.870600e+00
1.051453e+01,9.243135e+02,1.194438e-04,1.714600e+00
1.089242e+01,9.020759e+02,1.112215e-04,1.515600e+00
1.139372e+01,8.726524e+02,1.015421e-04,1.287600e+00
1.202902e+01,8.352841e+02,9.094162e-05,1.045900e+00
1.280875e+01,7.888425e+02,7.995327e-05,8.181000e-01
1.373861e+01,7.316019e+02,6.906286e-05,6.193000e-01
1.480745e+01,6.607618e+02,5.867538e-05,4.431000e-01
1.595208e+01,5.712851e+02,4.909229e-05,3.055000e-01
1.692856e+01,4.522423e+02,4.048011e-05,1.940000e-01
1.631760e+01,2.665997e+02,3.170923e-05,9.760000e-02
1.389633e+00,2.570460e+02,1.949514e-08,4.700000e-03
1.441663e+00,4.360360e+02,2.488757e-08,4.900000e-03
1.358505e+00,5.508128e+02,3.018242e-08,4.700000e-03
1.261026e+00,6.370830e+02,3.607420e-08,4.400000e-03
1.170002e+00,7.053845e+02,4.246053e-08,4.300000e-03
1.090814e+00,7.605739e+02,4.915606e-08,5.600000e-03
1.024411e+00,8.053512e+02,5.591181e-08,6.500000e-03
9.703078e-01,8.413804e+02,6.242906e-08,7.200000e-03
9.276155e-01,8.697495e+02,6.838009e-08,7.700000e-03
8.954342e-01,8.911902e+02,7.343520e-08,8.200000e-03
8.730064e-01,9.061945e+02,7.729349e-08,8.500000e-03
8.597748e-01,9.150789e+02,7.971328e-08,8.600000e-03
8.554019e-01,9.180213e+02,8.053796e-08,8.700000e-03
8.597748e-01,9.150789e+02,7.971328e-08,8.600000e-03
8.730064e-01,9.061945e+02,7.729349e-08,8.500000e-03
8.954342e-01,8.911902e+02,7.343520e-08,8.200000e-03
9.276155e-01,8.697495e+02,6.838009e-08,7.700000e-03
9.703078e-01,8.413804e+02,6.242906e-08,7.200000e-03
1.024411e+00,8.053512e+02,5.591181e-08,6.500000e-03
1.090814e+00,7.605739e+02,4.915606e-08,5.600000e-03
1.170002e+00,7.053845e+02,4.246053e-08,4.300000e-03
1.261026e+00,6.370830e+02,3.607420e-08,4.400000e-03
1.358505e+00,5.508128e+02,3.018242e-08,4.700000e-03
1.441663e+00,4.360360e+02,2.488757e-08,4.900000e-03
1.389633e+00,2.570460e+02,1.949514e-08,4.700000e-03
