Effective Radius [µm], Depth [m], IWC [g/m³], SW RF [W/m²]
1.860880e+00,2.879040e+01,2.803718e-03,-3.298000e+00
1.860880e+00,4.883815e+01,2.803718e-03,-4.996700e+00
1.860880e+00,6.169372e+01,2.803718e-03,-6.102500e+00
1.860880e+00,7.135640e+01,2.803718e-03,-6.868700e+00
1.860880e+00,7.900651e+01,2.803718e-03,-7.550000e+00
1.860880e+00,8.518798e+01,2.803718e-03,-8.061300e+00
1.860880e+00,9.020326e+01,2.803718e-03,-8.487400e+00
1.860880e+00,9.423871e+01,2.803718e-03,-8.828300e+00
1.860880e+00,9.741618e+01,2.803718e-03,-9.084100e+00
1.860880e+00,9.981764e+01,2.803718e-03,-9.339900e+00
1.860880e+00,1.014982e+02,2.803718e-03,-9.425100e+00
1.860880e+00,1.024933e+02,2.803718e-03,-9.510500e+00
1.860880e+00,1.028229e+02,2.803718e-03,-9.595700e+00
1.860880e+00,1.024933e+02,2.803718e-03,-9.510500e+00
1.860880e+00,1.014982e+02,2.803718e-03,-9.425100e+00
1.860880e+00,9.981764e+01,2.803718e-03,-9.339900e+00
1.860880e+00,9.741618e+01,2.803718e-03,-9.084100e+00
1.860880e+00,9.423871e+01,2.803718e-03,-8.828300e+00
1.860880e+00,9.020326e+01,2.803718e-03,-8.487400e+00
1.860880e+00,8.518798e+01,2.803718e-03,-8.061300e+00
1.860880e+00,7.900651e+01,2.803718e-03,-7.550000e+00
1.860880e+00,7.135640e+01,2.803718e-03,-6.868700e+00
1.860880e+00,6.169372e+01,2.803718e-03,-6.102500e+00
1.860880e+00,4.883815e+01,2.803718e-03,-4.996700e+00
1.860880e+00,2.879040e+01,2.803718e-03,-3.298000e+00
2.923439e+00,2.047528e+01,2.200797e-03,-1.988400e+00
2.923439e+00,3.473293e+01,2.200797e-03,-2.986000e+00
2.923439e+00,4.387561e+01,2.200797e-03,-3.585200e+00
2.923439e+00,5.074756e+01,2.200797e-03,-4.051700e+00
2.923439e+00,5.618819e+01,2.200797e-03,-4.385000e+00
2.923439e+00,6.058436e+01,2.200797e-03,-4.718500e+00
2.923439e+00,6.415115e+01,2.200797e-03,-4.918700e+00
2.923439e+00,6.702110e+01,2.200797e-03,-5.118800e+00
2.923439e+00,6.928087e+01,2.200797e-03,-5.252400e+00
2.923439e+00,7.098875e+01,2.200797e-03,-5.385800e+00
2.923439e+00,7.218393e+01,2.200797e-03,-5.452600e+00
2.923439e+00,7.289163e+01,2.200797e-03,-5.519300e+00
2.923439e+00,7.312601e+01,2.200797e-03,-5.519300e+00
2.923439e+00,7.289163e+01,2.200797e-03,-5.519300e+00
2.923439e+00,7.218393e+01,2.200797e-03,-5.452600e+00
2.923439e+00,7.098875e+01,2.200797e-03,-5.385800e+00
2.923439e+00,6.928087e+01,2.200797e-03,-5.252400e+00
2.923439e+00,6.702110e+01,2.200797e-03,-5.118800e+00
2.923439e+00,6.415115e+01,2.200797e-03,-4.918700e+00
2.923439e+00,6.058436e+01,2.200797e-03,-4.718500e+00
2.923439e+00,5.618819e+01,2.200797e-03,-4.385000e+00
2.923439e+00,5.074756e+01,2.200797e-03,-4.051700e+00
2.923439e+00,4.387561e+01,2.200797e-03,-3.585200e+00
2.923439e+00,3.473293e+01,2.200797e-03,-2.986000e+00
2.923439e+00,2.047528e+01,2.200797e-03,-1.988400e+00
3.802205e+00,2.253884e+01,2.113789e-03,-2.101100e+00
3.802205e+00,3.823341e+01,2.113789e-03,-3.059400e+00
3.802205e+00,4.829751e+01,2.113789e-03,-3.698900e+00
3.802205e+00,5.586203e+01,2.113789e-03,-4.211000e+00
3.802205e+00,6.185099e+01,2.113789e-03,-4.595400e+00
3.802205e+00,6.669022e+01,2.113789e-03,-4.915600e+00
3.802205e+00,7.061647e+01,2.113789e-03,-5.172000e+00
3.802205e+00,7.377567e+01,2.113789e-03,-5.364300e+00
3.802205e+00,7.626318e+01,2.113789e-03,-5.492600e+00
3.802205e+00,7.814319e+01,2.113789e-03,-5.620800e+00
3.802205e+00,7.945882e+01,2.113789e-03,-5.684900e+00
3.802205e+00,8.023785e+01,2.113789e-03,-5.749100e+00
3.802205e+00,8.049585e+01,2.113789e-03,-5.749100e+00
3.802205e+00,8.023785e+01,2.113789e-03,-5.749100e+00
3.802205e+00,7.945882e+01,2.113789e-03,-5.684900e+00
3.802205e+00,7.814319e+01,2.113789e-03,-5.620800e+00
3.802205e+00,7.626318e+01,2.113789e-03,-5.492600e+00
3.802205e+00,7.377567e+01,2.113789e-03,-5.364300e+00
3.802205e+00,7.061647e+01,2.113789e-03,-5.172000e+00
3.802205e+00,6.669022e+01,2.113789e-03,-4.915600e+00
3.802205e+00,6.185099e+01,2.113789e-03,-4.595400e+00
3.802205e+00,5.586203e+01,2.113789e-03,-4.211000e+00
3.802205e+00,4.829751e+01,2.113789e-03,-3.698900e+00
3.802205e+00,3.823341e+01,2.113789e-03,-3.059400e+00
3.802205e+00,2.253884e+01,2.113789e-03,-2.101100e+00
4.613169e+00,2.601645e+01,2.080435e-03,-2.256300e+00
4.613169e+00,4.413261e+01,2.080435e-03,-3.388500e+00
4.613169e+00,5.574954e+01,2.080435e-03,-4.144300e+00
4.613169e+00,6.448123e+01,2.080435e-03,-4.648600e+00
4.613169e+00,7.139425e+01,2.080435e-03,-5.090100e+00
4.613169e+00,7.698014e+01,2.080435e-03,-5.468600e+00
4.613169e+00,8.151219e+01,2.080435e-03,-5.784200e+00
4.613169e+00,8.515883e+01,2.080435e-03,-5.973600e+00
4.613169e+00,8.803015e+01,2.080435e-03,-6.162900e+00
4.613169e+00,9.020024e+01,2.080435e-03,-6.289300e+00
4.613169e+00,9.171887e+01,2.080435e-03,-6.415600e+00
4.613169e+00,9.261809e+01,2.080435e-03,-6.478700e+00
4.613169e+00,9.291590e+01,2.080435e-03,-6.478700e+00
4.613169e+00,9.261809e+01,2.080435e-03,-6.478700e+00
4.613169e+00,9.171887e+01,2.080435e-03,-6.415600e+00
4.613169e+00,9.020024e+01,2.080435e-03,-6.289300e+00
4.613169e+00,8.803015e+01,2.080435e-03,-6.162900e+00
4.613169e+00,8.515883e+01,2.080435e-03,-5.973600e+00
4.613169e+00,8.151219e+01,2.080435e-03,-5.784200e+00
4.613169e+00,7.698014e+01,2.080435e-03,-5.468600e+00
4.613169e+00,7.139425e+01,2.080435e-03,-5.090100e+00
4.613169e+00,6.448123e+01,2.080435e-03,-4.648600e+00
4.613169e+00,5.574954e+01,2.080435e-03,-4.144300e+00
4.613169e+00,4.413261e+01,2.080435e-03,-3.388500e+00
4.613169e+00,2.601645e+01,2.080435e-03,-2.256300e+00
5.386476e+00,2.989955e+01,2.061656e-03,-2.356900e+00
5.386476e+00,5.071963e+01,2.061656e-03,-3.598700e+00
5.386476e+00,6.407046e+01,2.061656e-03,-4.368500e+00
5.386476e+00,7.410539e+01,2.061656e-03,-4.961000e+00
5.386476e+00,8.205022e+01,2.061656e-03,-5.435400e+00
5.386476e+00,8.846983e+01,2.061656e-03,-5.791200e+00
5.386476e+00,9.367832e+01,2.061656e-03,-6.147200e+00
5.386476e+00,9.786924e+01,2.061656e-03,-6.384600e+00
5.386476e+00,1.011691e+02,2.061656e-03,-6.562600e+00
5.386476e+00,1.036631e+02,2.061656e-03,-6.740700e+00
5.386476e+00,1.054084e+02,2.061656e-03,-6.800000e+00
5.386476e+00,1.064418e+02,2.061656e-03,-6.859400e+00
5.386476e+00,1.067841e+02,2.061656e-03,-6.918700e+00
5.386476e+00,1.064418e+02,2.061656e-03,-6.859400e+00
5.386476e+00,1.054084e+02,2.061656e-03,-6.800000e+00
5.386476e+00,1.036631e+02,2.061656e-03,-6.740700e+00
5.386476e+00,1.011691e+02,2.061656e-03,-6.562600e+00
5.386476e+00,9.786924e+01,2.061656e-03,-6.384600e+00
5.386476e+00,9.367832e+01,2.061656e-03,-6.147200e+00
5.386476e+00,8.846983e+01,2.061656e-03,-5.791200e+00
5.386476e+00,8.205022e+01,2.061656e-03,-5.435400e+00
5.386476e+00,7.410539e+01,2.061656e-03,-4.961000e+00
5.386476e+00,6.407046e+01,2.061656e-03,-4.368500e+00
5.386476e+00,5.071963e+01,2.061656e-03,-3.598700e+00
5.386476e+00,2.989955e+01,2.061656e-03,-2.356900e+00
6.143543e+00,3.409228e+01,2.048050e-03,-2.293900e+00
6.143543e+00,5.783192e+01,2.048050e-03,-3.549200e+00
6.143543e+00,7.305490e+01,2.048050e-03,-4.334800e+00
6.143543e+00,8.449700e+01,2.048050e-03,-4.911200e+00
6.143543e+00,9.355591e+01,2.048050e-03,-5.435500e+00
6.143543e+00,1.008757e+02,2.048050e-03,-5.802700e+00
6.143543e+00,1.068146e+02,2.048050e-03,-6.117400e+00
6.143543e+00,1.115932e+02,2.048050e-03,-6.379700e+00
6.143543e+00,1.153558e+02,2.048050e-03,-6.537100e+00
6.143543e+00,1.181995e+02,2.048050e-03,-6.694600e+00
6.143543e+00,1.201896e+02,2.048050e-03,-6.799600e+00
6.143543e+00,1.213679e+02,2.048050e-03,-6.852000e+00
6.143543e+00,1.217582e+02,2.048050e-03,-6.904600e+00
6.143543e+00,1.213679e+02,2.048050e-03,-6.852000e+00
6.143543e+00,1.201896e+02,2.048050e-03,-6.799600e+00
6.143543e+00,1.181995e+02,2.048050e-03,-6.694600e+00
6.143543e+00,1.153558e+02,2.048050e-03,-6.537100e+00
6.143543e+00,1.115932e+02,2.048050e-03,-6.379700e+00
6.143543e+00,1.068146e+02,2.048050e-03,-6.117400e+00
6.143543e+00,1.008757e+02,2.048050e-03,-5.802700e+00
6.143543e+00,9.355591e+01,2.048050e-03,-5.435500e+00
6.143543e+00,8.449700e+01,2.048050e-03,-4.911200e+00
6.143543e+00,7.305490e+01,2.048050e-03,-4.334800e+00
6.143543e+00,5.783192e+01,2.048050e-03,-3.549200e+00
6.143543e+00,3.409228e+01,2.048050e-03,-2.293900e+00
6.900059e+00,3.864687e+01,2.036191e-03,-2.228900e+00
6.900059e+00,6.555802e+01,2.036191e-03,-3.460600e+00
6.900059e+00,8.281471e+01,2.036191e-03,-4.237000e+00
6.900059e+00,9.578544e+01,2.036191e-03,-4.831000e+00
6.900059e+00,1.060546e+02,2.036191e-03,-5.288100e+00
6.900059e+00,1.143523e+02,2.036191e-03,-5.653900e+00
6.900059e+00,1.210846e+02,2.036191e-03,-5.974000e+00
6.900059e+00,1.265016e+02,2.036191e-03,-6.248500e+00
6.900059e+00,1.307669e+02,2.036191e-03,-6.431400e+00
6.900059e+00,1.339905e+02,2.036191e-03,-6.568700e+00
6.900059e+00,1.362464e+02,2.036191e-03,-6.660200e+00
6.900059e+00,1.375821e+02,2.036191e-03,-6.751700e+00
6.900059e+00,1.380245e+02,2.036191e-03,-6.751700e+00
6.900059e+00,1.375821e+02,2.036191e-03,-6.751700e+00
6.900059e+00,1.362464e+02,2.036191e-03,-6.660200e+00
6.900059e+00,1.339905e+02,2.036191e-03,-6.568700e+00
6.900059e+00,1.307669e+02,2.036191e-03,-6.431400e+00
6.900059e+00,1.265016e+02,2.036191e-03,-6.248500e+00
6.900059e+00,1.210846e+02,2.036191e-03,-5.974000e+00
6.900059e+00,1.143523e+02,2.036191e-03,-5.653900e+00
6.900059e+00,1.060546e+02,2.036191e-03,-5.288100e+00
6.900059e+00,9.578544e+01,2.036191e-03,-4.831000e+00
6.900059e+00,8.281471e+01,2.036191e-03,-4.237000e+00
6.900059e+00,6.555802e+01,2.036191e-03,-3.460600e+00
6.900059e+00,3.864687e+01,2.036191e-03,-2.228900e+00
7.668102e+00,4.364916e+01,2.024708e-03,-2.134600e+00
7.668102e+00,7.404358e+01,2.024708e-03,-3.323200e+00
7.668102e+00,9.353391e+01,2.024708e-03,-4.116400e+00
7.668102e+00,1.081835e+02,2.024708e-03,-4.672000e+00
7.668102e+00,1.197818e+02,2.024708e-03,-5.148200e+00
7.668102e+00,1.291536e+02,2.024708e-03,-5.505500e+00
7.668102e+00,1.367573e+02,2.024708e-03,-5.823200e+00
7.668102e+00,1.428754e+02,2.024708e-03,-6.061400e+00
7.668102e+00,1.476928e+02,2.024708e-03,-6.260000e+00
7.668102e+00,1.513336e+02,2.024708e-03,-6.379100e+00
7.668102e+00,1.538815e+02,2.024708e-03,-6.498300e+00
7.668102e+00,1.553902e+02,2.024708e-03,-6.538000e+00
7.668102e+00,1.558898e+02,2.024708e-03,-6.577700e+00
7.668102e+00,1.553902e+02,2.024708e-03,-6.538000e+00
7.668102e+00,1.538815e+02,2.024708e-03,-6.498300e+00
7.668102e+00,1.513336e+02,2.024708e-03,-6.379100e+00
7.668102e+00,1.476928e+02,2.024708e-03,-6.260000e+00
7.668102e+00,1.428754e+02,2.024708e-03,-6.061400e+00
7.668102e+00,1.367573e+02,2.024708e-03,-5.823200e+00
7.668102e+00,1.291536e+02,2.024708e-03,-5.505500e+00
7.668102e+00,1.197818e+02,2.024708e-03,-5.148200e+00
7.668102e+00,1.081835e+02,2.024708e-03,-4.672000e+00
7.668102e+00,9.353391e+01,2.024708e-03,-4.116400e+00
7.668102e+00,7.404358e+01,2.024708e-03,-3.323200e+00
7.668102e+00,4.364916e+01,2.024708e-03,-2.134600e+00
8.457334e+00,4.919994e+01,2.012758e-03,-2.126500e+00
8.457334e+00,8.345956e+01,2.012758e-03,-3.354700e+00
8.457334e+00,1.054284e+02,2.012758e-03,-4.150100e+00
8.457334e+00,1.219410e+02,2.012758e-03,-4.765100e+00
8.457334e+00,1.350143e+02,2.012758e-03,-5.235400e+00
8.457334e+00,1.455778e+02,2.012758e-03,-5.633500e+00
8.457334e+00,1.541484e+02,2.012758e-03,-5.923000e+00
8.457334e+00,1.610446e+02,2.012758e-03,-6.176400e+00
8.457334e+00,1.664746e+02,2.012758e-03,-6.357300e+00
8.457334e+00,1.705785e+02,2.012758e-03,-6.538300e+00
8.457334e+00,1.734503e+02,2.012758e-03,-6.610700e+00
8.457334e+00,1.751509e+02,2.012758e-03,-6.683100e+00
8.457334e+00,1.757141e+02,2.012758e-03,-6.719300e+00
8.457334e+00,1.751509e+02,2.012758e-03,-6.683100e+00
8.457334e+00,1.734503e+02,2.012758e-03,-6.610700e+00
8.457334e+00,1.705785e+02,2.012758e-03,-6.538300e+00
8.457334e+00,1.664746e+02,2.012758e-03,-6.357300e+00
8.457334e+00,1.610446e+02,2.012758e-03,-6.176400e+00
8.457334e+00,1.541484e+02,2.012758e-03,-5.923000e+00
8.457334e+00,1.455778e+02,2.012758e-03,-5.633500e+00
8.457334e+00,1.350143e+02,2.012758e-03,-5.235400e+00
8.457334e+00,1.219410e+02,2.012758e-03,-4.765100e+00
8.457334e+00,1.054284e+02,2.012758e-03,-4.150100e+00
8.457334e+00,8.345956e+01,2.012758e-03,-3.354700e+00
8.457334e+00,4.919994e+01,2.012758e-03,-2.126500e+00
9.276325e+00,5.541140e+01,2.000004e-03,-2.109800e+00
9.276325e+00,9.399627e+01,2.000004e-03,-3.378300e+00
9.276325e+00,1.187387e+02,2.000004e-03,-4.192100e+00
9.276325e+00,1.373360e+02,2.000004e-03,-4.778300e+00
9.276325e+00,1.520597e+02,2.000004e-03,-5.266900e+00
9.276325e+00,1.639569e+02,2.000004e-03,-5.657800e+00
9.276325e+00,1.736095e+02,2.000004e-03,-5.983600e+00
9.276325e+00,1.813764e+02,2.000004e-03,-6.211600e+00
9.276325e+00,1.874919e+02,2.000004e-03,-6.407100e+00
9.276325e+00,1.921139e+02,2.000004e-03,-6.570000e+00
9.276325e+00,1.953483e+02,2.000004e-03,-6.667800e+00
9.276325e+00,1.972636e+02,2.000004e-03,-6.732900e+00
9.276325e+00,1.978978e+02,2.000004e-03,-6.765500e+00
9.276325e+00,1.972636e+02,2.000004e-03,-6.732900e+00
9.276325e+00,1.953483e+02,2.000004e-03,-6.667800e+00
9.276325e+00,1.921139e+02,2.000004e-03,-6.570000e+00
9.276325e+00,1.874919e+02,2.000004e-03,-6.407100e+00
9.276325e+00,1.813764e+02,2.000004e-03,-6.211600e+00
9.276325e+00,1.736095e+02,2.000004e-03,-5.983600e+00
9.276325e+00,1.639569e+02,2.000004e-03,-5.657800e+00
9.276325e+00,1.520597e+02,2.000004e-03,-5.266900e+00
9.276325e+00,1.373360e+02,2.000004e-03,-4.778300e+00
9.276325e+00,1.187387e+02,2.000004e-03,-4.192100e+00
9.276325e+00,9.399627e+01,2.000004e-03,-3.378300e+00
9.276325e+00,5.541140e+01,2.000004e-03,-2.109800e+00
1.013246e+01,6.240759e+01,1.986020e-03,-2.083500e+00
1.013246e+01,1.058642e+02,1.986020e-03,-3.359200e+00
1.013246e+01,1.337305e+02,1.986020e-03,-4.171500e+00
1.013246e+01,1.546759e+02,1.986020e-03,-4.781000e+00
1.013246e+01,1.712587e+02,1.986020e-03,-5.245400e+00
1.013246e+01,1.846579e+02,1.986020e-03,-5.651800e+00
1.013246e+01,1.955293e+02,1.986020e-03,-5.971200e+00
1.013246e+01,2.042768e+02,1.986020e-03,-6.203400e+00
1.013246e+01,2.111644e+02,1.986020e-03,-6.406600e+00
1.013246e+01,2.163700e+02,1.986020e-03,-6.551800e+00
1.013246e+01,2.200128e+02,1.986020e-03,-6.667900e+00
1.013246e+01,2.221699e+02,1.986020e-03,-6.726000e+00
1.013246e+01,2.228842e+02,1.986020e-03,-6.755000e+00
1.013246e+01,2.221699e+02,1.986020e-03,-6.726000e+00
1.013246e+01,2.200128e+02,1.986020e-03,-6.667900e+00
1.013246e+01,2.163700e+02,1.986020e-03,-6.551800e+00
1.013246e+01,2.111644e+02,1.986020e-03,-6.406600e+00
1.013246e+01,2.042768e+02,1.986020e-03,-6.203400e+00
1.013246e+01,1.955293e+02,1.986020e-03,-5.971200e+00
1.013246e+01,1.846579e+02,1.986020e-03,-5.651800e+00
1.013246e+01,1.712587e+02,1.986020e-03,-5.245400e+00
1.013246e+01,1.546759e+02,1.986020e-03,-4.781000e+00
1.013246e+01,1.337305e+02,1.986020e-03,-4.171500e+00
1.013246e+01,1.058642e+02,1.986020e-03,-3.359200e+00
1.013246e+01,6.240759e+01,1.986020e-03,-2.083500e+00
1.103262e+01,7.032539e+01,1.970531e-03,-2.108300e+00
1.103262e+01,1.192954e+02,1.970531e-03,-3.402000e+00
1.103262e+01,1.506973e+02,1.970531e-03,-4.247400e+00
1.103262e+01,1.743000e+02,1.970531e-03,-4.855100e+00
1.103262e+01,1.929867e+02,1.970531e-03,-5.357200e+00
1.103262e+01,2.080860e+02,1.970531e-03,-5.753700e+00
1.103262e+01,2.203366e+02,1.970531e-03,-6.070900e+00
1.103262e+01,2.301939e+02,1.970531e-03,-6.335200e+00
1.103262e+01,2.379554e+02,1.970531e-03,-6.546700e+00
1.103262e+01,2.438214e+02,1.970531e-03,-6.705200e+00
1.103262e+01,2.479264e+02,1.970531e-03,-6.811000e+00
1.103262e+01,2.503571e+02,1.970531e-03,-6.863900e+00
1.103262e+01,2.511621e+02,1.970531e-03,-6.890200e+00
1.103262e+01,2.503571e+02,1.970531e-03,-6.863900e+00
1.103262e+01,2.479264e+02,1.970531e-03,-6.811000e+00
1.103262e+01,2.438214e+02,1.970531e-03,-6.705200e+00
1.103262e+01,2.379554e+02,1.970531e-03,-6.546700e+00
1.103262e+01,2.301939e+02,1.970531e-03,-6.335200e+00
1.103262e+01,2.203366e+02,1.970531e-03,-6.070900e+00
1.103262e+01,2.080860e+02,1.970531e-03,-5.753700e+00
1.103262e+01,1.929867e+02,1.970531e-03,-5.357200e+00
1.103262e+01,1.743000e+02,1.970531e-03,-4.855100e+00
1.103262e+01,1.506973e+02,1.970531e-03,-4.247400e+00
1.103262e+01,1.192954e+02,1.970531e-03,-3.402000e+00
1.103262e+01,7.032539e+01,1.970531e-03,-2.108300e+00
1.198306e+01,7.931558e+01,1.953231e-03,-2.105500e+00
1.198306e+01,1.345458e+02,1.953231e-03,-3.432500e+00
1.198306e+01,1.699620e+02,1.953231e-03,-4.262400e+00
1.198306e+01,1.965820e+02,1.953231e-03,-4.902700e+00
1.198306e+01,2.176575e+02,1.953231e-03,-5.400700e+00
1.198306e+01,2.346870e+02,1.953231e-03,-5.804000e+00
1.198306e+01,2.485038e+02,1.953231e-03,-6.136000e+00
1.198306e+01,2.596212e+02,1.953231e-03,-6.397000e+00
1.198306e+01,2.683749e+02,1.953231e-03,-6.586700e+00
1.198306e+01,2.749908e+02,1.953231e-03,-6.752700e+00
1.198306e+01,2.796206e+02,1.953231e-03,-6.871300e+00
1.198306e+01,2.823620e+02,1.953231e-03,-6.918700e+00
1.198306e+01,2.832699e+02,1.953231e-03,-6.942500e+00
1.198306e+01,2.823620e+02,1.953231e-03,-6.918700e+00
1.198306e+01,2.796206e+02,1.953231e-03,-6.871300e+00
1.198306e+01,2.749908e+02,1.953231e-03,-6.752700e+00
1.198306e+01,2.683749e+02,1.953231e-03,-6.586700e+00
1.198306e+01,2.596212e+02,1.953231e-03,-6.397000e+00
1.198306e+01,2.485038e+02,1.953231e-03,-6.136000e+00
1.198306e+01,2.346870e+02,1.953231e-03,-5.804000e+00
1.198306e+01,2.176575e+02,1.953231e-03,-5.400700e+00
1.198306e+01,1.965820e+02,1.953231e-03,-4.902700e+00
1.198306e+01,1.699620e+02,1.953231e-03,-4.262400e+00
1.198306e+01,1.345458e+02,1.953231e-03,-3.432500e+00
1.198306e+01,7.931558e+01,1.953231e-03,-2.105500e+00
1.299170e+01,8.954396e+01,1.934745e-03,-2.130800e+00
1.299170e+01,1.518965e+02,1.934745e-03,-3.453900e+00
1.299170e+01,1.918799e+02,1.934745e-03,-4.307900e+00
1.299170e+01,2.219328e+02,1.934745e-03,-4.948500e+00
1.299170e+01,2.457262e+02,1.934745e-03,-5.461000e+00
1.299170e+01,2.649518e+02,1.934745e-03,-5.866800e+00
1.299170e+01,2.805503e+02,1.934745e-03,-6.208500e+00
1.299170e+01,2.931014e+02,1.934745e-03,-6.464800e+00
1.299170e+01,3.029840e+02,1.934745e-03,-6.678300e+00
1.299170e+01,3.104530e+02,1.934745e-03,-6.827800e+00
1.299170e+01,3.156799e+02,1.934745e-03,-6.955900e+00
1.299170e+01,3.187749e+02,1.934745e-03,-7.019900e+00
1.299170e+01,3.197999e+02,1.934745e-03,-7.041300e+00
1.299170e+01,3.187749e+02,1.934745e-03,-7.019900e+00
1.299170e+01,3.156799e+02,1.934745e-03,-6.955900e+00
1.299170e+01,3.104530e+02,1.934745e-03,-6.827800e+00
1.299170e+01,3.029840e+02,1.934745e-03,-6.678300e+00
1.299170e+01,2.931014e+02,1.934745e-03,-6.464800e+00
1.299170e+01,2.805503e+02,1.934745e-03,-6.208500e+00
1.299170e+01,2.649518e+02,1.934745e-03,-5.866800e+00
1.299170e+01,2.457262e+02,1.934745e-03,-5.461000e+00
1.299170e+01,2.219328e+02,1.934745e-03,-4.948500e+00
1.299170e+01,1.918799e+02,1.934745e-03,-4.307900e+00
1.299170e+01,1.518965e+02,1.934745e-03,-3.453900e+00
1.299170e+01,8.954396e+01,1.934745e-03,-2.130800e+00
1.406422e+01,1.011975e+02,1.914541e-03,-2.149700e+00
1.406422e+01,1.716649e+02,1.914541e-03,-3.526700e+00
1.406422e+01,2.168519e+02,1.914541e-03,-4.399800e+00
1.406422e+01,2.508160e+02,1.914541e-03,-5.059400e+00
1.406422e+01,2.777059e+02,1.914541e-03,-5.583400e+00
1.406422e+01,2.994336e+02,1.914541e-03,-5.990800e+00
1.406422e+01,3.170622e+02,1.914541e-03,-6.340100e+00
1.406422e+01,3.312467e+02,1.914541e-03,-6.611700e+00
1.406422e+01,3.424155e+02,1.914541e-03,-6.825100e+00
1.406422e+01,3.508566e+02,1.914541e-03,-6.999700e+00
1.406422e+01,3.567637e+02,1.914541e-03,-7.116100e+00
1.406422e+01,3.602614e+02,1.914541e-03,-7.174300e+00
1.406422e+01,3.614198e+02,1.914541e-03,-7.193700e+00
1.406422e+01,3.602614e+02,1.914541e-03,-7.174300e+00
1.406422e+01,3.567637e+02,1.914541e-03,-7.116100e+00
1.406422e+01,3.508566e+02,1.914541e-03,-6.999700e+00
1.406422e+01,3.424155e+02,1.914541e-03,-6.825100e+00
1.406422e+01,3.312467e+02,1.914541e-03,-6.611700e+00
1.406422e+01,3.170622e+02,1.914541e-03,-6.340100e+00
1.406422e+01,2.994336e+02,1.914541e-03,-5.990800e+00
1.406422e+01,2.777059e+02,1.914541e-03,-5.583400e+00
1.406422e+01,2.508160e+02,1.914541e-03,-5.059400e+00
1.406422e+01,2.168519e+02,1.914541e-03,-4.399800e+00
1.406422e+01,1.716649e+02,1.914541e-03,-3.526700e+00
1.406422e+01,1.011975e+02,1.914541e-03,-2.149700e+00
1.520377e+01,1.144756e+02,1.891468e-03,-2.165300e+00
1.520377e+01,1.941890e+02,1.891468e-03,-3.563900e+00
1.520377e+01,2.453049e+02,1.891468e-03,-4.455800e+00
1.520377e+01,2.837254e+02,1.891468e-03,-5.138000e+00
1.520377e+01,3.141436e+02,1.891468e-03,-5.662600e+00
1.520377e+01,3.387222e+02,1.891468e-03,-6.099800e+00
1.520377e+01,3.586638e+02,1.891468e-03,-6.449600e+00
1.520377e+01,3.747095e+02,1.891468e-03,-6.729300e+00
1.520377e+01,3.873437e+02,1.891468e-03,-6.939100e+00
1.520377e+01,3.968923e+02,1.891468e-03,-7.113900e+00
1.520377e+01,4.035744e+02,1.891468e-03,-7.236300e+00
1.520377e+01,4.075312e+02,1.891468e-03,-7.306300e+00
1.520377e+01,4.088415e+02,1.891468e-03,-7.323700e+00
1.520377e+01,4.075312e+02,1.891468e-03,-7.306300e+00
1.520377e+01,4.035744e+02,1.891468e-03,-7.236300e+00
1.520377e+01,3.968923e+02,1.891468e-03,-7.113900e+00
1.520377e+01,3.873437e+02,1.891468e-03,-6.939100e+00
1.520377e+01,3.747095e+02,1.891468e-03,-6.729300e+00
1.520377e+01,3.586638e+02,1.891468e-03,-6.449600e+00
1.520377e+01,3.387222e+02,1.891468e-03,-6.099800e+00
1.520377e+01,3.141436e+02,1.891468e-03,-5.662600e+00
1.520377e+01,2.837254e+02,1.891468e-03,-5.138000e+00
1.520377e+01,2.453049e+02,1.891468e-03,-4.455800e+00
1.520377e+01,1.941890e+02,1.891468e-03,-3.563900e+00
1.520377e+01,1.144756e+02,1.891468e-03,-2.165300e+00
1.641370e+01,1.295896e+02,1.864957e-03,-2.255700e+00
1.641370e+01,2.198274e+02,1.864957e-03,-3.707400e+00
1.641370e+01,2.776921e+02,1.864957e-03,-4.643200e+00
1.641370e+01,3.211852e+02,1.864957e-03,-5.336900e+00
1.641370e+01,3.556194e+02,1.864957e-03,-5.901500e+00
1.641370e+01,3.834431e+02,1.864957e-03,-6.337000e+00
1.641370e+01,4.060175e+02,1.864957e-03,-6.708000e+00
1.641370e+01,4.241817e+02,1.864957e-03,-6.998300e+00
1.641370e+01,4.384839e+02,1.864957e-03,-7.224000e+00
1.641370e+01,4.492933e+02,1.864957e-03,-7.401400e+00
1.641370e+01,4.568577e+02,1.864957e-03,-7.530400e+00
1.641370e+01,4.613368e+02,1.864957e-03,-7.594800e+00
1.641370e+01,4.628202e+02,1.864957e-03,-7.627100e+00
1.641370e+01,4.613368e+02,1.864957e-03,-7.594800e+00
1.641370e+01,4.568577e+02,1.864957e-03,-7.530400e+00
1.641370e+01,4.492933e+02,1.864957e-03,-7.401400e+00
1.641370e+01,4.384839e+02,1.864957e-03,-7.224000e+00
1.641370e+01,4.241817e+02,1.864957e-03,-6.998300e+00
1.641370e+01,4.060175e+02,1.864957e-03,-6.708000e+00
1.641370e+01,3.834431e+02,1.864957e-03,-6.337000e+00
1.641370e+01,3.556194e+02,1.864957e-03,-5.901500e+00
1.641370e+01,3.211852e+02,1.864957e-03,-5.336900e+00
1.641370e+01,2.776921e+02,1.864957e-03,-4.643200e+00
1.641370e+01,2.198274e+02,1.864957e-03,-3.707400e+00
1.641370e+01,1.295896e+02,1.864957e-03,-2.255700e+00
1.770001e+01,1.467628e+02,1.835610e-03,-2.305500e+00
1.770001e+01,2.489588e+02,1.835610e-03,-3.804900e+00
1.770001e+01,3.144917e+02,1.835610e-03,-4.760500e+00
1.770001e+01,3.637485e+02,1.835610e-03,-5.495500e+00
1.770001e+01,4.027459e+02,1.835610e-03,-6.068700e+00
1.770001e+01,4.342567e+02,1.835610e-03,-6.524300e+00
1.770001e+01,4.598227e+02,1.835610e-03,-6.906300e+00
1.770001e+01,4.803940e+02,1.835610e-03,-7.200100e+00
1.770001e+01,4.965916e+02,1.835610e-03,-7.449900e+00
1.770001e+01,5.088333e+02,1.835610e-03,-7.626100e+00
1.770001e+01,5.174002e+02,1.835610e-03,-7.743600e+00
1.770001e+01,5.224728e+02,1.835610e-03,-7.817100e+00
1.770001e+01,5.241528e+02,1.835610e-03,-7.846500e+00
1.770001e+01,5.224728e+02,1.835610e-03,-7.817100e+00
1.770001e+01,5.174002e+02,1.835610e-03,-7.743600e+00
1.770001e+01,5.088333e+02,1.835610e-03,-7.626100e+00
1.770001e+01,4.965916e+02,1.835610e-03,-7.449900e+00
1.770001e+01,4.803940e+02,1.835610e-03,-7.200100e+00
1.770001e+01,4.598227e+02,1.835610e-03,-6.906300e+00
1.770001e+01,4.342567e+02,1.835610e-03,-6.524300e+00
1.770001e+01,4.027459e+02,1.835610e-03,-6.068700e+00
1.770001e+01,3.637485e+02,1.835610e-03,-5.495500e+00
1.770001e+01,3.144917e+02,1.835610e-03,-4.760500e+00
1.770001e+01,2.489588e+02,1.835610e-03,-3.804900e+00
1.770001e+01,1.467628e+02,1.835610e-03,-2.305500e+00
1.906611e+01,1.662436e+02,1.803049e-03,-2.306100e+00
1.906611e+01,2.820048e+02,1.803049e-03,-3.827300e+00
1.906611e+01,3.562363e+02,1.803049e-03,-4.797800e+00
1.906611e+01,4.120313e+02,1.803049e-03,-5.532000e+00
1.906611e+01,4.562051e+02,1.803049e-03,-6.108800e+00
1.906611e+01,4.918986e+02,1.803049e-03,-6.580700e+00
1.906611e+01,5.208582e+02,1.803049e-03,-6.960700e+00
1.906611e+01,5.441600e+02,1.803049e-03,-7.262100e+00
1.906611e+01,5.625076e+02,1.803049e-03,-7.511000e+00
1.906611e+01,5.763743e+02,1.803049e-03,-7.681300e+00
1.906611e+01,5.860783e+02,1.803049e-03,-7.812200e+00
1.906611e+01,5.918243e+02,1.803049e-03,-7.890800e+00
1.906611e+01,5.937272e+02,1.803049e-03,-7.917000e+00
1.906611e+01,5.918243e+02,1.803049e-03,-7.890800e+00
1.906611e+01,5.860783e+02,1.803049e-03,-7.812200e+00
1.906611e+01,5.763743e+02,1.803049e-03,-7.681300e+00
1.906611e+01,5.625076e+02,1.803049e-03,-7.511000e+00
1.906611e+01,5.441600e+02,1.803049e-03,-7.262100e+00
1.906611e+01,5.208582e+02,1.803049e-03,-6.960700e+00
1.906611e+01,4.918986e+02,1.803049e-03,-6.580700e+00
1.906611e+01,4.562051e+02,1.803049e-03,-6.108800e+00
1.906611e+01,4.120313e+02,1.803049e-03,-5.532000e+00
1.906611e+01,3.562363e+02,1.803049e-03,-4.797800e+00
1.906611e+01,2.820048e+02,1.803049e-03,-3.827300e+00
1.906611e+01,1.662436e+02,1.803049e-03,-2.306100e+00
2.050528e+01,1.882731e+02,1.764822e-03,-2.302100e+00
2.050528e+01,3.193741e+02,1.764822e-03,-3.826200e+00
2.050528e+01,4.034423e+02,1.764822e-03,-4.803400e+00
2.050528e+01,4.666308e+02,1.764822e-03,-5.547800e+00
2.050528e+01,5.166582e+02,1.764822e-03,-6.129100e+00
2.050528e+01,5.570816e+02,1.764822e-03,-6.594200e+00
2.050528e+01,5.898787e+02,1.764822e-03,-6.977700e+00
2.050528e+01,6.162683e+02,1.764822e-03,-7.279800e+00
2.050528e+01,6.370472e+02,1.764822e-03,-7.523800e+00
2.050528e+01,6.527514e+02,1.764822e-03,-7.709700e+00
2.050528e+01,6.637412e+02,1.764822e-03,-7.837400e+00
2.050528e+01,6.702487e+02,1.764822e-03,-7.907200e+00
2.050528e+01,6.724038e+02,1.764822e-03,-7.930400e+00
2.050528e+01,6.702487e+02,1.764822e-03,-7.907200e+00
2.050528e+01,6.637412e+02,1.764822e-03,-7.837400e+00
2.050528e+01,6.527514e+02,1.764822e-03,-7.709700e+00
2.050528e+01,6.370472e+02,1.764822e-03,-7.523800e+00
2.050528e+01,6.162683e+02,1.764822e-03,-7.279800e+00
2.050528e+01,5.898787e+02,1.764822e-03,-6.977700e+00
2.050528e+01,5.570816e+02,1.764822e-03,-6.594200e+00
2.050528e+01,5.166582e+02,1.764822e-03,-6.129100e+00
2.050528e+01,4.666308e+02,1.764822e-03,-5.547800e+00
2.050528e+01,4.034423e+02,1.764822e-03,-4.803400e+00
2.050528e+01,3.193741e+02,1.764822e-03,-3.826200e+00
2.050528e+01,1.882731e+02,1.764822e-03,-2.302100e+00
2.202497e+01,2.130889e+02,1.722949e-03,-2.325600e+00
2.202497e+01,3.614700e+02,1.722949e-03,-3.869800e+00
2.202497e+01,4.566190e+02,1.722949e-03,-4.871200e+00
2.202497e+01,5.281362e+02,1.722949e-03,-5.611600e+00
2.202497e+01,5.847576e+02,1.722949e-03,-6.205800e+00
2.202497e+01,6.305091e+02,1.722949e-03,-6.685300e+00
2.202497e+01,6.676291e+02,1.722949e-03,-7.070900e+00
2.202497e+01,6.974970e+02,1.722949e-03,-7.373000e+00
2.202497e+01,7.210147e+02,1.722949e-03,-7.623000e+00
2.202497e+01,7.387889e+02,1.722949e-03,-7.810400e+00
2.202497e+01,7.512273e+02,1.722949e-03,-7.935300e+00
2.202497e+01,7.585924e+02,1.722949e-03,-8.018600e+00
2.202497e+01,7.610316e+02,1.722949e-03,-8.039400e+00
2.202497e+01,7.585924e+02,1.722949e-03,-8.018600e+00
2.202497e+01,7.512273e+02,1.722949e-03,-7.935300e+00
2.202497e+01,7.387889e+02,1.722949e-03,-7.810400e+00
2.202497e+01,7.210147e+02,1.722949e-03,-7.623000e+00
2.202497e+01,6.974970e+02,1.722949e-03,-7.373000e+00
2.202497e+01,6.676291e+02,1.722949e-03,-7.070900e+00
2.202497e+01,6.305091e+02,1.722949e-03,-6.685300e+00
2.202497e+01,5.847576e+02,1.722949e-03,-6.205800e+00
2.202497e+01,5.281362e+02,1.722949e-03,-5.611600e+00
2.202497e+01,4.566190e+02,1.722949e-03,-4.871200e+00
2.202497e+01,3.614700e+02,1.722949e-03,-3.869800e+00
2.202497e+01,2.130889e+02,1.722949e-03,-2.325600e+00
2.360887e+01,2.409358e+02,1.673951e-03,-2.341300e+00
2.360887e+01,4.087076e+02,1.673951e-03,-3.909000e+00
2.360887e+01,5.162909e+02,1.673951e-03,-4.907100e+00
2.360887e+01,5.971542e+02,1.673951e-03,-5.662500e+00
2.360887e+01,6.611750e+02,1.673951e-03,-6.259100e+00
2.360887e+01,7.129053e+02,1.673951e-03,-6.743600e+00
2.360887e+01,7.548762e+02,1.673951e-03,-7.134800e+00
2.360887e+01,7.886474e+02,1.673951e-03,-7.451300e+00
2.360887e+01,8.152384e+02,1.673951e-03,-7.693200e+00
2.360887e+01,8.353353e+02,1.673951e-03,-7.879300e+00
2.360887e+01,8.493992e+02,1.673951e-03,-8.009400e+00
2.360887e+01,8.577269e+02,1.673951e-03,-8.093200e+00
2.360887e+01,8.604848e+02,1.673951e-03,-8.111700e+00
2.360887e+01,8.577269e+02,1.673951e-03,-8.093200e+00
2.360887e+01,8.493992e+02,1.673951e-03,-8.009400e+00
2.360887e+01,8.353353e+02,1.673951e-03,-7.879300e+00
2.360887e+01,8.152384e+02,1.673951e-03,-7.693200e+00
2.360887e+01,7.886474e+02,1.673951e-03,-7.451300e+00
2.360887e+01,7.548762e+02,1.673951e-03,-7.134800e+00
2.360887e+01,7.129053e+02,1.673951e-03,-6.743600e+00
2.360887e+01,6.611750e+02,1.673951e-03,-6.259100e+00
2.360887e+01,5.971542e+02,1.673951e-03,-5.662500e+00
2.360887e+01,5.162909e+02,1.673951e-03,-4.907100e+00
2.360887e+01,4.087076e+02,1.673951e-03,-3.909000e+00
2.360887e+01,2.409358e+02,1.673951e-03,-2.341300e+00
2.525719e+01,2.720047e+02,1.619517e-03,-2.339000e+00
2.525719e+01,4.614110e+02,1.619517e-03,-3.906900e+00
2.525719e+01,5.828673e+02,1.619517e-03,-4.918600e+00
2.525719e+01,6.741580e+02,1.619517e-03,-5.672900e+00
2.525719e+01,7.464343e+02,1.619517e-03,-6.269400e+00
2.525719e+01,8.048354e+02,1.619517e-03,-6.757800e+00
2.525719e+01,8.522185e+02,1.619517e-03,-7.146600e+00
2.525719e+01,8.903445e+02,1.619517e-03,-7.460700e+00
2.525719e+01,9.203645e+02,1.619517e-03,-7.708700e+00
2.525719e+01,9.430529e+02,1.619517e-03,-7.898700e+00
2.525719e+01,9.589304e+02,1.619517e-03,-8.030900e+00
2.525719e+01,9.683319e+02,1.619517e-03,-8.105100e+00
2.525719e+01,9.714455e+02,1.619517e-03,-8.129900e+00
2.525719e+01,9.683319e+02,1.619517e-03,-8.105100e+00
2.525719e+01,9.589304e+02,1.619517e-03,-8.030900e+00
2.525719e+01,9.430529e+02,1.619517e-03,-7.898700e+00
2.525719e+01,9.203645e+02,1.619517e-03,-7.708700e+00
2.525719e+01,8.903445e+02,1.619517e-03,-7.460700e+00
2.525719e+01,8.522185e+02,1.619517e-03,-7.146600e+00
2.525719e+01,8.048354e+02,1.619517e-03,-6.757800e+00
2.525719e+01,7.464343e+02,1.619517e-03,-6.269400e+00
2.525719e+01,6.741580e+02,1.619517e-03,-5.672900e+00
2.525719e+01,5.828673e+02,1.619517e-03,-4.918600e+00
2.525719e+01,4.614110e+02,1.619517e-03,-3.906900e+00
2.525719e+01,2.720047e+02,1.619517e-03,-2.339000e+00
2.671291e+01,3.064448e+02,1.517133e-03,-2.296500e+00
2.671291e+01,5.198329e+02,1.517133e-03,-3.851800e+00
2.671291e+01,6.566674e+02,1.517133e-03,-4.847000e+00
2.671291e+01,7.595169e+02,1.517133e-03,-5.594800e+00
2.671291e+01,8.409446e+02,1.517133e-03,-6.182200e+00
2.671291e+01,9.067401e+02,1.517133e-03,-6.660300e+00
2.671291e+01,9.601227e+02,1.517133e-03,-7.044100e+00
2.671291e+01,1.003076e+03,1.517133e-03,-7.355300e+00
2.671291e+01,1.036897e+03,1.517133e-03,-7.601200e+00
2.671291e+01,1.062458e+03,1.517133e-03,-7.782000e+00
2.671291e+01,1.080346e+03,1.517133e-03,-7.912100e+00
2.671291e+01,1.090938e+03,1.517133e-03,-7.991600e+00
2.671291e+01,1.094446e+03,1.517133e-03,-8.013300e+00
2.671291e+01,1.090938e+03,1.517133e-03,-7.991600e+00
2.671291e+01,1.080346e+03,1.517133e-03,-7.912100e+00
2.671291e+01,1.062458e+03,1.517133e-03,-7.782000e+00
2.671291e+01,1.036897e+03,1.517133e-03,-7.601200e+00
2.671291e+01,1.003076e+03,1.517133e-03,-7.355300e+00
2.671291e+01,9.601227e+02,1.517133e-03,-7.044100e+00
2.671291e+01,9.067401e+02,1.517133e-03,-6.660300e+00
2.671291e+01,8.409446e+02,1.517133e-03,-6.182200e+00
2.671291e+01,7.595169e+02,1.517133e-03,-5.594800e+00
2.671291e+01,6.566674e+02,1.517133e-03,-4.847000e+00
2.671291e+01,5.198329e+02,1.517133e-03,-3.851800e+00
2.671291e+01,3.064448e+02,1.517133e-03,-2.296500e+00
2.226585e+01,3.101956e+02,7.811707e-04,-1.490600e+00
2.226585e+01,5.261955e+02,7.811707e-04,-2.496500e+00
2.226585e+01,6.647049e+02,7.811707e-04,-3.143600e+00
2.226585e+01,7.688132e+02,7.811707e-04,-3.627400e+00
2.226585e+01,8.512376e+02,7.811707e-04,-4.008600e+00
2.226585e+01,9.178384e+02,7.811707e-04,-4.319700e+00
2.226585e+01,9.718744e+02,7.811707e-04,-4.570400e+00
2.226585e+01,1.015353e+03,7.811707e-04,-4.769900e+00
2.226585e+01,1.049588e+03,7.811707e-04,-4.932200e+00
2.226585e+01,1.075462e+03,7.811707e-04,-5.048100e+00
2.226585e+01,1.093569e+03,7.811707e-04,-5.136200e+00
2.226585e+01,1.104291e+03,7.811707e-04,-5.182600e+00
2.226585e+01,1.107841e+03,7.811707e-04,-5.201100e+00
2.226585e+01,1.104291e+03,7.811707e-04,-5.182600e+00
2.226585e+01,1.093569e+03,7.811707e-04,-5.136200e+00
2.226585e+01,1.075462e+03,7.811707e-04,-5.048100e+00
2.226585e+01,1.049588e+03,7.811707e-04,-4.932200e+00
2.226585e+01,1.015353e+03,7.811707e-04,-4.769900e+00
2.226585e+01,9.718744e+02,7.811707e-04,-4.570400e+00
2.226585e+01,9.178384e+02,7.811707e-04,-4.319700e+00
2.226585e+01,8.512376e+02,7.811707e-04,-4.008600e+00
2.226585e+01,7.688132e+02,7.811707e-04,-3.627400e+00
2.226585e+01,6.647049e+02,7.811707e-04,-3.143600e+00
2.226585e+01,5.261955e+02,7.811707e-04,-2.496500e+00
2.226585e+01,3.101956e+02,7.811707e-04,-1.490600e+00
1.780594e+01,2.873405e+02,3.920144e-04,-9.235000e-01
1.780594e+01,4.874256e+02,3.920144e-04,-1.545100e+00
1.780594e+01,6.157296e+02,3.920144e-04,-1.945800e+00
1.780594e+01,7.121672e+02,3.920144e-04,-2.244000e+00
1.780594e+01,7.885186e+02,3.920144e-04,-2.483000e+00
1.780594e+01,8.502123e+02,3.920144e-04,-2.672200e+00
1.780594e+01,9.002669e+02,3.920144e-04,-2.827200e+00
1.780594e+01,9.405424e+02,3.920144e-04,-2.954300e+00
1.780594e+01,9.722550e+02,3.920144e-04,-3.050300e+00
1.780594e+01,9.962226e+02,3.920144e-04,-3.124600e+00
1.780594e+01,1.012995e+03,3.920144e-04,-3.177200e+00
1.780594e+01,1.022927e+03,3.920144e-04,-3.208200e+00
1.780594e+01,1.026216e+03,3.920144e-04,-3.217500e+00
1.780594e+01,1.022927e+03,3.920144e-04,-3.208200e+00
1.780594e+01,1.012995e+03,3.920144e-04,-3.177200e+00
1.780594e+01,9.962226e+02,3.920144e-04,-3.124600e+00
1.780594e+01,9.722550e+02,3.920144e-04,-3.050300e+00
1.780594e+01,9.405424e+02,3.920144e-04,-2.954300e+00
1.780594e+01,9.002669e+02,3.920144e-04,-2.827200e+00
1.780594e+01,8.502123e+02,3.920144e-04,-2.672200e+00
1.780594e+01,7.885186e+02,3.920144e-04,-2.483000e+00
1.780594e+01,7.121672e+02,3.920144e-04,-2.244000e+00
1.780594e+01,6.157296e+02,3.920144e-04,-1.945800e+00
1.780594e+01,4.874256e+02,3.920144e-04,-1.545100e+00
1.780594e+01,2.873405e+02,3.920144e-04,-9.235000e-01
1.113934e+01,2.665997e+02,9.478967e-05,-3.467000e-01
1.113934e+01,4.522423e+02,9.478967e-05,-5.780000e-01
1.113934e+01,5.712851e+02,9.478967e-05,-7.267000e-01
1.113934e+01,6.607618e+02,9.478967e-05,-8.391000e-01
1.113934e+01,7.316019e+02,9.478967e-05,-9.278000e-01
1.113934e+01,7.888425e+02,9.478967e-05,-9.989000e-01
1.113934e+01,8.352841e+02,9.478967e-05,-1.056300e+00
1.113934e+01,8.726524e+02,9.478967e-05,-1.103700e+00
1.113934e+01,9.020759e+02,9.478967e-05,-1.139800e+00
1.113934e+01,9.243135e+02,9.478967e-05,-1.167200e+00
1.113934e+01,9.398755e+02,9.478967e-05,-1.187200e+00
1.113934e+01,9.490901e+02,9.478967e-05,-1.198300e+00
1.113934e+01,9.521419e+02,9.478967e-05,-1.202100e+00
1.113934e+01,9.490901e+02,9.478967e-05,-1.198300e+00
1.113934e+01,9.398755e+02,9.478967e-05,-1.187200e+00
1.113934e+01,9.243135e+02,9.478967e-05,-1.167200e+00
1.113934e+01,9.020759e+02,9.478967e-05,-1.139800e+00
1.113934e+01,8.726524e+02,9.478967e-05,-1.103700e+00
1.113934e+01,8.352841e+02,9.478967e-05,-1.056300e+00
1.113934e+01,7.888425e+02,9.478967e-05,-9.989000e-01
1.113934e+01,7.316019e+02,9.478967e-05,-9.278000e-01
1.113934e+01,6.607618e+02,9.478967e-05,-8.391000e-01
1.113934e+01,5.712851e+02,9.478967e-05,-7.267000e-01
1.113934e+01,4.522423e+02,9.478967e-05,-5.780000e-01
1.113934e+01,2.665997e+02,9.478967e-05,-3.467000e-01
9.486440e-01,2.570460e+02,5.827763e-08,-5.000000e-04
9.486440e-01,4.360360e+02,5.827763e-08,-8.000000e-04
9.486440e-01,5.508128e+02,5.827763e-08,-1.000000e-03
9.486440e-01,6.370830e+02,5.827763e-08,-1.100000e-03
9.486440e-01,7.053845e+02,5.827763e-08,-1.200000e-03
9.486440e-01,7.605739e+02,5.827763e-08,-1.300000e-03
9.486440e-01,8.053512e+02,5.827763e-08,-1.400000e-03
9.486440e-01,8.413804e+02,5.827763e-08,-1.400000e-03
9.486440e-01,8.697495e+02,5.827763e-08,-1.500000e-03
9.486440e-01,8.911902e+02,5.827763e-08,-1.600000e-03
9.486440e-01,9.061945e+02,5.827763e-08,-1.600000e-03
9.486440e-01,9.150789e+02,5.827763e-08,-1.600000e-03
9.486440e-01,9.180213e+02,5.827763e-08,-1.600000e-03
9.486440e-01,9.150789e+02,5.827763e-08,-1.600000e-03
9.486440e-01,9.061945e+02,5.827763e-08,-1.600000e-03
9.486440e-01,8.911902e+02,5.827763e-08,-1.600000e-03
9.486440e-01,8.697495e+02,5.827763e-08,-1.500000e-03
9.486440e-01,8.413804e+02,5.827763e-08,-1.400000e-03
9.486440e-01,8.053512e+02,5.827763e-08,-1.400000e-03
9.486440e-01,7.605739e+02,5.827763e-08,-1.300000e-03
9.486440e-01,7.053845e+02,5.827763e-08,-1.200000e-03
9.486440e-01,6.370830e+02,5.827763e-08,-1.100000e-03
9.486440e-01,5.508128e+02,5.827763e-08,-1.000000e-03
9.486440e-01,4.360360e+02,5.827763e-08,-8.000000e-04
9.486440e-01,2.570460e+02,5.827763e-08,-5.000000e-04
1.860880e+00,2.879040e+01,9.379031e-04,-1.100300e+00
1.860880e+00,4.883815e+01,1.197332e-03,-2.127700e+00
1.860880e+00,6.169372e+01,1.452066e-03,-3.152400e+00
1.860880e+00,7.135640e+01,1.735517e-03,-4.243100e+00
1.860880e+00,7.900651e+01,2.042761e-03,-5.493100e+00
1.860880e+00,8.518798e+01,2.364881e-03,-6.794200e+00
1.860880e+00,9.020326e+01,2.689898e-03,-8.141300e+00
1.860880e+00,9.423871e+01,3.003441e-03,-9.460300e+00
1.860880e+00,9.741618e+01,3.289743e-03,-1.066680e+01
1.860880e+00,9.981764e+01,3.532943e-03,-1.178170e+01
1.860880e+00,1.014982e+02,3.718564e-03,-1.251680e+01
1.860880e+00,1.024933e+02,3.834980e-03,-1.302710e+01
1.860880e+00,1.028229e+02,3.874655e-03,-1.328040e+01
1.860880e+00,1.024933e+02,3.834980e-03,-1.302710e+01
1.860880e+00,1.014982e+02,3.718564e-03,-1.251680e+01
1.860880e+00,9.981764e+01,3.532943e-03,-1.178170e+01
1.860880e+00,9.741618e+01,3.289743e-03,-1.066680e+01
1.860880e+00,9.423871e+01,3.003441e-03,-9.460300e+00
1.860880e+00,9.020326e+01,2.689898e-03,-8.141300e+00
1.860880e+00,8.518798e+01,2.364881e-03,-6.794200e+00
1.860880e+00,7.900651e+01,2.042761e-03,-5.493100e+00
1.860880e+00,7.135640e+01,1.735517e-03,-4.243100e+00
1.860880e+00,6.169372e+01,1.452066e-03,-3.152400e+00
1.860880e+00,4.883815e+01,1.197332e-03,-2.127700e+00
1.860880e+00,2.879040e+01,9.379031e-04,-1.100300e+00
2.923439e+00,2.047528e+01,7.368098e-04,-6.645000e-01
2.923439e+00,3.473293e+01,9.400814e-04,-1.272700e+00
2.923439e+00,4.387561e+01,1.140040e-03,-1.853600e+00
2.923439e+00,5.074756e+01,1.362535e-03,-2.504400e+00
2.923439e+00,5.618819e+01,1.603697e-03,-3.191700e+00
2.923439e+00,6.058436e+01,1.856526e-03,-3.977800e+00
2.923439e+00,6.415115e+01,2.111620e-03,-4.718600e+00
2.923439e+00,6.702110e+01,2.357702e-03,-5.485400e+00
2.923439e+00,6.928087e+01,2.582399e-03,-6.167400e+00
2.923439e+00,7.098875e+01,2.773264e-03,-6.793700e+00
2.923439e+00,7.218393e+01,2.918940e-03,-7.240900e+00
2.923439e+00,7.289163e+01,3.010301e-03,-7.560100e+00
2.923439e+00,7.312601e+01,3.041438e-03,-7.638600e+00
2.923439e+00,7.289163e+01,3.010301e-03,-7.560100e+00
2.923439e+00,7.218393e+01,2.918940e-03,-7.240900e+00
2.923439e+00,7.098875e+01,2.773264e-03,-6.793700e+00
2.923439e+00,6.928087e+01,2.582399e-03,-6.167400e+00
2.923439e+00,6.702110e+01,2.357702e-03,-5.485400e+00
2.923439e+00,6.415115e+01,2.111620e-03,-4.718600e+00
2.923439e+00,6.058436e+01,1.856526e-03,-3.977800e+00
2.923439e+00,5.618819e+01,1.603697e-03,-3.191700e+00
2.923439e+00,5.074756e+01,1.362535e-03,-2.504400e+00
2.923439e+00,4.387561e+01,1.140040e-03,-1.853600e+00
2.923439e+00,3.473293e+01,9.400814e-04,-1.272700e+00
2.923439e+00,2.047528e+01,7.368098e-04,-6.645000e-01
3.802205e+00,2.253884e+01,7.071704e-04,-7.016000e-01
3.802205e+00,3.823341e+01,9.027203e-04,-1.303700e+00
3.802205e+00,4.829751e+01,1.094770e-03,-1.911900e+00
3.802205e+00,5.586203e+01,1.308471e-03,-2.602400e+00
3.802205e+00,6.185099e+01,1.540108e-03,-3.344200e+00
3.802205e+00,6.669022e+01,1.782960e-03,-4.143500e+00
3.802205e+00,7.061647e+01,2.027995e-03,-4.961300e+00
3.802205e+00,7.377567e+01,2.264379e-03,-5.748100e+00
3.802205e+00,7.626318e+01,2.480225e-03,-6.449300e+00
3.802205e+00,7.814319e+01,2.663575e-03,-7.090100e+00
3.802205e+00,7.945882e+01,2.803516e-03,-7.549500e+00
3.802205e+00,8.023785e+01,2.891283e-03,-7.874800e+00
3.802205e+00,8.049585e+01,2.921194e-03,-7.956700e+00
3.802205e+00,8.023785e+01,2.891283e-03,-7.874800e+00
3.802205e+00,7.945882e+01,2.803516e-03,-7.549500e+00
3.802205e+00,7.814319e+01,2.663575e-03,-7.090100e+00
3.802205e+00,7.626318e+01,2.480225e-03,-6.449300e+00
3.802205e+00,7.377567e+01,2.264379e-03,-5.748100e+00
3.802205e+00,7.061647e+01,2.027995e-03,-4.961300e+00
3.802205e+00,6.669022e+01,1.782960e-03,-4.143500e+00
3.802205e+00,6.185099e+01,1.540108e-03,-3.344200e+00
3.802205e+00,5.586203e+01,1.308471e-03,-2.602400e+00
3.802205e+00,4.829751e+01,1.094770e-03,-1.911900e+00
3.802205e+00,3.823341e+01,9.027203e-04,-1.303700e+00
3.802205e+00,2.253884e+01,7.071704e-04,-7.016000e-01
4.613169e+00,2.601645e+01,6.959690e-04,-7.533000e-01
4.613169e+00,4.413261e+01,8.884602e-04,-1.443800e+00
4.613169e+00,5.574954e+01,1.077479e-03,-2.141800e+00
4.613169e+00,6.448123e+01,1.287808e-03,-2.872600e+00
4.613169e+00,7.139425e+01,1.515791e-03,-3.704000e+00
4.613169e+00,7.698014e+01,1.754812e-03,-4.609400e+00
4.613169e+00,8.151219e+01,1.995983e-03,-5.548400e+00
4.613169e+00,8.515883e+01,2.228639e-03,-6.401100e+00
4.613169e+00,8.803015e+01,2.441082e-03,-7.236500e+00
4.613169e+00,9.020024e+01,2.621542e-03,-7.933400e+00
4.613169e+00,9.171887e+01,2.759277e-03,-8.520000e+00
4.613169e+00,9.261809e+01,2.845659e-03,-8.874500e+00
4.613169e+00,9.291590e+01,2.875099e-03,-8.966700e+00
4.613169e+00,9.261809e+01,2.845659e-03,-8.874500e+00
4.613169e+00,9.171887e+01,2.759277e-03,-8.520000e+00
4.613169e+00,9.020024e+01,2.621542e-03,-7.933400e+00
4.613169e+00,8.803015e+01,2.441082e-03,-7.236500e+00
4.613169e+00,8.515883e+01,2.228639e-03,-6.401100e+00
4.613169e+00,8.151219e+01,1.995983e-03,-5.548400e+00
4.613169e+00,7.698014e+01,1.754812e-03,-4.609400e+00
4.613169e+00,7.139425e+01,1.515791e-03,-3.704000e+00
4.613169e+00,6.448123e+01,1.287808e-03,-2.872600e+00
4.613169e+00,5.574954e+01,1.077479e-03,-2.141800e+00
4.613169e+00,4.413261e+01,8.884602e-04,-1.443800e+00
4.613169e+00,2.601645e+01,6.959690e-04,-7.533000e-01
5.386476e+00,2.989955e+01,6.896768e-04,-7.868000e-01
5.386476e+00,5.071963e+01,8.804370e-04,-1.533200e+00
5.386476e+00,6.407046e+01,1.067750e-03,-2.257700e+00
5.386476e+00,7.410539e+01,1.276180e-03,-3.065600e+00
5.386476e+00,8.205022e+01,1.502106e-03,-3.955300e+00
5.386476e+00,8.846983e+01,1.738970e-03,-4.881400e+00
5.386476e+00,9.367832e+01,1.977964e-03,-5.896600e+00
5.386476e+00,9.786924e+01,2.208521e-03,-6.841400e+00
5.386476e+00,1.011691e+02,2.419047e-03,-7.705700e+00
5.386476e+00,1.036631e+02,2.597878e-03,-8.502600e+00
5.386476e+00,1.054084e+02,2.734370e-03,-9.030200e+00
5.386476e+00,1.064418e+02,2.819974e-03,-9.395500e+00
5.386476e+00,1.067841e+02,2.849148e-03,-9.575300e+00
5.386476e+00,1.064418e+02,2.819974e-03,-9.395500e+00
5.386476e+00,1.054084e+02,2.734370e-03,-9.030200e+00
5.386476e+00,1.036631e+02,2.597878e-03,-8.502600e+00
5.386476e+00,1.011691e+02,2.419047e-03,-7.705700e+00
5.386476e+00,9.786924e+01,2.208521e-03,-6.841400e+00
5.386476e+00,9.367832e+01,1.977964e-03,-5.896600e+00
5.386476e+00,8.846983e+01,1.738970e-03,-4.881400e+00
5.386476e+00,8.205022e+01,1.502106e-03,-3.955300e+00
5.386476e+00,7.410539e+01,1.276180e-03,-3.065600e+00
5.386476e+00,6.407046e+01,1.067750e-03,-2.257700e+00
5.386476e+00,5.071963e+01,8.804370e-04,-1.533200e+00
5.386476e+00,2.989955e+01,6.896768e-04,-7.868000e-01
6.143543e+00,3.409228e+01,6.851214e-04,-7.659000e-01
6.143543e+00,5.783192e+01,8.746251e-04,-1.512400e+00
6.143543e+00,7.305490e+01,1.060702e-03,-2.240600e+00
6.143543e+00,8.449700e+01,1.267757e-03,-3.035300e+00
6.143543e+00,9.355591e+01,1.492191e-03,-3.955800e+00
6.143543e+00,1.008757e+02,1.727492e-03,-4.891300e+00
6.143543e+00,1.068146e+02,1.964909e-03,-5.868100e+00
6.143543e+00,1.115932e+02,2.193945e-03,-6.836100e+00
6.143543e+00,1.153558e+02,2.403081e-03,-7.675300e+00
6.143543e+00,1.181995e+02,2.580733e-03,-8.443700e+00
6.143543e+00,1.201896e+02,2.716324e-03,-9.028500e+00
6.143543e+00,1.213679e+02,2.801363e-03,-9.384300e+00
6.143543e+00,1.217582e+02,2.830344e-03,-9.554400e+00
6.143543e+00,1.213679e+02,2.801363e-03,-9.384300e+00
6.143543e+00,1.201896e+02,2.716324e-03,-9.028500e+00
6.143543e+00,1.181995e+02,2.580733e-03,-8.443700e+00
6.143543e+00,1.153558e+02,2.403081e-03,-7.675300e+00
6.143543e+00,1.115932e+02,2.193945e-03,-6.836100e+00
6.143543e+00,1.068146e+02,1.964909e-03,-5.868100e+00
6.143543e+00,1.008757e+02,1.727492e-03,-4.891300e+00
6.143543e+00,9.355591e+01,1.492191e-03,-3.955800e+00
6.143543e+00,8.449700e+01,1.267757e-03,-3.035300e+00
6.143543e+00,7.305490e+01,1.060702e-03,-2.240600e+00
6.143543e+00,5.783192e+01,8.746251e-04,-1.512400e+00
6.143543e+00,3.409228e+01,6.851214e-04,-7.659000e-01
6.900059e+00,3.864687e+01,6.811527e-04,-7.444000e-01
6.900059e+00,6.555802e+01,8.695601e-04,-1.475000e+00
6.900059e+00,8.281471e+01,1.054560e-03,-2.190500e+00
6.900059e+00,9.578544e+01,1.260415e-03,-2.986200e+00
6.900059e+00,1.060546e+02,1.483550e-03,-3.849000e+00
6.900059e+00,1.143523e+02,1.717489e-03,-4.766200e+00
6.900059e+00,1.210846e+02,1.953531e-03,-5.730700e+00
6.900059e+00,1.265016e+02,2.181241e-03,-6.695200e+00
6.900059e+00,1.307669e+02,2.389166e-03,-7.550600e+00
6.900059e+00,1.339905e+02,2.565789e-03,-8.283900e+00
6.900059e+00,1.362464e+02,2.700596e-03,-8.842100e+00
6.900059e+00,1.375821e+02,2.785142e-03,-9.245200e+00
6.900059e+00,1.380245e+02,2.813956e-03,-9.341200e+00
6.900059e+00,1.375821e+02,2.785142e-03,-9.245200e+00
6.900059e+00,1.362464e+02,2.700596e-03,-8.842100e+00
6.900059e+00,1.339905e+02,2.565789e-03,-8.283900e+00
6.900059e+00,1.307669e+02,2.389166e-03,-7.550600e+00
6.900059e+00,1.265016e+02,2.181241e-03,-6.695200e+00
6.900059e+00,1.210846e+02,1.953531e-03,-5.730700e+00
6.900059e+00,1.143523e+02,1.717489e-03,-4.766200e+00
6.900059e+00,1.060546e+02,1.483550e-03,-3.849000e+00
6.900059e+00,9.578544e+01,1.260415e-03,-2.986200e+00
6.900059e+00,8.281471e+01,1.054560e-03,-2.190500e+00
6.900059e+00,6.555802e+01,8.695601e-04,-1.475000e+00
6.900059e+00,3.864687e+01,6.811527e-04,-7.444000e-01
7.668102e+00,4.364916e+01,6.773105e-04,-7.130000e-01
7.668102e+00,7.404358e+01,8.646560e-04,-1.416800e+00
7.668102e+00,9.353391e+01,1.048612e-03,-2.128600e+00
7.668102e+00,1.081835e+02,1.253307e-03,-2.888400e+00
7.668102e+00,1.197818e+02,1.475184e-03,-3.747700e+00
7.668102e+00,1.291536e+02,1.707803e-03,-4.641500e+00
7.668102e+00,1.367573e+02,1.942514e-03,-5.586100e+00
7.668102e+00,1.428754e+02,2.168940e-03,-6.494500e+00
7.668102e+00,1.476928e+02,2.375693e-03,-7.348700e+00
7.668102e+00,1.513336e+02,2.551320e-03,-8.043800e+00
7.668102e+00,1.538815e+02,2.685366e-03,-8.625800e+00
7.668102e+00,1.553902e+02,2.769436e-03,-8.951000e+00
7.668102e+00,1.558898e+02,2.798087e-03,-9.098800e+00
7.668102e+00,1.553902e+02,2.769436e-03,-8.951000e+00
7.668102e+00,1.538815e+02,2.685366e-03,-8.625800e+00
7.668102e+00,1.513336e+02,2.551320e-03,-8.043800e+00
7.668102e+00,1.476928e+02,2.375693e-03,-7.348700e+00
7.668102e+00,1.428754e+02,2.168940e-03,-6.494500e+00
7.668102e+00,1.367573e+02,1.942514e-03,-5.586100e+00
7.668102e+00,1.291536e+02,1.707803e-03,-4.641500e+00
7.668102e+00,1.197818e+02,1.475184e-03,-3.747700e+00
7.668102e+00,1.081835e+02,1.253307e-03,-2.888400e+00
7.668102e+00,9.353391e+01,1.048612e-03,-2.128600e+00
7.668102e+00,7.404358e+01,8.646560e-04,-1.416800e+00
7.668102e+00,4.364916e+01,6.773105e-04,-7.130000e-01
8.457334e+00,4.919994e+01,6.733123e-04,-7.104000e-01
8.457334e+00,8.345956e+01,8.595524e-04,-1.430300e+00
8.457334e+00,1.054284e+02,1.042423e-03,-2.146200e+00
8.457334e+00,1.219410e+02,1.245909e-03,-2.946100e+00
8.457334e+00,1.350143e+02,1.466477e-03,-3.811300e+00
8.457334e+00,1.455778e+02,1.697723e-03,-4.749500e+00
8.457334e+00,1.541484e+02,1.931049e-03,-5.681900e+00
8.457334e+00,1.610446e+02,2.156138e-03,-6.617600e+00
8.457334e+00,1.664746e+02,2.361671e-03,-7.462700e+00
8.457334e+00,1.705785e+02,2.536261e-03,-8.244200e+00
8.457334e+00,1.734503e+02,2.669516e-03,-8.774600e+00
8.457334e+00,1.751509e+02,2.753090e-03,-9.149100e+00
8.457334e+00,1.757141e+02,2.781572e-03,-9.294000e+00
8.457334e+00,1.751509e+02,2.753090e-03,-9.149100e+00
8.457334e+00,1.734503e+02,2.669516e-03,-8.774600e+00
8.457334e+00,1.705785e+02,2.536261e-03,-8.244200e+00
8.457334e+00,1.664746e+02,2.361671e-03,-7.462700e+00
8.457334e+00,1.610446e+02,2.156138e-03,-6.617600e+00
8.457334e+00,1.541484e+02,1.931049e-03,-5.681900e+00
8.457334e+00,1.455778e+02,1.697723e-03,-4.749500e+00
8.457334e+00,1.350143e+02,1.466477e-03,-3.811300e+00
8.457334e+00,1.219410e+02,1.245909e-03,-2.946100e+00
8.457334e+00,1.054284e+02,1.042423e-03,-2.146200e+00
8.457334e+00,8.345956e+01,8.595524e-04,-1.430300e+00
8.457334e+00,4.919994e+01,6.733123e-04,-7.104000e-01
9.276325e+00,5.541140e+01,6.690456e-04,-7.048000e-01
9.276325e+00,9.399627e+01,8.541058e-04,-1.440500e+00
9.276325e+00,1.187387e+02,1.035817e-03,-2.168100e+00
9.276325e+00,1.373360e+02,1.238015e-03,-2.954400e+00
9.276325e+00,1.520597e+02,1.457184e-03,-3.834400e+00
9.276325e+00,1.639569e+02,1.686965e-03,-4.770100e+00
9.276325e+00,1.736095e+02,1.918813e-03,-5.740000e+00
9.276325e+00,1.813764e+02,2.142476e-03,-6.655300e+00
9.276325e+00,1.874919e+02,2.346706e-03,-7.521000e+00
9.276325e+00,1.921139e+02,2.520190e-03,-8.283700e+00
9.276325e+00,1.953483e+02,2.652601e-03,-8.849800e+00
9.276325e+00,1.972636e+02,2.735645e-03,-9.216700e+00
9.276325e+00,1.978978e+02,2.763947e-03,-9.357300e+00
9.276325e+00,1.972636e+02,2.735645e-03,-9.216700e+00
9.276325e+00,1.953483e+02,2.652601e-03,-8.849800e+00
9.276325e+00,1.921139e+02,2.520190e-03,-8.283700e+00
9.276325e+00,1.874919e+02,2.346706e-03,-7.521000e+00
9.276325e+00,1.813764e+02,2.142476e-03,-6.655300e+00
9.276325e+00,1.736095e+02,1.918813e-03,-5.740000e+00
9.276325e+00,1.639569e+02,1.686965e-03,-4.770100e+00
9.276325e+00,1.520597e+02,1.457184e-03,-3.834400e+00
9.276325e+00,1.373360e+02,1.238015e-03,-2.954400e+00
9.276325e+00,1.187387e+02,1.035817e-03,-2.168100e+00
9.276325e+00,9.399627e+01,8.541058e-04,-1.440500e+00
9.276325e+00,5.541140e+01,6.690456e-04,-7.048000e-01
1.013246e+01,6.240759e+01,6.643673e-04,-6.961000e-01
1.013246e+01,1.058642e+02,8.481336e-04,-1.432500e+00
1.013246e+01,1.337305e+02,1.028575e-03,-2.157600e+00
1.013246e+01,1.546759e+02,1.229358e-03,-2.956300e+00
1.013246e+01,1.712587e+02,1.446995e-03,-3.818900e+00
1.013246e+01,1.846579e+02,1.675170e-03,-4.765200e+00
1.013246e+01,1.955293e+02,1.905396e-03,-5.728200e+00
1.013246e+01,2.042768e+02,2.127495e-03,-6.646400e+00
1.013246e+01,2.111644e+02,2.330297e-03,-7.520000e+00
1.013246e+01,2.163700e+02,2.502569e-03,-8.260200e+00
1.013246e+01,2.200128e+02,2.634054e-03,-8.849300e+00
1.013246e+01,2.221699e+02,2.716517e-03,-9.206300e+00
1.013246e+01,2.228842e+02,2.744621e-03,-9.341900e+00
1.013246e+01,2.221699e+02,2.716517e-03,-9.206300e+00
1.013246e+01,2.200128e+02,2.634054e-03,-8.849300e+00
1.013246e+01,2.163700e+02,2.502569e-03,-8.260200e+00
1.013246e+01,2.111644e+02,2.330297e-03,-7.520000e+00
1.013246e+01,2.042768e+02,2.127495e-03,-6.646400e+00
1.013246e+01,1.955293e+02,1.905396e-03,-5.728200e+00
1.013246e+01,1.846579e+02,1.675170e-03,-4.765200e+00
1.013246e+01,1.712587e+02,1.446995e-03,-3.818900e+00
1.013246e+01,1.546759e+02,1.229358e-03,-2.956300e+00
1.013246e+01,1.337305e+02,1.028575e-03,-2.157600e+00
1.013246e+01,1.058642e+02,8.481336e-04,-1.432500e+00
1.013246e+01,6.240759e+01,6.643673e-04,-6.961000e-01
1.103262e+01,7.032539e+01,6.591858e-04,-7.044000e-01
1.103262e+01,1.192954e+02,8.415190e-04,-1.450800e+00
1.103262e+01,1.506973e+02,1.020553e-03,-2.196900e+00
1.103262e+01,1.743000e+02,1.219770e-03,-3.002300e+00
1.103262e+01,1.929867e+02,1.435710e-03,-3.900500e+00
1.103262e+01,2.080860e+02,1.662105e-03,-4.851200e+00
1.103262e+01,2.203366e+02,1.890536e-03,-5.823900e+00
1.103262e+01,2.301939e+02,2.110903e-03,-6.787500e+00
1.103262e+01,2.379554e+02,2.312124e-03,-7.684200e+00
1.103262e+01,2.438214e+02,2.483051e-03,-8.453400e+00
1.103262e+01,2.479264e+02,2.613511e-03,-9.038800e+00
1.103262e+01,2.503571e+02,2.695331e-03,-9.394600e+00
1.103262e+01,2.511621e+02,2.723215e-03,-9.528500e+00
1.103262e+01,2.503571e+02,2.695331e-03,-9.394600e+00
1.103262e+01,2.479264e+02,2.613511e-03,-9.038800e+00
1.103262e+01,2.438214e+02,2.483051e-03,-8.453400e+00
1.103262e+01,2.379554e+02,2.312124e-03,-7.684200e+00
1.103262e+01,2.301939e+02,2.110903e-03,-6.787500e+00
1.103262e+01,2.203366e+02,1.890536e-03,-5.823900e+00
1.103262e+01,2.080860e+02,1.662105e-03,-4.851200e+00
1.103262e+01,1.929867e+02,1.435710e-03,-3.900500e+00
1.103262e+01,1.743000e+02,1.219770e-03,-3.002300e+00
1.103262e+01,1.506973e+02,1.020553e-03,-2.196900e+00
1.103262e+01,1.192954e+02,8.415190e-04,-1.450800e+00
1.103262e+01,7.032539e+01,6.591858e-04,-7.044000e-01
1.198306e+01,7.931558e+01,6.533985e-04,-7.035000e-01
1.198306e+01,1.345458e+02,8.341310e-04,-1.463900e+00
1.198306e+01,1.699620e+02,1.011593e-03,-2.204800e+00
1.198306e+01,1.965820e+02,1.209062e-03,-3.031800e+00
1.198306e+01,2.176575e+02,1.423105e-03,-3.932300e+00
1.198306e+01,2.346870e+02,1.647513e-03,-4.893700e+00
1.198306e+01,2.485038e+02,1.873938e-03,-5.886400e+00
1.198306e+01,2.596212e+02,2.092370e-03,-6.853700e+00
1.198306e+01,2.683749e+02,2.291825e-03,-7.731100e+00
1.198306e+01,2.749908e+02,2.461251e-03,-8.513000e+00
1.198306e+01,2.796206e+02,2.590566e-03,-9.118400e+00
1.198306e+01,2.823620e+02,2.671667e-03,-9.469300e+00
1.198306e+01,2.832699e+02,2.699307e-03,-9.600200e+00
1.198306e+01,2.823620e+02,2.671667e-03,-9.469300e+00
1.198306e+01,2.796206e+02,2.590566e-03,-9.118400e+00
1.198306e+01,2.749908e+02,2.461251e-03,-8.513000e+00
1.198306e+01,2.683749e+02,2.291825e-03,-7.731100e+00
1.198306e+01,2.596212e+02,2.092370e-03,-6.853700e+00
1.198306e+01,2.485038e+02,1.873938e-03,-5.886400e+00
1.198306e+01,2.346870e+02,1.647513e-03,-4.893700e+00
1.198306e+01,2.176575e+02,1.423105e-03,-3.932300e+00
1.198306e+01,1.965820e+02,1.209062e-03,-3.031800e+00
1.198306e+01,1.699620e+02,1.011593e-03,-2.204800e+00
1.198306e+01,1.345458e+02,8.341310e-04,-1.463900e+00
1.198306e+01,7.931558e+01,6.533985e-04,-7.035000e-01
1.299170e+01,8.954396e+01,6.472147e-04,-7.120000e-01
1.299170e+01,1.518965e+02,8.262368e-04,-1.473100e+00
1.299170e+01,1.918799e+02,1.002019e-03,-2.228500e+00
1.299170e+01,2.219328e+02,1.197619e-03,-3.060300e+00
1.299170e+01,2.457262e+02,1.409637e-03,-3.976400e+00
1.299170e+01,2.649518e+02,1.631921e-03,-4.946800e+00
1.299170e+01,2.805503e+02,1.856203e-03,-5.956000e+00
1.299170e+01,2.931014e+02,2.072568e-03,-6.926200e+00
1.299170e+01,3.029840e+02,2.270135e-03,-7.838400e+00
1.299170e+01,3.104530e+02,2.437958e-03,-8.607200e+00
1.299170e+01,3.156799e+02,2.566049e-03,-9.230100e+00
1.299170e+01,3.187749e+02,2.646383e-03,-9.607200e+00
1.299170e+01,3.197999e+02,2.673761e-03,-9.736200e+00
1.299170e+01,3.187749e+02,2.646383e-03,-9.607200e+00
1.299170e+01,3.156799e+02,2.566049e-03,-9.230100e+00
1.299170e+01,3.104530e+02,2.437958e-03,-8.607200e+00
1.299170e+01,3.029840e+02,2.270135e-03,-7.838400e+00
1.299170e+01,2.931014e+02,2.072568e-03,-6.926200e+00
1.299170e+01,2.805503e+02,1.856203e-03,-5.956000e+00
1.299170e+01,2.649518e+02,1.631921e-03,-4.946800e+00
1.299170e+01,2.457262e+02,1.409637e-03,-3.976400e+00
1.299170e+01,2.219328e+02,1.197619e-03,-3.060300e+00
1.299170e+01,1.918799e+02,1.002019e-03,-2.228500e+00
1.299170e+01,1.518965e+02,8.262368e-04,-1.473100e+00
1.299170e+01,8.954396e+01,6.472147e-04,-7.120000e-01
1.406422e+01,1.011975e+02,6.404558e-04,-7.183000e-01
1.406422e+01,1.716649e+02,8.176082e-04,-1.504200e+00
1.406422e+01,2.168519e+02,9.915549e-04,-2.276100e+00
1.406422e+01,2.508160e+02,1.185112e-03,-3.129100e+00
1.406422e+01,2.777059e+02,1.394916e-03,-4.065500e+00
1.406422e+01,2.994336e+02,1.614878e-03,-5.051500e+00
1.406422e+01,3.170622e+02,1.836818e-03,-6.082200e+00
1.406422e+01,3.312467e+02,2.050924e-03,-7.083500e+00
1.406422e+01,3.424155e+02,2.246427e-03,-8.010500e+00
1.406422e+01,3.508566e+02,2.412498e-03,-8.823600e+00
1.406422e+01,3.567637e+02,2.539251e-03,-9.442200e+00
1.406422e+01,3.602614e+02,2.618746e-03,-9.817800e+00
1.406422e+01,3.614198e+02,2.645838e-03,-9.946300e+00
1.406422e+01,3.602614e+02,2.618746e-03,-9.817800e+00
1.406422e+01,3.567637e+02,2.539251e-03,-9.442200e+00
1.406422e+01,3.508566e+02,2.412498e-03,-8.823600e+00
1.406422e+01,3.424155e+02,2.246427e-03,-8.010500e+00
1.406422e+01,3.312467e+02,2.050924e-03,-7.083500e+00
1.406422e+01,3.170622e+02,1.836818e-03,-6.082200e+00
1.406422e+01,2.994336e+02,1.614878e-03,-5.051500e+00
1.406422e+01,2.777059e+02,1.394916e-03,-4.065500e+00
1.406422e+01,2.508160e+02,1.185112e-03,-3.129100e+00
1.406422e+01,2.168519e+02,9.915549e-04,-2.276100e+00
1.406422e+01,1.716649e+02,8.176082e-04,-1.504200e+00
1.406422e+01,1.011975e+02,6.404558e-04,-7.183000e-01
1.520377e+01,1.144756e+02,6.327377e-04,-7.235000e-01
1.520377e+01,1.941890e+02,8.077552e-04,-1.520100e+00
1.520377e+01,2.453049e+02,9.796057e-04,-2.305200e+00
1.520377e+01,2.837254e+02,1.170830e-03,-3.177800e+00
1.520377e+01,3.141436e+02,1.378106e-03,-4.123400e+00
1.520377e+01,3.387222e+02,1.595417e-03,-5.143500e+00
1.520377e+01,3.586638e+02,1.814683e-03,-6.187300e+00
1.520377e+01,3.747095e+02,2.026208e-03,-7.209500e+00
1.520377e+01,3.873437e+02,2.219356e-03,-8.144000e+00
1.520377e+01,3.968923e+02,2.383425e-03,-8.967200e+00
1.520377e+01,4.035744e+02,2.508650e-03,-9.601200e+00
1.520377e+01,4.075312e+02,2.587188e-03,-9.997700e+00
1.520377e+01,4.088415e+02,2.613953e-03,-1.012540e+01
1.520377e+01,4.075312e+02,2.587188e-03,-9.997700e+00
1.520377e+01,4.035744e+02,2.508650e-03,-9.601200e+00
1.520377e+01,3.968923e+02,2.383425e-03,-8.967200e+00
1.520377e+01,3.873437e+02,2.219356e-03,-8.144000e+00
1.520377e+01,3.747095e+02,2.026208e-03,-7.209500e+00
1.520377e+01,3.586638e+02,1.814683e-03,-6.187300e+00
1.520377e+01,3.387222e+02,1.595417e-03,-5.143500e+00
1.520377e+01,3.141436e+02,1.378106e-03,-4.123400e+00
1.520377e+01,2.837254e+02,1.170830e-03,-3.177800e+00
1.520377e+01,2.453049e+02,9.796057e-04,-2.305200e+00
1.520377e+01,1.941890e+02,8.077552e-04,-1.520100e+00
1.520377e+01,1.144756e+02,6.327377e-04,-7.235000e-01
1.641370e+01,1.295896e+02,6.238692e-04,-7.538000e-01
1.641370e+01,2.198274e+02,7.964337e-04,-1.581300e+00
1.641370e+01,2.776921e+02,9.658755e-04,-2.402100e+00
1.641370e+01,3.211852e+02,1.154420e-03,-3.300900e+00
1.641370e+01,3.556194e+02,1.358790e-03,-4.297400e+00
1.641370e+01,3.834431e+02,1.573056e-03,-5.343600e+00
1.641370e+01,4.060175e+02,1.789248e-03,-6.435200e+00
1.641370e+01,4.241817e+02,1.997808e-03,-7.497500e+00
1.641370e+01,4.384839e+02,2.188249e-03,-8.478200e+00
1.641370e+01,4.492933e+02,2.350019e-03,-9.329100e+00
1.641370e+01,4.568577e+02,2.473489e-03,-9.990800e+00
1.641370e+01,4.613368e+02,2.550925e-03,-1.039200e+01
1.641370e+01,4.628202e+02,2.577316e-03,-1.054420e+01
1.641370e+01,4.613368e+02,2.550925e-03,-1.039200e+01
1.641370e+01,4.568577e+02,2.473489e-03,-9.990800e+00
1.641370e+01,4.492933e+02,2.350019e-03,-9.329100e+00
1.641370e+01,4.384839e+02,2.188249e-03,-8.478200e+00
1.641370e+01,4.241817e+02,1.997808e-03,-7.497500e+00
1.641370e+01,4.060175e+02,1.789248e-03,-6.435200e+00
1.641370e+01,3.834431e+02,1.573056e-03,-5.343600e+00
1.641370e+01,3.556194e+02,1.358790e-03,-4.297400e+00
1.641370e+01,3.211852e+02,1.154420e-03,-3.300900e+00
1.641370e+01,2.776921e+02,9.658755e-04,-2.402100e+00
1.641370e+01,2.198274e+02,7.964337e-04,-1.581300e+00
1.641370e+01,1.295896e+02,6.238692e-04,-7.538000e-01
1.770001e+01,1.467628e+02,6.140522e-04,-7.704000e-01
1.770001e+01,2.489588e+02,7.839011e-04,-1.623000e+00
1.770001e+01,3.144917e+02,9.506766e-04,-2.462900e+00
1.770001e+01,3.637485e+02,1.136254e-03,-3.399100e+00
1.770001e+01,4.027459e+02,1.337408e-03,-4.419300e+00
1.770001e+01,4.342567e+02,1.548302e-03,-5.501600e+00
1.770001e+01,4.598227e+02,1.761093e-03,-6.625500e+00
1.770001e+01,4.803940e+02,1.966371e-03,-7.713700e+00
1.770001e+01,4.965916e+02,2.153815e-03,-8.743000e+00
1.770001e+01,5.088333e+02,2.313039e-03,-9.612000e+00
1.770001e+01,5.174002e+02,2.434566e-03,-1.027320e+01
1.770001e+01,5.224728e+02,2.510784e-03,-1.069540e+01
1.770001e+01,5.241528e+02,2.536759e-03,-1.084670e+01
1.770001e+01,5.224728e+02,2.510784e-03,-1.069540e+01
1.770001e+01,5.174002e+02,2.434566e-03,-1.027320e+01
1.770001e+01,5.088333e+02,2.313039e-03,-9.612000e+00
1.770001e+01,4.965916e+02,2.153815e-03,-8.743000e+00
1.770001e+01,4.803940e+02,1.966371e-03,-7.713700e+00
1.770001e+01,4.598227e+02,1.761093e-03,-6.625500e+00
1.770001e+01,4.342567e+02,1.548302e-03,-5.501600e+00
1.770001e+01,4.027459e+02,1.337408e-03,-4.419300e+00
1.770001e+01,3.637485e+02,1.136254e-03,-3.399100e+00
1.770001e+01,3.144917e+02,9.506766e-04,-2.462900e+00
1.770001e+01,2.489588e+02,7.839011e-04,-1.623000e+00
1.770001e+01,1.467628e+02,6.140522e-04,-7.704000e-01
1.906611e+01,1.662436e+02,6.031599e-04,-7.707000e-01
1.906611e+01,2.820048e+02,7.699958e-04,-1.632600e+00
1.906611e+01,3.562363e+02,9.338129e-04,-2.482300e+00
1.906611e+01,4.120313e+02,1.116098e-03,-3.421800e+00
1.906611e+01,4.562051e+02,1.313685e-03,-4.448600e+00
1.906611e+01,4.918986e+02,1.520838e-03,-5.549300e+00
1.906611e+01,5.208582e+02,1.729853e-03,-6.677800e+00
1.906611e+01,5.441600e+02,1.931490e-03,-7.780000e+00
1.906611e+01,5.625076e+02,2.115609e-03,-8.814500e+00
1.906611e+01,5.763743e+02,2.272009e-03,-9.681200e+00
1.906611e+01,5.860783e+02,2.391380e-03,-1.036380e+01
1.906611e+01,5.918243e+02,2.466246e-03,-1.079580e+01
1.906611e+01,5.937272e+02,2.491761e-03,-1.094360e+01
1.906611e+01,5.918243e+02,2.466246e-03,-1.079580e+01
1.906611e+01,5.860783e+02,2.391380e-03,-1.036380e+01
1.906611e+01,5.763743e+02,2.272009e-03,-9.681200e+00
1.906611e+01,5.625076e+02,2.115609e-03,-8.814500e+00
1.906611e+01,5.441600e+02,1.931490e-03,-7.780000e+00
1.906611e+01,5.208582e+02,1.729853e-03,-6.677800e+00
1.906611e+01,4.918986e+02,1.520838e-03,-5.549300e+00
1.906611e+01,4.562051e+02,1.313685e-03,-4.448600e+00
1.906611e+01,4.120313e+02,1.116098e-03,-3.421800e+00
1.906611e+01,3.562363e+02,9.338129e-04,-2.482300e+00
1.906611e+01,2.820048e+02,7.699958e-04,-1.632600e+00
1.906611e+01,1.662436e+02,6.031599e-04,-7.707000e-01
2.050528e+01,1.882731e+02,5.903720e-04,-7.693000e-01
2.050528e+01,3.193741e+02,7.536706e-04,-1.632200e+00
2.050528e+01,4.034423e+02,9.140146e-04,-2.485400e+00
2.050528e+01,4.666308e+02,1.092435e-03,-3.431700e+00
2.050528e+01,5.166582e+02,1.285832e-03,-4.463600e+00
2.050528e+01,5.570816e+02,1.488593e-03,-5.560800e+00
2.050528e+01,5.898787e+02,1.693178e-03,-6.694100e+00
2.050528e+01,6.162683e+02,1.890540e-03,-7.799000e+00
2.050528e+01,6.370472e+02,2.070755e-03,-8.829400e+00
2.050528e+01,6.527514e+02,2.223838e-03,-9.716700e+00
2.050528e+01,6.637412e+02,2.340679e-03,-1.039680e+01
2.050528e+01,6.702487e+02,2.413958e-03,-1.081760e+01
2.050528e+01,6.724038e+02,2.438931e-03,-1.096160e+01
2.050528e+01,6.702487e+02,2.413958e-03,-1.081760e+01
2.050528e+01,6.637412e+02,2.340679e-03,-1.039680e+01
2.050528e+01,6.527514e+02,2.223838e-03,-9.716700e+00
2.050528e+01,6.370472e+02,2.070755e-03,-8.829400e+00
2.050528e+01,6.162683e+02,1.890540e-03,-7.799000e+00
2.050528e+01,5.898787e+02,1.693178e-03,-6.694100e+00
2.050528e+01,5.570816e+02,1.488593e-03,-5.560800e+00
2.050528e+01,5.166582e+02,1.285832e-03,-4.463600e+00
2.050528e+01,4.666308e+02,1.092435e-03,-3.431700e+00
2.050528e+01,4.034423e+02,9.140146e-04,-2.485400e+00
2.050528e+01,3.193741e+02,7.536706e-04,-1.632200e+00
2.050528e+01,1.882731e+02,5.903720e-04,-7.693000e-01
2.202497e+01,2.130889e+02,5.763650e-04,-7.772000e-01
2.202497e+01,3.614700e+02,7.357890e-04,-1.650800e+00
2.202497e+01,4.566190e+02,8.923285e-04,-2.520500e+00
2.202497e+01,5.281362e+02,1.066516e-03,-3.471300e+00
2.202497e+01,5.847576e+02,1.255325e-03,-4.519600e+00
2.202497e+01,6.305091e+02,1.453275e-03,-5.637700e+00
2.202497e+01,6.676291e+02,1.653005e-03,-6.783500e+00
2.202497e+01,6.974970e+02,1.845684e-03,-7.898800e+00
2.202497e+01,7.210147e+02,2.021623e-03,-8.945600e+00
2.202497e+01,7.387889e+02,2.171075e-03,-9.843300e+00
2.202497e+01,7.512273e+02,2.285143e-03,-1.052620e+01
2.202497e+01,7.585924e+02,2.356683e-03,-1.096950e+01
2.202497e+01,7.610316e+02,2.381065e-03,-1.111170e+01
2.202497e+01,7.585924e+02,2.356683e-03,-1.096950e+01
2.202497e+01,7.512273e+02,2.285143e-03,-1.052620e+01
2.202497e+01,7.387889e+02,2.171075e-03,-9.843300e+00
2.202497e+01,7.210147e+02,2.021623e-03,-8.945600e+00
2.202497e+01,6.974970e+02,1.845684e-03,-7.898800e+00
2.202497e+01,6.676291e+02,1.653005e-03,-6.783500e+00
2.202497e+01,6.305091e+02,1.453275e-03,-5.637700e+00
2.202497e+01,5.847576e+02,1.255325e-03,-4.519600e+00
2.202497e+01,5.281362e+02,1.066516e-03,-3.471300e+00
2.202497e+01,4.566190e+02,8.923285e-04,-2.520500e+00
2.202497e+01,3.614700e+02,7.357890e-04,-1.650800e+00
2.202497e+01,2.130889e+02,5.763650e-04,-7.772000e-01
2.360887e+01,2.409358e+02,5.599741e-04,-7.824000e-01
2.360887e+01,4.087076e+02,7.148642e-04,-1.667600e+00
2.360887e+01,5.162909e+02,8.669520e-04,-2.539200e+00
2.360887e+01,5.971542e+02,1.036186e-03,-3.502800e+00
2.360887e+01,6.611750e+02,1.219625e-03,-4.558400e+00
2.360887e+01,7.129053e+02,1.411945e-03,-5.686900e+00
2.360887e+01,7.548762e+02,1.605996e-03,-6.844900e+00
2.360887e+01,7.886474e+02,1.793195e-03,-7.982600e+00
2.360887e+01,8.152384e+02,1.964131e-03,-9.027900e+00
2.360887e+01,8.353353e+02,2.109333e-03,-9.929900e+00
2.360887e+01,8.493992e+02,2.220157e-03,-1.062420e+01
2.360887e+01,8.577269e+02,2.289662e-03,-1.107110e+01
2.360887e+01,8.604848e+02,2.313350e-03,-1.121130e+01
2.360887e+01,8.577269e+02,2.289662e-03,-1.107110e+01
2.360887e+01,8.493992e+02,2.220157e-03,-1.062420e+01
2.360887e+01,8.353353e+02,2.109333e-03,-9.929900e+00
2.360887e+01,8.152384e+02,1.964131e-03,-9.027900e+00
2.360887e+01,7.886474e+02,1.793195e-03,-7.982600e+00
2.360887e+01,7.548762e+02,1.605996e-03,-6.844900e+00
2.360887e+01,7.129053e+02,1.411945e-03,-5.686900e+00
2.360887e+01,6.611750e+02,1.219625e-03,-4.558400e+00
2.360887e+01,5.971542e+02,1.036186e-03,-3.502800e+00
2.360887e+01,5.162909e+02,8.669520e-04,-2.539200e+00
2.360887e+01,4.087076e+02,7.148642e-04,-1.667600e+00
2.360887e+01,2.409358e+02,5.599741e-04,-7.824000e-01
2.525719e+01,2.720047e+02,5.417652e-04,-7.817000e-01
2.525719e+01,4.614110e+02,6.916183e-04,-1.666700e+00
2.525719e+01,5.828673e+02,8.387605e-04,-2.545100e+00
2.525719e+01,6.741580e+02,1.002491e-03,-3.509300e+00
2.525719e+01,7.464343e+02,1.179965e-03,-4.566000e+00
2.525719e+01,8.048354e+02,1.366032e-03,-5.699000e+00
2.525719e+01,8.522185e+02,1.553772e-03,-6.856200e+00
2.525719e+01,8.903445e+02,1.734884e-03,-7.992700e+00
2.525719e+01,9.203645e+02,1.900261e-03,-9.045900e+00
2.525719e+01,9.430529e+02,2.040741e-03,-9.954200e+00
2.525719e+01,9.589304e+02,2.147962e-03,-1.065240e+01
2.525719e+01,9.683319e+02,2.215207e-03,-1.108730e+01
2.525719e+01,9.714455e+02,2.238125e-03,-1.123620e+01
2.525719e+01,9.683319e+02,2.215207e-03,-1.108730e+01
2.525719e+01,9.589304e+02,2.147962e-03,-1.065240e+01
2.525719e+01,9.430529e+02,2.040741e-03,-9.954200e+00
2.525719e+01,9.203645e+02,1.900261e-03,-9.045900e+00
2.525719e+01,8.903445e+02,1.734884e-03,-7.992700e+00
2.525719e+01,8.522185e+02,1.553772e-03,-6.856200e+00
2.525719e+01,8.048354e+02,1.366032e-03,-5.699000e+00
2.525719e+01,7.464343e+02,1.179965e-03,-4.566000e+00
2.525719e+01,6.741580e+02,1.002491e-03,-3.509300e+00
2.525719e+01,5.828673e+02,8.387605e-04,-2.545100e+00
2.525719e+01,4.614110e+02,6.916183e-04,-1.666700e+00
2.525719e+01,2.720047e+02,5.417652e-04,-7.817000e-01
2.671291e+01,3.064448e+02,5.075156e-04,-7.675000e-01
2.671291e+01,5.198329e+02,6.478950e-04,-1.643200e+00
2.671291e+01,6.566674e+02,7.857350e-04,-2.508100e+00
2.671291e+01,7.595169e+02,9.391147e-04,-3.461000e+00
2.671291e+01,8.409446e+02,1.105369e-03,-4.502400e+00
2.671291e+01,9.067401e+02,1.279673e-03,-5.616800e+00
2.671291e+01,9.601227e+02,1.455544e-03,-6.757900e+00
2.671291e+01,1.003076e+03,1.625207e-03,-7.879700e+00
2.671291e+01,1.036897e+03,1.780129e-03,-8.919800e+00
2.671291e+01,1.062458e+03,1.911728e-03,-9.807200e+00
2.671291e+01,1.080346e+03,2.012170e-03,-1.049490e+01
2.671291e+01,1.090938e+03,2.075164e-03,-1.093210e+01
2.671291e+01,1.094446e+03,2.096633e-03,-1.107510e+01
2.671291e+01,1.090938e+03,2.075164e-03,-1.093210e+01
2.671291e+01,1.080346e+03,2.012170e-03,-1.049490e+01
2.671291e+01,1.062458e+03,1.911728e-03,-9.807200e+00
2.671291e+01,1.036897e+03,1.780129e-03,-8.919800e+00
2.671291e+01,1.003076e+03,1.625207e-03,-7.879700e+00
2.671291e+01,9.601227e+02,1.455544e-03,-6.757900e+00
2.671291e+01,9.067401e+02,1.279673e-03,-5.616800e+00
2.671291e+01,8.409446e+02,1.105369e-03,-4.502400e+00
2.671291e+01,7.595169e+02,9.391147e-04,-3.461000e+00
2.671291e+01,6.566674e+02,7.857350e-04,-2.508100e+00
2.671291e+01,5.198329e+02,6.478950e-04,-1.643200e+00
2.671291e+01,3.064448e+02,5.075156e-04,-7.675000e-01
2.226585e+01,3.101956e+02,2.613194e-04,-4.983000e-01
2.226585e+01,5.261955e+02,3.336007e-04,-1.065200e+00
2.226585e+01,6.647049e+02,4.045744e-04,-1.626800e+00
2.226585e+01,7.688132e+02,4.835496e-04,-2.244100e+00
2.226585e+01,8.512376e+02,5.691538e-04,-2.919400e+00
2.226585e+01,9.178384e+02,6.589027e-04,-3.642800e+00
2.226585e+01,9.718744e+02,7.494587e-04,-4.384600e+00
2.226585e+01,1.015353e+03,8.368180e-04,-5.110100e+00
2.226585e+01,1.049588e+03,9.165873e-04,-5.788400e+00
2.226585e+01,1.075462e+03,9.843474e-04,-6.363000e+00
2.226585e+01,1.093569e+03,1.036065e-03,-6.814500e+00
2.226585e+01,1.104291e+03,1.068501e-03,-7.091500e+00
2.226585e+01,1.107841e+03,1.079555e-03,-7.190500e+00
2.226585e+01,1.104291e+03,1.068501e-03,-7.091500e+00
2.226585e+01,1.093569e+03,1.036065e-03,-6.814500e+00
2.226585e+01,1.075462e+03,9.843474e-04,-6.363000e+00
2.226585e+01,1.049588e+03,9.165873e-04,-5.788400e+00
2.226585e+01,1.015353e+03,8.368180e-04,-5.110100e+00
2.226585e+01,9.718744e+02,7.494587e-04,-4.384600e+00
2.226585e+01,9.178384e+02,6.589027e-04,-3.642800e+00
2.226585e+01,8.512376e+02,5.691538e-04,-2.919400e+00
2.226585e+01,7.688132e+02,4.835496e-04,-2.244100e+00
2.226585e+01,6.647049e+02,4.045744e-04,-1.626800e+00
2.226585e+01,5.261955e+02,3.336007e-04,-1.065200e+00
2.226585e+01,3.101956e+02,2.613194e-04,-4.983000e-01
1.780594e+01,2.873405e+02,1.311375e-04,-3.088000e-01
1.780594e+01,4.874256e+02,1.674105e-04,-6.594000e-01
1.780594e+01,6.157296e+02,2.030272e-04,-1.007100e+00
1.780594e+01,7.121672e+02,2.426593e-04,-1.388300e+00
1.780594e+01,7.885186e+02,2.856180e-04,-1.808400e+00
1.780594e+01,8.502123e+02,3.306566e-04,-2.253500e+00
1.780594e+01,9.002669e+02,3.761003e-04,-2.712300e+00
1.780594e+01,9.405424e+02,4.199397e-04,-3.165000e+00
1.780594e+01,9.722550e+02,4.599703e-04,-3.579900e+00
1.780594e+01,9.962226e+02,4.939743e-04,-3.938600e+00
1.780594e+01,1.012995e+03,5.199278e-04,-4.215800e+00
1.780594e+01,1.022927e+03,5.362049e-04,-4.390300e+00
1.780594e+01,1.026216e+03,5.417522e-04,-4.448600e+00
1.780594e+01,1.022927e+03,5.362049e-04,-4.390300e+00
1.780594e+01,1.012995e+03,5.199278e-04,-4.215800e+00
1.780594e+01,9.962226e+02,4.939743e-04,-3.938600e+00
1.780594e+01,9.722550e+02,4.599703e-04,-3.579900e+00
1.780594e+01,9.405424e+02,4.199397e-04,-3.165000e+00
1.780594e+01,9.002669e+02,3.761003e-04,-2.712300e+00
1.780594e+01,8.502123e+02,3.306566e-04,-2.253500e+00
1.780594e+01,7.885186e+02,2.856180e-04,-1.808400e+00
1.780594e+01,7.121672e+02,2.426593e-04,-1.388300e+00
1.780594e+01,6.157296e+02,2.030272e-04,-1.007100e+00
1.780594e+01,4.874256e+02,1.674105e-04,-6.594000e-01
1.780594e+01,2.873405e+02,1.311375e-04,-3.088000e-01
1.113934e+01,2.665997e+02,3.170923e-05,-1.159000e-01
1.113934e+01,4.522423e+02,4.048011e-05,-2.467000e-01
1.113934e+01,5.712851e+02,4.909229e-05,-3.762000e-01
1.113934e+01,6.607618e+02,5.867538e-05,-5.193000e-01
1.113934e+01,7.316019e+02,6.906286e-05,-6.758000e-01
1.113934e+01,7.888425e+02,7.995327e-05,-8.424000e-01
1.113934e+01,8.352841e+02,9.094162e-05,-1.013300e+00
1.113934e+01,8.726524e+02,1.015421e-04,-1.182400e+00
1.113934e+01,9.020759e+02,1.112215e-04,-1.337600e+00
1.113934e+01,9.243135e+02,1.194438e-04,-1.471200e+00
1.113934e+01,9.398755e+02,1.257193e-04,-1.575000e+00
1.113934e+01,9.490901e+02,1.296552e-04,-1.639700e+00
1.113934e+01,9.521419e+02,1.309965e-04,-1.661900e+00
1.113934e+01,9.490901e+02,1.296552e-04,-1.639700e+00
1.113934e+01,9.398755e+02,1.257193e-04,-1.575000e+00
1.113934e+01,9.243135e+02,1.194438e-04,-1.471200e+00
1.113934e+01,9.020759e+02,1.112215e-04,-1.337600e+00
1.113934e+01,8.726524e+02,1.015421e-04,-1.182400e+00
1.113934e+01,8.352841e+02,9.094162e-05,-1.013300e+00
1.113934e+01,7.888425e+02,7.995327e-05,-8.424000e-01
1.113934e+01,7.316019e+02,6.906286e-05,-6.758000e-01
1.113934e+01,6.607618e+02,5.867538e-05,-5.193000e-01
1.113934e+01,5.712851e+02,4.909229e-05,-3.762000e-01
1.113934e+01,4.522423e+02,4.048011e-05,-2.467000e-01
1.113934e+01,2.665997e+02,3.170923e-05,-1.159000e-01
9.486440e-01,2.570460e+02,1.949514e-08,-2.000000e-04
9.486440e-01,4.360360e+02,2.488757e-08,-3.000000e-04
9.486440e-01,5.508128e+02,3.018242e-08,-5.000000e-04
9.486440e-01,6.370830e+02,3.607420e-08,-6.000000e-04
9.486440e-01,7.053845e+02,4.246053e-08,-9.000000e-04
9.486440e-01,7.605739e+02,4.915606e-08,-1.100000e-03
9.486440e-01,8.053512e+02,5.591181e-08,-1.300000e-03
9.486440e-01,8.413804e+02,6.242906e-08,-1.600000e-03
9.486440e-01,8.697495e+02,6.838009e-08,-1.700000e-03
9.486440e-01,8.911902e+02,7.343520e-08,-1.900000e-03
9.486440e-01,9.061945e+02,7.729349e-08,-2.100000e-03
9.486440e-01,9.150789e+02,7.971328e-08,-2.200000e-03
9.486440e-01,9.180213e+02,8.053796e-08,-2.200000e-03
9.486440e-01,9.150789e+02,7.971328e-08,-2.200000e-03
9.486440e-01,9.061945e+02,7.729349e-08,-2.100000e-03
9.486440e-01,8.911902e+02,7.343520e-08,-1.900000e-03
9.486440e-01,8.697495e+02,6.838009e-08,-1.700000e-03
9.486440e-01,8.413804e+02,6.242906e-08,-1.600000e-03
9.486440e-01,8.053512e+02,5.591181e-08,-1.300000e-03
9.486440e-01,7.605739e+02,4.915606e-08,-1.100000e-03
9.486440e-01,7.053845e+02,4.246053e-08,-9.000000e-04
9.486440e-01,6.370830e+02,3.607420e-08,-6.000000e-04
9.486440e-01,5.508128e+02,3.018242e-08,-5.000000e-04
9.486440e-01,4.360360e+02,2.488757e-08,-3.000000e-04
9.486440e-01,2.570460e+02,1.949514e-08,-2.000000e-04
1.860880e+00,2.879040e+01,7.864409e-03,-9.291300e+00
1.860880e+00,4.883815e+01,4.636119e-03,-8.280900e+00
1.860880e+00,6.169372e+01,3.670058e-03,-7.998000e+00
1.860880e+00,7.135640e+01,3.173079e-03,-7.778000e+00
1.860880e+00,7.900651e+01,2.865834e-03,-7.718100e+00
1.860880e+00,8.518798e+01,2.657881e-03,-7.640100e+00
1.860880e+00,9.020326e+01,2.510103e-03,-7.594700e+00
1.860880e+00,9.423871e+01,2.402617e-03,-7.559900e+00
1.860880e+00,9.741618e+01,2.324249e-03,-7.524100e+00
1.860880e+00,9.981764e+01,2.268331e-03,-7.548900e+00
1.860880e+00,1.014982e+02,2.230774e-03,-7.491100e+00
1.860880e+00,1.024933e+02,2.209115e-03,-7.485200e+00
1.860880e+00,1.028229e+02,2.202035e-03,-7.527900e+00
1.860880e+00,1.024933e+02,2.209115e-03,-7.485200e+00
1.860880e+00,1.014982e+02,2.230774e-03,-7.491100e+00
1.860880e+00,9.981764e+01,2.268331e-03,-7.548900e+00
1.860880e+00,9.741618e+01,2.324249e-03,-7.524100e+00
1.860880e+00,9.423871e+01,2.402617e-03,-7.559900e+00
1.860880e+00,9.020326e+01,2.510103e-03,-7.594700e+00
1.860880e+00,8.518798e+01,2.657881e-03,-7.640100e+00
1.860880e+00,7.900651e+01,2.865834e-03,-7.718100e+00
1.860880e+00,7.135640e+01,3.173079e-03,-7.778000e+00
1.860880e+00,6.169372e+01,3.670058e-03,-7.998000e+00
1.860880e+00,4.883815e+01,4.636119e-03,-8.280900e+00
1.860880e+00,2.879040e+01,7.864409e-03,-9.291300e+00
2.923439e+00,2.047528e+01,6.173898e-03,-5.598000e+00
2.923439e+00,3.473293e+01,3.639552e-03,-4.947200e+00
2.923439e+00,4.387561e+01,2.881152e-03,-4.698400e+00
2.923439e+00,5.074756e+01,2.491003e-03,-4.588200e+00
2.923439e+00,5.618819e+01,2.249802e-03,-4.483100e+00
2.923439e+00,6.058436e+01,2.086550e-03,-4.472600e+00
2.923439e+00,6.415115e+01,1.970539e-03,-4.402100e+00
2.923439e+00,6.702110e+01,1.886157e-03,-4.384300e+00
2.923439e+00,6.928087e+01,1.824635e-03,-4.351300e+00
2.923439e+00,7.098875e+01,1.780737e-03,-4.354100e+00
2.923439e+00,7.218393e+01,1.751253e-03,-4.334800e+00
2.923439e+00,7.289163e+01,1.734250e-03,-4.345100e+00
2.923439e+00,7.312601e+01,1.728691e-03,-4.331100e+00
2.923439e+00,7.289163e+01,1.734250e-03,-4.345100e+00
2.923439e+00,7.218393e+01,1.751253e-03,-4.334800e+00
2.923439e+00,7.098875e+01,1.780737e-03,-4.354100e+00
2.923439e+00,6.928087e+01,1.824635e-03,-4.351300e+00
2.923439e+00,6.702110e+01,1.886157e-03,-4.384300e+00
2.923439e+00,6.415115e+01,1.970539e-03,-4.402100e+00
2.923439e+00,6.058436e+01,2.086550e-03,-4.472600e+00
2.923439e+00,5.618819e+01,2.249802e-03,-4.483100e+00
2.923439e+00,5.074756e+01,2.491003e-03,-4.588200e+00
2.923439e+00,4.387561e+01,2.881152e-03,-4.698400e+00
2.923439e+00,3.473293e+01,3.639552e-03,-4.947200e+00
2.923439e+00,2.047528e+01,6.173898e-03,-5.598000e+00
3.802205e+00,2.253884e+01,5.929233e-03,-5.915100e+00
3.802205e+00,3.823341e+01,3.495320e-03,-5.068400e+00
3.802205e+00,4.829751e+01,2.766975e-03,-4.847000e+00
3.802205e+00,5.586203e+01,2.392287e-03,-4.768200e+00
3.802205e+00,6.185099e+01,2.160645e-03,-4.697600e+00
3.802205e+00,6.669022e+01,2.003862e-03,-4.659000e+00
3.802205e+00,7.061647e+01,1.892448e-03,-4.628300e+00
3.802205e+00,7.377567e+01,1.811411e-03,-4.594000e+00
3.802205e+00,7.626318e+01,1.752327e-03,-4.549800e+00
3.802205e+00,7.814319e+01,1.710168e-03,-4.543600e+00
3.802205e+00,7.945882e+01,1.681852e-03,-4.519000e+00
3.802205e+00,8.023785e+01,1.665523e-03,-4.525400e+00
3.802205e+00,8.049585e+01,1.660185e-03,-4.510800e+00
3.802205e+00,8.023785e+01,1.665523e-03,-4.525400e+00
3.802205e+00,7.945882e+01,1.681852e-03,-4.519000e+00
3.802205e+00,7.814319e+01,1.710168e-03,-4.543600e+00
3.802205e+00,7.626318e+01,1.752327e-03,-4.549800e+00
3.802205e+00,7.377567e+01,1.811411e-03,-4.594000e+00
3.802205e+00,7.061647e+01,1.892448e-03,-4.628300e+00
3.802205e+00,6.669022e+01,2.003862e-03,-4.659000e+00
3.802205e+00,6.185099e+01,2.160645e-03,-4.697600e+00
3.802205e+00,5.586203e+01,2.392287e-03,-4.768200e+00
3.802205e+00,4.829751e+01,2.766975e-03,-4.847000e+00
3.802205e+00,3.823341e+01,3.495320e-03,-5.068400e+00
3.802205e+00,2.253884e+01,5.929233e-03,-5.915100e+00
4.613169e+00,2.601645e+01,5.835627e-03,-6.353000e+00
4.613169e+00,4.413261e+01,3.440139e-03,-5.614200e+00
4.613169e+00,5.574954e+01,2.723292e-03,-5.430900e+00
4.613169e+00,6.448123e+01,2.354519e-03,-5.263800e+00
4.613169e+00,7.139425e+01,2.126534e-03,-5.203300e+00
4.613169e+00,7.698014e+01,1.972227e-03,-5.183000e+00
4.613169e+00,8.151219e+01,1.862572e-03,-5.176000e+00
4.613169e+00,8.515883e+01,1.782813e-03,-5.115600e+00
4.613169e+00,8.803015e+01,1.724662e-03,-5.104900e+00
4.613169e+00,9.020024e+01,1.683170e-03,-5.083700e+00
4.613169e+00,9.171887e+01,1.655301e-03,-5.099500e+00
4.613169e+00,9.261809e+01,1.639229e-03,-5.099500e+00
4.613169e+00,9.291590e+01,1.633975e-03,-5.083000e+00
4.613169e+00,9.261809e+01,1.639229e-03,-5.099500e+00
4.613169e+00,9.171887e+01,1.655301e-03,-5.099500e+00
4.613169e+00,9.020024e+01,1.683170e-03,-5.083700e+00
4.613169e+00,8.803015e+01,1.724662e-03,-5.104900e+00
4.613169e+00,8.515883e+01,1.782813e-03,-5.115600e+00
4.613169e+00,8.151219e+01,1.862572e-03,-5.176000e+00
4.613169e+00,7.698014e+01,1.972227e-03,-5.183000e+00
4.613169e+00,7.139425e+01,2.126534e-03,-5.203300e+00
4.613169e+00,6.448123e+01,2.354519e-03,-5.263800e+00
4.613169e+00,5.574954e+01,2.723292e-03,-5.430900e+00
4.613169e+00,4.413261e+01,3.440139e-03,-5.614200e+00
4.613169e+00,2.601645e+01,5.835627e-03,-6.353000e+00
5.386476e+00,2.989955e+01,5.782942e-03,-6.635900e+00
5.386476e+00,5.071963e+01,3.409081e-03,-5.962300e+00
5.386476e+00,6.407046e+01,2.698706e-03,-5.724500e+00
5.386476e+00,7.410539e+01,2.333263e-03,-5.617500e+00
5.386476e+00,8.205022e+01,2.107335e-03,-5.556300e+00
5.386476e+00,8.846983e+01,1.954421e-03,-5.488700e+00
5.386476e+00,9.367832e+01,1.845756e-03,-5.500900e+00
5.386476e+00,9.786924e+01,1.766718e-03,-5.467600e+00
5.386476e+00,1.011691e+02,1.709092e-03,-5.436000e+00
5.386476e+00,1.036631e+02,1.667974e-03,-5.448600e+00
5.386476e+00,1.054084e+02,1.640356e-03,-5.405200e+00
5.386476e+00,1.064418e+02,1.624430e-03,-5.399200e+00
5.386476e+00,1.067841e+02,1.619224e-03,-5.428400e+00
5.386476e+00,1.064418e+02,1.624430e-03,-5.399200e+00
5.386476e+00,1.054084e+02,1.640356e-03,-5.405200e+00
5.386476e+00,1.036631e+02,1.667974e-03,-5.448600e+00
5.386476e+00,1.011691e+02,1.709092e-03,-5.436000e+00
5.386476e+00,9.786924e+01,1.766718e-03,-5.467600e+00
5.386476e+00,9.367832e+01,1.845756e-03,-5.500900e+00
5.386476e+00,8.846983e+01,1.954421e-03,-5.488700e+00
5.386476e+00,8.205022e+01,2.107335e-03,-5.556300e+00
5.386476e+00,7.410539e+01,2.333263e-03,-5.617500e+00
5.386476e+00,6.407046e+01,2.698706e-03,-5.724500e+00
5.386476e+00,5.071963e+01,3.409081e-03,-5.962300e+00
5.386476e+00,2.989955e+01,5.782942e-03,-6.635900e+00
6.143543e+00,3.409228e+01,5.744772e-03,-6.456400e+00
6.143543e+00,5.783192e+01,3.386580e-03,-5.879400e+00
6.143543e+00,7.305490e+01,2.680894e-03,-5.679800e+00
6.143543e+00,8.449700e+01,2.317862e-03,-5.560800e+00
6.143543e+00,9.355591e+01,2.093426e-03,-5.556400e+00
6.143543e+00,1.008757e+02,1.941521e-03,-5.499700e+00
6.143543e+00,1.068146e+02,1.833573e-03,-5.474400e+00
6.143543e+00,1.115932e+02,1.755057e-03,-5.463800e+00
6.143543e+00,1.153558e+02,1.697811e-03,-5.415300e+00
6.143543e+00,1.181995e+02,1.656964e-03,-5.411800e+00
6.143543e+00,1.201896e+02,1.629529e-03,-5.405300e+00
6.143543e+00,1.213679e+02,1.613708e-03,-5.393900e+00
6.143543e+00,1.217582e+02,1.608536e-03,-5.417700e+00
6.143543e+00,1.213679e+02,1.613708e-03,-5.393900e+00
6.143543e+00,1.201896e+02,1.629529e-03,-5.405300e+00
6.143543e+00,1.181995e+02,1.656964e-03,-5.411800e+00
6.143543e+00,1.153558e+02,1.697811e-03,-5.415300e+00
6.143543e+00,1.115932e+02,1.755057e-03,-5.463800e+00
6.143543e+00,1.068146e+02,1.833573e-03,-5.474400e+00
6.143543e+00,1.008757e+02,1.941521e-03,-5.499700e+00
6.143543e+00,9.355591e+01,2.093426e-03,-5.556400e+00
6.143543e+00,8.449700e+01,2.317862e-03,-5.560800e+00
6.143543e+00,7.305490e+01,2.680894e-03,-5.679800e+00
6.143543e+00,5.783192e+01,3.386580e-03,-5.879400e+00
6.143543e+00,3.409228e+01,5.744772e-03,-6.456400e+00
6.900059e+00,3.864687e+01,5.711507e-03,-6.271200e+00
6.900059e+00,6.555802e+01,3.366969e-03,-5.731500e+00
6.900059e+00,8.281471e+01,2.665370e-03,-5.551100e+00
6.900059e+00,9.578544e+01,2.304440e-03,-5.469700e+00
6.900059e+00,1.060546e+02,2.081304e-03,-5.405700e+00
6.900059e+00,1.143523e+02,1.930279e-03,-5.358800e+00
6.900059e+00,1.210846e+02,1.822956e-03,-5.346400e+00
6.900059e+00,1.265016e+02,1.744894e-03,-5.351700e+00
6.900059e+00,1.307669e+02,1.687980e-03,-5.328200e+00
6.900059e+00,1.339905e+02,1.647370e-03,-5.310500e+00
6.900059e+00,1.362464e+02,1.620094e-03,-5.295000e+00
6.900059e+00,1.375821e+02,1.604364e-03,-5.315500e+00
6.900059e+00,1.380245e+02,1.599222e-03,-5.298300e+00
6.900059e+00,1.375821e+02,1.604364e-03,-5.315500e+00
6.900059e+00,1.362464e+02,1.620094e-03,-5.295000e+00
6.900059e+00,1.339905e+02,1.647370e-03,-5.310500e+00
6.900059e+00,1.307669e+02,1.687980e-03,-5.328200e+00
6.900059e+00,1.265016e+02,1.744894e-03,-5.351700e+00
6.900059e+00,1.210846e+02,1.822956e-03,-5.346400e+00
6.900059e+00,1.143523e+02,1.930279e-03,-5.358800e+00
6.900059e+00,1.060546e+02,2.081304e-03,-5.405700e+00
6.900059e+00,9.578544e+01,2.304440e-03,-5.469700e+00
6.900059e+00,8.281471e+01,2.665370e-03,-5.551100e+00
6.900059e+00,6.555802e+01,3.366969e-03,-5.731500e+00
6.900059e+00,3.864687e+01,5.711507e-03,-6.271200e+00
7.668102e+00,4.364916e+01,5.679296e-03,-6.003100e+00
7.668102e+00,7.404358e+01,3.347981e-03,-5.502800e+00
7.668102e+00,9.353391e+01,2.650338e-03,-5.392600e+00
7.668102e+00,1.081835e+02,2.291444e-03,-5.289300e+00
7.668102e+00,1.197818e+02,2.069566e-03,-5.262600e+00
7.668102e+00,1.291536e+02,1.919393e-03,-5.218400e+00
7.668102e+00,1.367573e+02,1.812675e-03,-5.211600e+00
7.668102e+00,1.428754e+02,1.735054e-03,-5.191900e+00
7.668102e+00,1.476928e+02,1.678460e-03,-5.186600e+00
7.668102e+00,1.513336e+02,1.638079e-03,-5.157800e+00
7.668102e+00,1.538815e+02,1.610957e-03,-5.166800e+00
7.668102e+00,1.553902e+02,1.595316e-03,-5.147800e+00
7.668102e+00,1.558898e+02,1.590203e-03,-5.162500e+00
7.668102e+00,1.553902e+02,1.595316e-03,-5.147800e+00
7.668102e+00,1.538815e+02,1.610957e-03,-5.166800e+00
7.668102e+00,1.513336e+02,1.638079e-03,-5.157800e+00
7.668102e+00,1.476928e+02,1.678460e-03,-5.186600e+00
7.668102e+00,1.428754e+02,1.735054e-03,-5.191900e+00
7.668102e+00,1.367573e+02,1.812675e-03,-5.211600e+00
7.668102e+00,1.291536e+02,1.919393e-03,-5.218400e+00
7.668102e+00,1.197818e+02,2.069566e-03,-5.262600e+00
7.668102e+00,1.081835e+02,2.291444e-03,-5.289300e+00
7.668102e+00,9.353391e+01,2.650338e-03,-5.392600e+00
7.668102e+00,7.404358e+01,3.347981e-03,-5.502800e+00
7.668102e+00,4.364916e+01,5.679296e-03,-6.003100e+00
8.457334e+00,4.919994e+01,5.645775e-03,-5.979700e+00
8.457334e+00,8.345956e+01,3.328220e-03,-5.554600e+00
8.457334e+00,1.054284e+02,2.634695e-03,-5.436400e+00
8.457334e+00,1.219410e+02,2.277919e-03,-5.394600e+00
8.457334e+00,1.350143e+02,2.057351e-03,-5.351700e+00
8.457334e+00,1.455778e+02,1.908064e-03,-5.339600e+00
8.457334e+00,1.541484e+02,1.801976e-03,-5.301100e+00
8.457334e+00,1.610446e+02,1.724813e-03,-5.290500e+00
8.457334e+00,1.664746e+02,1.668554e-03,-5.267400e+00
8.457334e+00,1.705785e+02,1.628411e-03,-5.286700e+00
8.457334e+00,1.734503e+02,1.601448e-03,-5.256400e+00
8.457334e+00,1.751509e+02,1.585900e-03,-5.262300e+00
8.457334e+00,1.757141e+02,1.580817e-03,-5.273800e+00
8.457334e+00,1.751509e+02,1.585900e-03,-5.262300e+00
8.457334e+00,1.734503e+02,1.601448e-03,-5.256400e+00
8.457334e+00,1.705785e+02,1.628411e-03,-5.286700e+00
8.457334e+00,1.664746e+02,1.668554e-03,-5.267400e+00
8.457334e+00,1.610446e+02,1.724813e-03,-5.290500e+00
8.457334e+00,1.541484e+02,1.801976e-03,-5.301100e+00
8.457334e+00,1.455778e+02,1.908064e-03,-5.339600e+00
8.457334e+00,1.350143e+02,2.057351e-03,-5.351700e+00
8.457334e+00,1.219410e+02,2.277919e-03,-5.394600e+00
8.457334e+00,1.054284e+02,2.634695e-03,-5.436400e+00
8.457334e+00,8.345956e+01,3.328220e-03,-5.554600e+00
8.457334e+00,4.919994e+01,5.645775e-03,-5.979700e+00
9.276325e+00,5.541140e+01,5.610000e-03,-5.931800e+00
9.276325e+00,9.399627e+01,3.307131e-03,-5.593200e+00
9.276325e+00,1.187387e+02,2.618000e-03,-5.491200e+00
9.276325e+00,1.373360e+02,2.263485e-03,-5.409500e+00
9.276325e+00,1.520597e+02,2.044315e-03,-5.383800e+00
9.276325e+00,1.639569e+02,1.895974e-03,-5.362700e+00
9.276325e+00,1.736095e+02,1.790558e-03,-5.355400e+00
9.276325e+00,1.813764e+02,1.713883e-03,-5.320800e+00
9.276325e+00,1.874919e+02,1.657981e-03,-5.308900e+00
9.276325e+00,1.921139e+02,1.618092e-03,-5.312500e+00
9.276325e+00,1.953483e+02,1.591301e-03,-5.302100e+00
9.276325e+00,1.972636e+02,1.575851e-03,-5.301800e+00
9.276325e+00,1.978978e+02,1.570800e-03,-5.310300e+00
9.276325e+00,1.972636e+02,1.575851e-03,-5.301800e+00
9.276325e+00,1.953483e+02,1.591301e-03,-5.302100e+00
9.276325e+00,1.921139e+02,1.618092e-03,-5.312500e+00
9.276325e+00,1.874919e+02,1.657981e-03,-5.308900e+00
9.276325e+00,1.813764e+02,1.713883e-03,-5.320800e+00
9.276325e+00,1.736095e+02,1.790558e-03,-5.355400e+00
9.276325e+00,1.639569e+02,1.895974e-03,-5.362700e+00
9.276325e+00,1.520597e+02,2.044315e-03,-5.383800e+00
9.276325e+00,1.373360e+02,2.263485e-03,-5.409500e+00
9.276325e+00,1.187387e+02,2.618000e-03,-5.491200e+00
9.276325e+00,9.399627e+01,3.307131e-03,-5.593200e+00
9.276325e+00,5.541140e+01,5.610000e-03,-5.931800e+00
1.013246e+01,6.240759e+01,5.570774e-03,-5.857000e+00
1.013246e+01,1.058642e+02,3.284007e-03,-5.561000e+00
1.013246e+01,1.337305e+02,2.599695e-03,-5.463900e+00
1.013246e+01,1.546759e+02,2.247659e-03,-5.412400e+00
1.013246e+01,1.712587e+02,2.030020e-03,-5.361900e+00
1.013246e+01,1.846579e+02,1.882717e-03,-5.357100e+00
1.013246e+01,1.955293e+02,1.778038e-03,-5.344400e+00
1.013246e+01,2.042768e+02,1.701900e-03,-5.314000e+00
1.013246e+01,2.111644e+02,1.646388e-03,-5.308600e+00
1.013246e+01,2.163700e+02,1.606778e-03,-5.298000e+00
1.013246e+01,2.200128e+02,1.580174e-03,-5.302500e+00
1.013246e+01,2.221699e+02,1.564832e-03,-5.296500e+00
1.013246e+01,2.228842e+02,1.559817e-03,-5.302300e+00
1.013246e+01,2.221699e+02,1.564832e-03,-5.296500e+00
1.013246e+01,2.200128e+02,1.580174e-03,-5.302500e+00
1.013246e+01,2.163700e+02,1.606778e-03,-5.298000e+00
1.013246e+01,2.111644e+02,1.646388e-03,-5.308600e+00
1.013246e+01,2.042768e+02,1.701900e-03,-5.314000e+00
1.013246e+01,1.955293e+02,1.778038e-03,-5.344400e+00
1.013246e+01,1.846579e+02,1.882717e-03,-5.357100e+00
1.013246e+01,1.712587e+02,2.030020e-03,-5.361900e+00
1.013246e+01,1.546759e+02,2.247659e-03,-5.412400e+00
1.013246e+01,1.337305e+02,2.599695e-03,-5.463900e+00
1.013246e+01,1.058642e+02,3.284007e-03,-5.561000e+00
1.013246e+01,6.240759e+01,5.570774e-03,-5.857000e+00
1.103262e+01,7.032539e+01,5.527328e-03,-5.926300e+00
1.103262e+01,1.192954e+02,3.258395e-03,-5.631600e+00
1.103262e+01,1.506973e+02,2.579420e-03,-5.563100e+00
1.103262e+01,1.743000e+02,2.230129e-03,-5.496300e+00
1.103262e+01,1.929867e+02,2.014188e-03,-5.476200e+00
1.103262e+01,2.080860e+02,1.868033e-03,-5.453800e+00
1.103262e+01,2.203366e+02,1.764171e-03,-5.433800e+00
1.103262e+01,2.301939e+02,1.688627e-03,-5.427000e+00
1.103262e+01,2.379554e+02,1.633548e-03,-5.424800e+00
1.103262e+01,2.438214e+02,1.594247e-03,-5.422200e+00
1.103262e+01,2.479264e+02,1.567850e-03,-5.416400e+00
1.103262e+01,2.503571e+02,1.552628e-03,-5.405300e+00
1.103262e+01,2.511621e+02,1.547652e-03,-5.408600e+00
1.103262e+01,2.503571e+02,1.552628e-03,-5.405300e+00
1.103262e+01,2.479264e+02,1.567850e-03,-5.416400e+00
1.103262e+01,2.438214e+02,1.594247e-03,-5.422200e+00
1.103262e+01,2.379554e+02,1.633548e-03,-5.424800e+00
1.103262e+01,2.301939e+02,1.688627e-03,-5.427000e+00
1.103262e+01,2.203366e+02,1.764171e-03,-5.433800e+00
1.103262e+01,2.080860e+02,1.868033e-03,-5.453800e+00
1.103262e+01,1.929867e+02,2.014188e-03,-5.476200e+00
1.103262e+01,1.743000e+02,2.230129e-03,-5.496300e+00
1.103262e+01,1.506973e+02,2.579420e-03,-5.563100e+00
1.103262e+01,1.192954e+02,3.258395e-03,-5.631600e+00
1.103262e+01,7.032539e+01,5.527328e-03,-5.926300e+00
1.198306e+01,7.931558e+01,5.478801e-03,-5.917900e+00
1.198306e+01,1.345458e+02,3.229788e-03,-5.681900e+00
1.198306e+01,1.699620e+02,2.556774e-03,-5.582700e+00
1.198306e+01,1.965820e+02,2.210550e-03,-5.550100e+00
1.198306e+01,2.176575e+02,1.996505e-03,-5.520700e+00
1.198306e+01,2.346870e+02,1.851633e-03,-5.501400e+00
1.198306e+01,2.485038e+02,1.748683e-03,-5.492200e+00
1.198306e+01,2.596212e+02,1.673801e-03,-5.480000e+00
1.198306e+01,2.683749e+02,1.619206e-03,-5.458100e+00
1.198306e+01,2.749908e+02,1.580250e-03,-5.460800e+00
1.198306e+01,2.796206e+02,1.554086e-03,-5.464500e+00
1.198306e+01,2.823620e+02,1.538997e-03,-5.448700e+00
1.198306e+01,2.832699e+02,1.534064e-03,-5.449800e+00
1.198306e+01,2.823620e+02,1.538997e-03,-5.448700e+00
1.198306e+01,2.796206e+02,1.554086e-03,-5.464500e+00
1.198306e+01,2.749908e+02,1.580250e-03,-5.460800e+00
1.198306e+01,2.683749e+02,1.619206e-03,-5.458100e+00
1.198306e+01,2.596212e+02,1.673801e-03,-5.480000e+00
1.198306e+01,2.485038e+02,1.748683e-03,-5.492200e+00
1.198306e+01,2.346870e+02,1.851633e-03,-5.501400e+00
1.198306e+01,2.176575e+02,1.996505e-03,-5.520700e+00
1.198306e+01,1.965820e+02,2.210550e-03,-5.550100e+00
1.198306e+01,1.699620e+02,2.556774e-03,-5.582700e+00
1.198306e+01,1.345458e+02,3.229788e-03,-5.681900e+00
1.198306e+01,7.931558e+01,5.478801e-03,-5.917900e+00
1.299170e+01,8.954396e+01,5.426950e-03,-5.988500e+00
1.299170e+01,1.518965e+02,3.199221e-03,-5.717000e+00
1.299170e+01,1.918799e+02,2.532577e-03,-5.642100e+00
1.299170e+01,2.219328e+02,2.189629e-03,-5.601800e+00
1.299170e+01,2.457262e+02,1.977610e-03,-5.582300e+00
1.299170e+01,2.649518e+02,1.834109e-03,-5.561000e+00
1.299170e+01,2.805503e+02,1.732133e-03,-5.557100e+00
1.299170e+01,2.931014e+02,1.657961e-03,-5.538200e+00
1.299170e+01,3.029840e+02,1.603882e-03,-5.534200e+00
1.299170e+01,3.104530e+02,1.565295e-03,-5.521600e+00
1.299170e+01,3.156799e+02,1.539378e-03,-5.531900e+00
1.299170e+01,3.187749e+02,1.524432e-03,-5.528500e+00
1.299170e+01,3.197999e+02,1.519546e-03,-5.527600e+00
1.299170e+01,3.187749e+02,1.524432e-03,-5.528500e+00
1.299170e+01,3.156799e+02,1.539378e-03,-5.531900e+00
1.299170e+01,3.104530e+02,1.565295e-03,-5.521600e+00
1.299170e+01,3.029840e+02,1.603882e-03,-5.534200e+00
1.299170e+01,2.931014e+02,1.657961e-03,-5.538200e+00
1.299170e+01,2.805503e+02,1.732133e-03,-5.557100e+00
1.299170e+01,2.649518e+02,1.834109e-03,-5.561000e+00
1.299170e+01,2.457262e+02,1.977610e-03,-5.582300e+00
1.299170e+01,2.219328e+02,2.189629e-03,-5.601800e+00
1.299170e+01,1.918799e+02,2.532577e-03,-5.642100e+00
1.299170e+01,1.518965e+02,3.199221e-03,-5.717000e+00
1.299170e+01,8.954396e+01,5.426950e-03,-5.988500e+00
1.406422e+01,1.011975e+02,5.370275e-03,-6.041200e+00
1.406422e+01,1.716649e+02,3.165811e-03,-5.837200e+00
1.406422e+01,2.168519e+02,2.506128e-03,-5.762200e+00
1.406422e+01,2.508160e+02,2.166763e-03,-5.727300e+00
1.406422e+01,2.777059e+02,1.956957e-03,-5.707300e+00
1.406422e+01,2.994336e+02,1.814955e-03,-5.678600e+00
1.406422e+01,3.170622e+02,1.714044e-03,-5.674900e+00
1.406422e+01,3.312467e+02,1.640646e-03,-5.664200e+00
1.406422e+01,3.424155e+02,1.587132e-03,-5.655900e+00
1.406422e+01,3.508566e+02,1.548948e-03,-5.660900e+00
1.406422e+01,3.567637e+02,1.523302e-03,-5.659500e+00
1.406422e+01,3.602614e+02,1.508512e-03,-5.650300e+00
1.406422e+01,3.614198e+02,1.503677e-03,-5.647400e+00
1.406422e+01,3.602614e+02,1.508512e-03,-5.650300e+00
1.406422e+01,3.567637e+02,1.523302e-03,-5.659500e+00
1.406422e+01,3.508566e+02,1.548948e-03,-5.660900e+00
1.406422e+01,3.424155e+02,1.587132e-03,-5.655900e+00
1.406422e+01,3.312467e+02,1.640646e-03,-5.664200e+00
1.406422e+01,3.170622e+02,1.714044e-03,-5.674900e+00
1.406422e+01,2.994336e+02,1.814955e-03,-5.678600e+00
1.406422e+01,2.777059e+02,1.956957e-03,-5.707300e+00
1.406422e+01,2.508160e+02,2.166763e-03,-5.727300e+00
1.406422e+01,2.168519e+02,2.506128e-03,-5.762200e+00
1.406422e+01,1.716649e+02,3.165811e-03,-5.837200e+00
1.406422e+01,1.011975e+02,5.370275e-03,-6.041200e+00
1.520377e+01,1.144756e+02,5.305558e-03,-6.084300e+00
1.520377e+01,1.941890e+02,3.127660e-03,-5.898600e+00
1.520377e+01,2.453049e+02,2.475927e-03,-5.835500e+00
1.520377e+01,2.837254e+02,2.140651e-03,-5.816100e+00
1.520377e+01,3.141436e+02,1.933374e-03,-5.788300e+00
1.520377e+01,3.387222e+02,1.793083e-03,-5.782000e+00
1.520377e+01,3.586638e+02,1.693388e-03,-5.773000e+00
1.520377e+01,3.747095e+02,1.620875e-03,-5.765100e+00
1.520377e+01,3.873437e+02,1.568006e-03,-5.750600e+00
1.520377e+01,3.968923e+02,1.530282e-03,-5.753400e+00
1.520377e+01,4.035744e+02,1.504944e-03,-5.755300e+00
1.520377e+01,4.075312e+02,1.490333e-03,-5.754400e+00
1.520377e+01,4.088415e+02,1.485556e-03,-5.749700e+00
1.520377e+01,4.075312e+02,1.490333e-03,-5.754400e+00
1.520377e+01,4.035744e+02,1.504944e-03,-5.755300e+00
1.520377e+01,3.968923e+02,1.530282e-03,-5.753400e+00
1.520377e+01,3.873437e+02,1.568006e-03,-5.750600e+00
1.520377e+01,3.747095e+02,1.620875e-03,-5.765100e+00
1.520377e+01,3.586638e+02,1.693388e-03,-5.773000e+00
1.520377e+01,3.387222e+02,1.793083e-03,-5.782000e+00
1.520377e+01,3.141436e+02,1.933374e-03,-5.788300e+00
1.520377e+01,2.837254e+02,2.140651e-03,-5.816100e+00
1.520377e+01,2.453049e+02,2.475927e-03,-5.835500e+00
1.520377e+01,1.941890e+02,3.127660e-03,-5.898600e+00
1.520377e+01,1.144756e+02,5.305558e-03,-6.084300e+00
1.641370e+01,1.295896e+02,5.231195e-03,-6.338100e+00
1.641370e+01,2.198274e+02,3.083822e-03,-6.135800e+00
1.641370e+01,2.776921e+02,2.441224e-03,-6.080700e+00
1.641370e+01,3.211852e+02,2.110647e-03,-6.041200e+00
1.641370e+01,3.556194e+02,1.906276e-03,-6.032400e+00
1.641370e+01,3.834431e+02,1.767951e-03,-6.006900e+00
1.641370e+01,4.060175e+02,1.669654e-03,-6.004400e+00
1.641370e+01,4.241817e+02,1.598156e-03,-5.995600e+00
1.641370e+01,4.384839e+02,1.546028e-03,-5.986900e+00
1.641370e+01,4.492933e+02,1.508833e-03,-5.986000e+00
1.641370e+01,4.568577e+02,1.483851e-03,-5.989400e+00
1.641370e+01,4.613368e+02,1.469444e-03,-5.981900e+00
1.641370e+01,4.628202e+02,1.464734e-03,-5.988100e+00
1.641370e+01,4.613368e+02,1.469444e-03,-5.981900e+00
1.641370e+01,4.568577e+02,1.483851e-03,-5.989400e+00
1.641370e+01,4.492933e+02,1.508833e-03,-5.986000e+00
1.641370e+01,4.384839e+02,1.546028e-03,-5.986900e+00
1.641370e+01,4.241817e+02,1.598156e-03,-5.995600e+00
1.641370e+01,4.060175e+02,1.669654e-03,-6.004400e+00
1.641370e+01,3.834431e+02,1.767951e-03,-6.006900e+00
1.641370e+01,3.556194e+02,1.906276e-03,-6.032400e+00
1.641370e+01,3.211852e+02,2.110647e-03,-6.041200e+00
1.641370e+01,2.776921e+02,2.441224e-03,-6.080700e+00
1.641370e+01,2.198274e+02,3.083822e-03,-6.135800e+00
1.641370e+01,1.295896e+02,5.231195e-03,-6.338100e+00
1.770001e+01,1.467628e+02,5.148877e-03,-6.477700e+00
1.770001e+01,2.489588e+02,3.035296e-03,-6.296900e+00
1.770001e+01,3.144917e+02,2.402809e-03,-6.234200e+00
1.770001e+01,3.637485e+02,2.077434e-03,-6.220700e+00
1.770001e+01,4.027459e+02,1.876279e-03,-6.203300e+00
1.770001e+01,4.342567e+02,1.740131e-03,-6.184400e+00
1.770001e+01,4.598227e+02,1.643380e-03,-6.182000e+00
1.770001e+01,4.803940e+02,1.573008e-03,-6.168700e+00
1.770001e+01,4.965916e+02,1.521700e-03,-6.174200e+00
1.770001e+01,5.088333e+02,1.485090e-03,-6.168000e+00
1.770001e+01,5.174002e+02,1.460501e-03,-6.159200e+00
1.770001e+01,5.224728e+02,1.446321e-03,-6.157100e+00
1.770001e+01,5.241528e+02,1.441686e-03,-6.160400e+00
1.770001e+01,5.224728e+02,1.446321e-03,-6.157100e+00
1.770001e+01,5.174002e+02,1.460501e-03,-6.159200e+00
1.770001e+01,5.088333e+02,1.485090e-03,-6.168000e+00
1.770001e+01,4.965916e+02,1.521700e-03,-6.174200e+00
1.770001e+01,4.803940e+02,1.573008e-03,-6.168700e+00
1.770001e+01,4.598227e+02,1.643380e-03,-6.182000e+00
1.770001e+01,4.342567e+02,1.740131e-03,-6.184400e+00
1.770001e+01,4.027459e+02,1.876279e-03,-6.203300e+00
1.770001e+01,3.637485e+02,2.077434e-03,-6.220700e+00
1.770001e+01,3.144917e+02,2.402809e-03,-6.234200e+00
1.770001e+01,2.489588e+02,3.035296e-03,-6.296900e+00
1.770001e+01,1.467628e+02,5.148877e-03,-6.477700e+00
1.906611e+01,1.662436e+02,5.057543e-03,-6.478900e+00
1.906611e+01,2.820048e+02,2.981454e-03,-6.333700e+00
1.906611e+01,3.562363e+02,2.360187e-03,-6.282800e+00
1.906611e+01,4.120313e+02,2.040584e-03,-6.261900e+00
1.906611e+01,4.562051e+02,1.842996e-03,-6.244400e+00
1.906611e+01,4.918986e+02,1.709263e-03,-6.237900e+00
1.906611e+01,5.208582e+02,1.614229e-03,-6.230800e+00
1.906611e+01,5.441600e+02,1.545105e-03,-6.221800e+00
1.906611e+01,5.625076e+02,1.494707e-03,-6.225000e+00
1.906611e+01,5.763743e+02,1.458747e-03,-6.212700e+00
1.906611e+01,5.860783e+02,1.434594e-03,-6.214000e+00
1.906611e+01,5.918243e+02,1.420666e-03,-6.215500e+00
1.906611e+01,5.937272e+02,1.416112e-03,-6.216100e+00
1.906611e+01,5.918243e+02,1.420666e-03,-6.215500e+00
1.906611e+01,5.860783e+02,1.434594e-03,-6.214000e+00
1.906611e+01,5.763743e+02,1.458747e-03,-6.212700e+00
1.906611e+01,5.625076e+02,1.494707e-03,-6.225000e+00
1.906611e+01,5.441600e+02,1.545105e-03,-6.221800e+00
1.906611e+01,5.208582e+02,1.614229e-03,-6.230800e+00
1.906611e+01,4.918986e+02,1.709263e-03,-6.237900e+00
1.906611e+01,4.562051e+02,1.842996e-03,-6.244400e+00
1.906611e+01,4.120313e+02,2.040584e-03,-6.261900e+00
1.906611e+01,3.562363e+02,2.360187e-03,-6.282800e+00
1.906611e+01,2.820048e+02,2.981454e-03,-6.333700e+00
1.906611e+01,1.662436e+02,5.057543e-03,-6.478900e+00
2.050528e+01,1.882731e+02,4.950315e-03,-6.467100e+00
2.050528e+01,3.193741e+02,2.918242e-03,-6.331600e+00
2.050528e+01,4.034423e+02,2.310147e-03,-6.290100e+00
2.050528e+01,4.666308e+02,1.997320e-03,-6.279700e+00
2.050528e+01,5.166582e+02,1.803922e-03,-6.265100e+00
2.050528e+01,5.570816e+02,1.673024e-03,-6.250700e+00
2.050528e+01,5.898787e+02,1.580004e-03,-6.246100e+00
2.050528e+01,6.162683e+02,1.512346e-03,-6.237200e+00
2.050528e+01,6.370472e+02,1.463017e-03,-6.235800e+00
2.050528e+01,6.527514e+02,1.427819e-03,-6.235900e+00
2.050528e+01,6.637412e+02,1.404178e-03,-6.234200e+00
2.050528e+01,6.702487e+02,1.390545e-03,-6.228500e+00
2.050528e+01,6.724038e+02,1.386088e-03,-6.226800e+00
2.050528e+01,6.702487e+02,1.390545e-03,-6.228500e+00
2.050528e+01,6.637412e+02,1.404178e-03,-6.234200e+00
2.050528e+01,6.527514e+02,1.427819e-03,-6.235900e+00
2.050528e+01,6.370472e+02,1.463017e-03,-6.235800e+00
2.050528e+01,6.162683e+02,1.512346e-03,-6.237200e+00
2.050528e+01,5.898787e+02,1.580004e-03,-6.246100e+00
2.050528e+01,5.570816e+02,1.673024e-03,-6.250700e+00
2.050528e+01,5.166582e+02,1.803922e-03,-6.265100e+00
2.050528e+01,4.666308e+02,1.997320e-03,-6.279700e+00
2.050528e+01,4.034423e+02,2.310147e-03,-6.290100e+00
2.050528e+01,3.193741e+02,2.918242e-03,-6.331600e+00
2.050528e+01,1.882731e+02,4.950315e-03,-6.467100e+00
2.202497e+01,2.130889e+02,4.832863e-03,-6.532700e+00
2.202497e+01,3.614700e+02,2.849003e-03,-6.403500e+00
2.202497e+01,4.566190e+02,2.255336e-03,-6.378700e+00
2.202497e+01,5.281362e+02,1.949931e-03,-6.352000e+00
2.202497e+01,5.847576e+02,1.761121e-03,-6.343500e+00
2.202497e+01,6.305091e+02,1.633330e-03,-6.337200e+00
2.202497e+01,6.676291e+02,1.542517e-03,-6.329600e+00
2.202497e+01,6.974970e+02,1.476464e-03,-6.317100e+00
2.202497e+01,7.210147e+02,1.428305e-03,-6.318000e+00
2.202497e+01,7.387889e+02,1.393942e-03,-6.317500e+00
2.202497e+01,7.512273e+02,1.370862e-03,-6.312200e+00
2.202497e+01,7.585924e+02,1.357553e-03,-6.316400e+00
2.202497e+01,7.610316e+02,1.353202e-03,-6.312500e+00
2.202497e+01,7.585924e+02,1.357553e-03,-6.316400e+00
2.202497e+01,7.512273e+02,1.370862e-03,-6.312200e+00
2.202497e+01,7.387889e+02,1.393942e-03,-6.317500e+00
2.202497e+01,7.210147e+02,1.428305e-03,-6.318000e+00
2.202497e+01,6.974970e+02,1.476464e-03,-6.317100e+00
2.202497e+01,6.676291e+02,1.542517e-03,-6.329600e+00
2.202497e+01,6.305091e+02,1.633330e-03,-6.337200e+00
2.202497e+01,5.847576e+02,1.761121e-03,-6.343500e+00
2.202497e+01,5.281362e+02,1.949931e-03,-6.352000e+00
2.202497e+01,4.566190e+02,2.255336e-03,-6.378700e+00
2.202497e+01,3.614700e+02,2.849003e-03,-6.403500e+00
2.202497e+01,2.130889e+02,4.832863e-03,-6.532700e+00
2.360887e+01,2.409358e+02,4.695423e-03,-6.576800e+00
2.360887e+01,4.087076e+02,2.767982e-03,-6.468200e+00
2.360887e+01,5.162909e+02,2.191197e-03,-6.425700e+00
2.360887e+01,5.971542e+02,1.894478e-03,-6.409400e+00
2.360887e+01,6.611750e+02,1.711038e-03,-6.397900e+00
2.360887e+01,7.129053e+02,1.586880e-03,-6.392500e+00
2.360887e+01,7.548762e+02,1.498650e-03,-6.386900e+00
2.360887e+01,7.886474e+02,1.434475e-03,-6.384300e+00
2.360887e+01,8.152384e+02,1.387686e-03,-6.376400e+00
2.360887e+01,8.353353e+02,1.354301e-03,-6.373300e+00
2.360887e+01,8.493992e+02,1.331877e-03,-6.371300e+00
2.360887e+01,8.577269e+02,1.318946e-03,-6.375300e+00
2.360887e+01,8.604848e+02,1.314718e-03,-6.369400e+00
2.360887e+01,8.577269e+02,1.318946e-03,-6.375300e+00
2.360887e+01,8.493992e+02,1.331877e-03,-6.371300e+00
2.360887e+01,8.353353e+02,1.354301e-03,-6.373300e+00
2.360887e+01,8.152384e+02,1.387686e-03,-6.376400e+00
2.360887e+01,7.886474e+02,1.434475e-03,-6.384300e+00
2.360887e+01,7.548762e+02,1.498650e-03,-6.386900e+00
2.360887e+01,7.129053e+02,1.586880e-03,-6.392500e+00
2.360887e+01,6.611750e+02,1.711038e-03,-6.397900e+00
2.360887e+01,5.971542e+02,1.894478e-03,-6.409400e+00
2.360887e+01,5.162909e+02,2.191197e-03,-6.425700e+00
2.360887e+01,4.087076e+02,2.767982e-03,-6.468200e+00
2.360887e+01,2.409358e+02,4.695423e-03,-6.576800e+00
2.525719e+01,2.720047e+02,4.542737e-03,-6.570000e+00
2.525719e+01,4.614110e+02,2.677972e-03,-6.464600e+00
2.525719e+01,5.828673e+02,2.119944e-03,-6.440600e+00
2.525719e+01,6.741580e+02,1.832873e-03,-6.421200e+00
2.525719e+01,7.464343e+02,1.655398e-03,-6.408500e+00
2.525719e+01,8.048354e+02,1.535278e-03,-6.405900e+00
2.525719e+01,8.522185e+02,1.449917e-03,-6.397400e+00
2.525719e+01,8.903445e+02,1.387829e-03,-6.392400e+00
2.525719e+01,9.203645e+02,1.342562e-03,-6.389200e+00
2.525719e+01,9.430529e+02,1.310262e-03,-6.389100e+00
2.525719e+01,9.589304e+02,1.288567e-03,-6.388300e+00
2.525719e+01,9.683319e+02,1.276056e-03,-6.384800e+00
2.525719e+01,9.714455e+02,1.271966e-03,-6.383800e+00
2.525719e+01,9.683319e+02,1.276056e-03,-6.384800e+00
2.525719e+01,9.589304e+02,1.288567e-03,-6.388300e+00
2.525719e+01,9.430529e+02,1.310262e-03,-6.389100e+00
2.525719e+01,9.203645e+02,1.342562e-03,-6.389200e+00
2.525719e+01,8.903445e+02,1.387829e-03,-6.392400e+00
2.525719e+01,8.522185e+02,1.449917e-03,-6.397400e+00
2.525719e+01,8.048354e+02,1.535278e-03,-6.405900e+00
2.525719e+01,7.464343e+02,1.655398e-03,-6.408500e+00
2.525719e+01,6.741580e+02,1.832873e-03,-6.421200e+00
2.525719e+01,5.828673e+02,2.119944e-03,-6.440600e+00
2.525719e+01,4.614110e+02,2.677972e-03,-6.464600e+00
2.525719e+01,2.720047e+02,4.542737e-03,-6.570000e+00
2.671291e+01,3.064448e+02,4.255550e-03,-6.450700e+00
2.671291e+01,5.198329e+02,2.508674e-03,-6.373500e+00
2.671291e+01,6.566674e+02,1.985923e-03,-6.346800e+00
2.671291e+01,7.595169e+02,1.717001e-03,-6.332700e+00
2.671291e+01,8.409446e+02,1.550746e-03,-6.319300e+00
2.671291e+01,9.067401e+02,1.438219e-03,-6.313500e+00
2.671291e+01,9.601227e+02,1.358255e-03,-6.305700e+00
2.671291e+01,1.003076e+03,1.300092e-03,-6.302000e+00
2.671291e+01,1.036897e+03,1.257686e-03,-6.300100e+00
2.671291e+01,1.062458e+03,1.227428e-03,-6.294700e+00
2.671291e+01,1.080346e+03,1.207105e-03,-6.293900e+00
2.671291e+01,1.090938e+03,1.195385e-03,-6.295400e+00
2.671291e+01,1.094446e+03,1.191554e-03,-6.292200e+00
2.671291e+01,1.090938e+03,1.195385e-03,-6.295400e+00
2.671291e+01,1.080346e+03,1.207105e-03,-6.293900e+00
2.671291e+01,1.062458e+03,1.227428e-03,-6.294700e+00
2.671291e+01,1.036897e+03,1.257686e-03,-6.300100e+00
2.671291e+01,1.003076e+03,1.300092e-03,-6.302000e+00
2.671291e+01,9.601227e+02,1.358255e-03,-6.305700e+00
2.671291e+01,9.067401e+02,1.438219e-03,-6.313500e+00
2.671291e+01,8.409446e+02,1.550746e-03,-6.319300e+00
2.671291e+01,7.595169e+02,1.717001e-03,-6.332700e+00
2.671291e+01,6.566674e+02,1.985923e-03,-6.346800e+00
2.671291e+01,5.198329e+02,2.508674e-03,-6.373500e+00
2.671291e+01,3.064448e+02,4.255550e-03,-6.450700e+00
2.226585e+01,3.101956e+02,2.191180e-03,-4.186600e+00
2.226585e+01,5.261955e+02,1.291715e-03,-4.131000e+00
2.226585e+01,6.647049e+02,1.022551e-03,-4.116400e+00
2.226585e+01,7.688132e+02,8.840826e-04,-4.106000e+00
2.226585e+01,8.512376e+02,7.984779e-04,-4.097500e+00
2.226585e+01,9.178384e+02,7.405382e-04,-4.094800e+00
2.226585e+01,9.718744e+02,6.993645e-04,-4.091200e+00
2.226585e+01,1.015353e+03,6.694166e-04,-4.086600e+00
2.226585e+01,1.049588e+03,6.475819e-04,-4.087700e+00
2.226585e+01,1.075462e+03,6.320020e-04,-4.083000e+00
2.226585e+01,1.093569e+03,6.215377e-04,-4.085400e+00
2.226585e+01,1.104291e+03,6.155032e-04,-4.082200e+00
2.226585e+01,1.107841e+03,6.135304e-04,-4.083700e+00
2.226585e+01,1.104291e+03,6.155032e-04,-4.082200e+00
2.226585e+01,1.093569e+03,6.215377e-04,-4.085400e+00
2.226585e+01,1.075462e+03,6.320020e-04,-4.083000e+00
2.226585e+01,1.049588e+03,6.475819e-04,-4.087700e+00
2.226585e+01,1.015353e+03,6.694166e-04,-4.086600e+00
2.226585e+01,9.718744e+02,6.993645e-04,-4.091200e+00
2.226585e+01,9.178384e+02,7.405382e-04,-4.094800e+00
2.226585e+01,8.512376e+02,7.984779e-04,-4.097500e+00
2.226585e+01,7.688132e+02,8.840826e-04,-4.106000e+00
2.226585e+01,6.647049e+02,1.022551e-03,-4.116400e+00
2.226585e+01,5.261955e+02,1.291715e-03,-4.131000e+00
2.226585e+01,3.101956e+02,2.191180e-03,-4.186600e+00
1.780594e+01,2.873405e+02,1.099598e-03,-2.593200e+00
1.780594e+01,4.874256e+02,6.482201e-04,-2.556400e+00
1.780594e+01,6.157296e+02,5.131458e-04,-2.548000e+00
1.780594e+01,7.121672e+02,4.436585e-04,-2.540100e+00
1.780594e+01,7.885186e+02,4.006996e-04,-2.538100e+00
1.780594e+01,8.502123e+02,3.716237e-04,-2.533100e+00
1.780594e+01,9.002669e+02,3.509615e-04,-2.530700e+00
1.780594e+01,9.405424e+02,3.359328e-04,-2.531100e+00
1.780594e+01,9.722550e+02,3.249755e-04,-2.528000e+00
1.780594e+01,9.962226e+02,3.171571e-04,-2.527200e+00
1.780594e+01,1.012995e+03,3.119058e-04,-2.527200e+00
1.780594e+01,1.022927e+03,3.088775e-04,-2.527000e+00
1.780594e+01,1.026216e+03,3.078875e-04,-2.526200e+00
1.780594e+01,1.022927e+03,3.088775e-04,-2.527000e+00
1.780594e+01,1.012995e+03,3.119058e-04,-2.527200e+00
1.780594e+01,9.962226e+02,3.171571e-04,-2.527200e+00
1.780594e+01,9.722550e+02,3.249755e-04,-2.528000e+00
1.780594e+01,9.405424e+02,3.359328e-04,-2.531100e+00
1.780594e+01,9.002669e+02,3.509615e-04,-2.530700e+00
1.780594e+01,8.502123e+02,3.716237e-04,-2.533100e+00
1.780594e+01,7.885186e+02,4.006996e-04,-2.538100e+00
1.780594e+01,7.121672e+02,4.436585e-04,-2.540100e+00
1.780594e+01,6.157296e+02,5.131458e-04,-2.548000e+00
1.780594e+01,4.874256e+02,6.482201e-04,-2.556400e+00
1.780594e+01,2.873405e+02,1.099598e-03,-2.593200e+00
1.113934e+01,2.665997e+02,2.658845e-04,-9.730000e-01
1.113934e+01,4.522423e+02,1.567406e-04,-9.560000e-01
1.113934e+01,5.712851e+02,1.240794e-04,-9.514000e-01
1.113934e+01,6.607618e+02,1.072773e-04,-9.497000e-01
1.113934e+01,7.316019e+02,9.688975e-05,-9.483000e-01
1.113934e+01,7.888425e+02,8.985917e-05,-9.469000e-01
1.113934e+01,8.352841e+02,8.486302e-05,-9.456000e-01
1.113934e+01,8.726524e+02,8.122905e-05,-9.457000e-01
1.113934e+01,9.020759e+02,7.857956e-05,-9.447000e-01
1.113934e+01,9.243135e+02,7.668906e-05,-9.441000e-01
1.113934e+01,9.398755e+02,7.541928e-05,-9.444000e-01
1.113934e+01,9.490901e+02,7.468704e-05,-9.440000e-01
1.113934e+01,9.521419e+02,7.444766e-05,-9.439000e-01
1.113934e+01,9.490901e+02,7.468704e-05,-9.440000e-01
1.113934e+01,9.398755e+02,7.541928e-05,-9.444000e-01
1.113934e+01,9.243135e+02,7.668906e-05,-9.441000e-01
1.113934e+01,9.020759e+02,7.857956e-05,-9.447000e-01
1.113934e+01,8.726524e+02,8.122905e-05,-9.457000e-01
1.113934e+01,8.352841e+02,8.486302e-05,-9.456000e-01
1.113934e+01,7.888425e+02,8.985917e-05,-9.469000e-01
1.113934e+01,7.316019e+02,9.688975e-05,-9.483000e-01
1.113934e+01,6.607618e+02,1.072773e-04,-9.497000e-01
1.113934e+01,5.712851e+02,1.240794e-04,-9.514000e-01
1.113934e+01,4.522423e+02,1.567406e-04,-9.560000e-01
1.113934e+01,2.665997e+02,2.658845e-04,-9.730000e-01
9.486440e-01,2.570460e+02,1.634684e-07,-1.300000e-03
9.486440e-01,4.360360e+02,9.636566e-08,-1.300000e-03
9.486440e-01,5.508128e+02,7.628526e-08,-1.300000e-03
9.486440e-01,6.370830e+02,6.595514e-08,-1.300000e-03
9.486440e-01,7.053845e+02,5.956878e-08,-1.300000e-03
9.486440e-01,7.605739e+02,5.524630e-08,-1.300000e-03
9.486440e-01,8.053512e+02,5.217463e-08,-1.300000e-03
9.486440e-01,8.413804e+02,4.994042e-08,-1.300000e-03
9.486440e-01,8.697495e+02,4.831149e-08,-1.300000e-03
9.486440e-01,8.911902e+02,4.714919e-08,-1.300000e-03
9.486440e-01,9.061945e+02,4.636852e-08,-1.300000e-03
9.486440e-01,9.150789e+02,4.591833e-08,-1.300000e-03
9.486440e-01,9.180213e+02,4.577115e-08,-1.300000e-03
9.486440e-01,9.150789e+02,4.591833e-08,-1.300000e-03
9.486440e-01,9.061945e+02,4.636852e-08,-1.300000e-03
9.486440e-01,8.911902e+02,4.714919e-08,-1.300000e-03
9.486440e-01,8.697495e+02,4.831149e-08,-1.300000e-03
9.486440e-01,8.413804e+02,4.994042e-08,-1.300000e-03
9.486440e-01,8.053512e+02,5.217463e-08,-1.300000e-03
9.486440e-01,7.605739e+02,5.524630e-08,-1.300000e-03
9.486440e-01,7.053845e+02,5.956878e-08,-1.300000e-03
9.486440e-01,6.370830e+02,6.595514e-08,-1.300000e-03
9.486440e-01,5.508128e+02,7.628526e-08,-1.300000e-03
9.486440e-01,4.360360e+02,9.636566e-08,-1.300000e-03
9.486440e-01,2.570460e+02,1.634684e-07,-1.300000e-03
9.159725e-01,2.879040e+01,9.379031e-04,-1.100300e+00
1.185055e+00,4.883815e+01,1.197332e-03,-2.127700e+00
1.366122e+00,6.169372e+01,1.452066e-03,-3.152400e+00
1.521836e+00,7.135640e+01,1.735517e-03,-4.243100e+00
1.662292e+00,7.900651e+01,2.042761e-03,-5.493100e+00
1.789822e+00,8.518798e+01,2.364881e-03,-6.794200e+00
1.904291e+00,9.020326e+01,2.689898e-03,-8.141300e+00
2.004611e+00,9.423871e+01,3.003441e-03,-9.460300e+00
2.089352e+00,9.741618e+01,3.289743e-03,-1.066680e+01
2.157058e+00,9.981764e+01,3.532943e-03,-1.178170e+01
2.206438e+00,1.014982e+02,3.718564e-03,-1.251680e+01
2.236489e+00,1.024933e+02,3.834980e-03,-1.302710e+01
2.246578e+00,1.028229e+02,3.874655e-03,-1.328040e+01
2.236489e+00,1.024933e+02,3.834980e-03,-1.302710e+01
2.206438e+00,1.014982e+02,3.718564e-03,-1.251680e+01
2.157058e+00,9.981764e+01,3.532943e-03,-1.178170e+01
2.089352e+00,9.741618e+01,3.289743e-03,-1.066680e+01
2.004611e+00,9.423871e+01,3.003441e-03,-9.460300e+00
1.904291e+00,9.020326e+01,2.689898e-03,-8.141300e+00
1.789822e+00,8.518798e+01,2.364881e-03,-6.794200e+00
1.662292e+00,7.900651e+01,2.042761e-03,-5.493100e+00
1.521836e+00,7.135640e+01,1.735517e-03,-4.243100e+00
1.366122e+00,6.169372e+01,1.452066e-03,-3.152400e+00
1.185055e+00,4.883815e+01,1.197332e-03,-2.127700e+00
9.159725e-01,2.879040e+01,9.379031e-04,-1.100300e+00
1.439327e+00,2.047528e+01,7.368098e-04,-6.645000e-01
1.861801e+00,3.473293e+01,9.400814e-04,-1.272700e+00
2.146242e+00,4.387561e+01,1.140040e-03,-1.853600e+00
2.390848e+00,5.074756e+01,1.362535e-03,-2.504400e+00
2.611480e+00,5.618819e+01,1.603697e-03,-3.191700e+00
2.811802e+00,6.058436e+01,1.856526e-03,-3.977800e+00
2.991606e+00,6.415115e+01,2.111620e-03,-4.718600e+00
3.149182e+00,6.702110e+01,2.357702e-03,-5.485400e+00
3.282287e+00,6.928087e+01,2.582399e-03,-6.167400e+00
3.388633e+00,7.098875e+01,2.773264e-03,-6.793700e+00
3.466194e+00,7.218393e+01,2.918940e-03,-7.240900e+00
3.513394e+00,7.289163e+01,3.010301e-03,-7.560100e+00
3.529240e+00,7.312601e+01,3.041438e-03,-7.638600e+00
3.513394e+00,7.289163e+01,3.010301e-03,-7.560100e+00
3.466194e+00,7.218393e+01,2.918940e-03,-7.240900e+00
3.388633e+00,7.098875e+01,2.773264e-03,-6.793700e+00
3.282287e+00,6.928087e+01,2.582399e-03,-6.167400e+00
3.149182e+00,6.702110e+01,2.357702e-03,-5.485400e+00
2.991606e+00,6.415115e+01,2.111620e-03,-4.718600e+00
2.811802e+00,6.058436e+01,1.856526e-03,-3.977800e+00
2.611480e+00,5.618819e+01,1.603697e-03,-3.191700e+00
2.390848e+00,5.074756e+01,1.362535e-03,-2.504400e+00
2.146242e+00,4.387561e+01,1.140040e-03,-1.853600e+00
1.861801e+00,3.473293e+01,9.400814e-04,-1.272700e+00
1.439327e+00,2.047528e+01,7.368098e-04,-6.645000e-01
1.871590e+00,2.253884e+01,7.071704e-04,-7.016000e-01
2.421350e+00,3.823341e+01,9.027203e-04,-1.303700e+00
2.791310e+00,4.829751e+01,1.094770e-03,-1.911900e+00
3.109466e+00,5.586203e+01,1.308471e-03,-2.602400e+00
3.396447e+00,6.185099e+01,1.540108e-03,-3.344200e+00
3.657015e+00,6.669022e+01,1.782960e-03,-4.143500e+00
3.890898e+00,7.061647e+01,2.027995e-03,-4.961300e+00
4.095871e+00,7.377567e+01,2.264379e-03,-5.748100e+00
4.269013e+00,7.626318e+01,2.480225e-03,-6.449300e+00
4.407350e+00,7.814319e+01,2.663575e-03,-7.090100e+00
4.508243e+00,7.945882e+01,2.803516e-03,-7.549500e+00
4.569642e+00,8.023785e+01,2.891283e-03,-7.874800e+00
4.590255e+00,8.049585e+01,2.921194e-03,-7.956700e+00
4.569642e+00,8.023785e+01,2.891283e-03,-7.874800e+00
4.508243e+00,7.945882e+01,2.803516e-03,-7.549500e+00
4.407350e+00,7.814319e+01,2.663575e-03,-7.090100e+00
4.269013e+00,7.626318e+01,2.480225e-03,-6.449300e+00
4.095871e+00,7.377567e+01,2.264379e-03,-5.748100e+00
3.890898e+00,7.061647e+01,2.027995e-03,-4.961300e+00
3.657015e+00,6.669022e+01,1.782960e-03,-4.143500e+00
3.396447e+00,6.185099e+01,1.540108e-03,-3.344200e+00
3.109466e+00,5.586203e+01,1.308471e-03,-2.602400e+00
2.791310e+00,4.829751e+01,1.094770e-03,-1.911900e+00
2.421350e+00,3.823341e+01,9.027203e-04,-1.303700e+00
1.871590e+00,2.253884e+01,7.071704e-04,-7.016000e-01
2.270737e+00,2.601645e+01,6.959690e-04,-7.533000e-01
2.937785e+00,4.413261e+01,8.884602e-04,-1.443800e+00
3.386655e+00,5.574954e+01,1.077479e-03,-2.141800e+00
3.772671e+00,6.448123e+01,1.287808e-03,-2.872600e+00
4.120865e+00,7.139425e+01,1.515791e-03,-3.704000e+00
4.437012e+00,7.698014e+01,1.754812e-03,-4.609400e+00
4.720782e+00,8.151219e+01,1.995983e-03,-5.548400e+00
4.969476e+00,8.515883e+01,2.228639e-03,-6.401100e+00
5.179551e+00,8.803015e+01,2.441082e-03,-7.067200e+00
5.347395e+00,9.020024e+01,2.621542e-03,-7.565300e+00
5.469808e+00,9.171887e+01,2.759277e-03,-7.980300e+00
5.544304e+00,9.261809e+01,2.845659e-03,-8.221800e+00
5.569315e+00,9.291590e+01,2.875099e-03,-8.276400e+00
5.544304e+00,9.261809e+01,2.845659e-03,-8.221800e+00
5.469808e+00,9.171887e+01,2.759277e-03,-7.980300e+00
5.347395e+00,9.020024e+01,2.621542e-03,-7.565300e+00
5.179551e+00,8.803015e+01,2.441082e-03,-7.067200e+00
4.969476e+00,8.515883e+01,2.228639e-03,-6.401100e+00
4.720782e+00,8.151219e+01,1.995983e-03,-5.548400e+00
4.437012e+00,7.698014e+01,1.754812e-03,-4.609400e+00
4.120865e+00,7.139425e+01,1.515791e-03,-3.704000e+00
3.772671e+00,6.448123e+01,1.287808e-03,-2.872600e+00
3.386655e+00,5.574954e+01,1.077479e-03,-2.141800e+00
2.937785e+00,4.413261e+01,8.884602e-04,-1.443800e+00
2.270737e+00,2.601645e+01,6.959690e-04,-7.533000e-01
2.651370e+00,2.989955e+01,6.896768e-04,-8.294000e-01
3.430244e+00,5.071963e+01,8.804370e-04,-1.616500e+00
3.954359e+00,6.407046e+01,1.067750e-03,-2.380400e+00
4.405084e+00,7.410539e+01,1.276180e-03,-3.232400e+00
4.811646e+00,8.205022e+01,1.502106e-03,-4.170700e+00
5.180790e+00,8.846983e+01,1.738970e-03,-5.026400e+00
5.512129e+00,9.367832e+01,1.977964e-03,-5.788900e+00
5.802513e+00,9.786924e+01,2.208521e-03,-6.427600e+00
6.047803e+00,1.011691e+02,2.419047e-03,-6.965600e+00
6.243785e+00,1.036631e+02,2.597878e-03,-7.443900e+00
6.386718e+00,1.054084e+02,2.734370e-03,-7.718400e+00
6.473702e+00,1.064418e+02,2.819974e-03,-7.911900e+00
6.502905e+00,1.067841e+02,2.849148e-03,-8.023000e+00
6.473702e+00,1.064418e+02,2.819974e-03,-7.911900e+00
6.386718e+00,1.054084e+02,2.734370e-03,-7.718400e+00
6.243785e+00,1.036631e+02,2.597878e-03,-7.443900e+00
6.047803e+00,1.011691e+02,2.419047e-03,-6.965600e+00
5.802513e+00,9.786924e+01,2.208521e-03,-6.427600e+00
5.512129e+00,9.367832e+01,1.977964e-03,-5.788900e+00
5.180790e+00,8.846983e+01,1.738970e-03,-5.026400e+00
4.811646e+00,8.205022e+01,1.502106e-03,-4.170700e+00
4.405084e+00,7.410539e+01,1.276180e-03,-3.232400e+00
3.954359e+00,6.407046e+01,1.067750e-03,-2.380400e+00
3.430244e+00,5.071963e+01,8.804370e-04,-1.616500e+00
2.651370e+00,2.989955e+01,6.896768e-04,-8.294000e-01
3.024014e+00,3.409228e+01,6.851214e-04,-9.065000e-01
3.912363e+00,5.783192e+01,8.746251e-04,-1.790400e+00
4.510141e+00,7.305490e+01,1.060702e-03,-2.653000e+00
5.024216e+00,8.449700e+01,1.267757e-03,-3.587600e+00
5.487920e+00,9.355591e+01,1.492191e-03,-4.377700e+00
5.908948e+00,1.008757e+02,1.727492e-03,-5.078300e+00
6.286857e+00,1.068146e+02,1.964909e-03,-5.731500e+00
6.618055e+00,1.115932e+02,2.193945e-03,-6.308500e+00
6.897821e+00,1.153558e+02,2.403081e-03,-6.732900e+00
7.121347e+00,1.181995e+02,2.580733e-03,-7.100300e+00
7.284370e+00,1.201896e+02,2.716324e-03,-7.352300e+00
7.383580e+00,1.213679e+02,2.801363e-03,-7.489100e+00
7.416888e+00,1.217582e+02,2.830344e-03,-7.573500e+00
7.383580e+00,1.213679e+02,2.801363e-03,-7.489100e+00
7.284370e+00,1.201896e+02,2.716324e-03,-7.352300e+00
7.121347e+00,1.181995e+02,2.580733e-03,-7.100300e+00
6.897821e+00,1.153558e+02,2.403081e-03,-6.732900e+00
6.618055e+00,1.115932e+02,2.193945e-03,-6.308500e+00
6.286857e+00,1.068146e+02,1.964909e-03,-5.731500e+00
5.908948e+00,1.008757e+02,1.727492e-03,-5.078300e+00
5.487920e+00,9.355591e+01,1.492191e-03,-4.377700e+00
5.024216e+00,8.449700e+01,1.267757e-03,-3.587600e+00
4.510141e+00,7.305490e+01,1.060702e-03,-2.653000e+00
3.912363e+00,5.783192e+01,8.746251e-04,-1.790400e+00
3.024014e+00,3.409228e+01,6.851214e-04,-9.065000e-01
3.396389e+00,3.864687e+01,6.811527e-04,-1.003800e+00
4.394130e+00,6.555802e+01,8.695601e-04,-1.990000e+00
5.065519e+00,8.281471e+01,1.054560e-03,-2.933600e+00
5.642898e+00,9.578544e+01,1.260415e-03,-3.681000e+00
6.163703e+00,1.060546e+02,1.483550e-03,-4.373800e+00
6.636576e+00,1.143523e+02,1.717489e-03,-4.998500e+00
7.061021e+00,1.210846e+02,1.953531e-03,-5.559700e+00
7.433002e+00,1.265016e+02,2.181241e-03,-6.033500e+00
7.747219e+00,1.307669e+02,2.389166e-03,-6.538600e+00
7.998270e+00,1.339905e+02,2.565789e-03,-6.982000e+00
8.181368e+00,1.362464e+02,2.700596e-03,-7.303400e+00
8.292795e+00,1.375821e+02,2.785142e-03,-7.540800e+00
8.330204e+00,1.380245e+02,2.813956e-03,-7.587300e+00
8.292795e+00,1.375821e+02,2.785142e-03,-7.540800e+00
8.181368e+00,1.362464e+02,2.700596e-03,-7.303400e+00
7.998270e+00,1.339905e+02,2.565789e-03,-6.982000e+00
7.747219e+00,1.307669e+02,2.389166e-03,-6.538600e+00
7.433002e+00,1.265016e+02,2.181241e-03,-6.033500e+00
7.061021e+00,1.210846e+02,1.953531e-03,-5.559700e+00
6.636576e+00,1.143523e+02,1.717489e-03,-4.998500e+00
6.163703e+00,1.060546e+02,1.483550e-03,-4.373800e+00
5.642898e+00,9.578544e+01,1.260415e-03,-3.681000e+00
5.065519e+00,8.281471e+01,1.054560e-03,-2.933600e+00
4.394130e+00,6.555802e+01,8.695601e-04,-1.990000e+00
3.396389e+00,3.864687e+01,6.811527e-04,-1.003800e+00
3.774438e+00,4.364916e+01,6.773105e-04,-1.100100e+00
4.883239e+00,7.404358e+01,8.646560e-04,-2.187500e+00
5.629360e+00,9.353391e+01,1.048612e-03,-3.009000e+00
6.271006e+00,1.081835e+02,1.253307e-03,-3.691100e+00
6.849782e+00,1.197818e+02,1.475184e-03,-4.330100e+00
7.375291e+00,1.291536e+02,1.707803e-03,-4.846600e+00
7.846981e+00,1.367573e+02,1.942514e-03,-5.480800e+00
8.260368e+00,1.428754e+02,2.168940e-03,-6.089500e+00
8.609559e+00,1.476928e+02,2.375693e-03,-6.619400e+00
8.888555e+00,1.513336e+02,2.551320e-03,-7.009100e+00
9.092034e+00,1.538815e+02,2.685366e-03,-7.331800e+00
9.215864e+00,1.553902e+02,2.769436e-03,-7.491200e+00
9.257437e+00,1.558898e+02,2.798087e-03,-7.575700e+00
9.215864e+00,1.553902e+02,2.769436e-03,-7.491200e+00
9.092034e+00,1.538815e+02,2.685366e-03,-7.331800e+00
8.888555e+00,1.513336e+02,2.551320e-03,-7.009100e+00
8.609559e+00,1.476928e+02,2.375693e-03,-6.619400e+00
8.260368e+00,1.428754e+02,2.168940e-03,-6.089500e+00
7.846981e+00,1.367573e+02,1.942514e-03,-5.480800e+00
7.375291e+00,1.291536e+02,1.707803e-03,-4.846600e+00
6.849782e+00,1.197818e+02,1.475184e-03,-4.330100e+00
6.271006e+00,1.081835e+02,1.253307e-03,-3.691100e+00
5.629360e+00,9.353391e+01,1.048612e-03,-3.009000e+00
4.883239e+00,7.404358e+01,8.646560e-04,-2.187500e+00
3.774438e+00,4.364916e+01,6.773105e-04,-1.100100e+00
4.162918e+00,4.919994e+01,6.733123e-04,-1.195000e+00
5.385842e+00,8.345956e+01,8.595524e-04,-2.284000e+00
6.208757e+00,1.054284e+02,1.042423e-03,-3.020900e+00
6.916444e+00,1.219410e+02,1.245909e-03,-3.666700e+00
7.554790e+00,1.350143e+02,1.466477e-03,-4.205800e+00
8.134386e+00,1.455778e+02,1.697723e-03,-4.925600e+00
8.654624e+00,1.541484e+02,1.931049e-03,-5.552700e+00
9.110559e+00,1.610446e+02,2.156138e-03,-6.120600e+00
9.495690e+00,1.664746e+02,2.361671e-03,-6.572300e+00
9.803402e+00,1.705785e+02,2.536261e-03,-6.969800e+00
1.002782e+01,1.734503e+02,2.669516e-03,-7.201500e+00
1.016440e+01,1.751509e+02,2.753090e-03,-7.416300e+00
1.021025e+01,1.757141e+02,2.781572e-03,-7.502000e+00
1.016440e+01,1.751509e+02,2.753090e-03,-7.416300e+00
1.002782e+01,1.734503e+02,2.669516e-03,-7.201500e+00
9.803402e+00,1.705785e+02,2.536261e-03,-6.969800e+00
9.495690e+00,1.664746e+02,2.361671e-03,-6.572300e+00
9.110559e+00,1.610446e+02,2.156138e-03,-6.120600e+00
8.654624e+00,1.541484e+02,1.931049e-03,-5.552700e+00
8.134386e+00,1.455778e+02,1.697723e-03,-4.925600e+00
7.554790e+00,1.350143e+02,1.466477e-03,-4.205800e+00
6.916444e+00,1.219410e+02,1.245909e-03,-3.666700e+00
6.208757e+00,1.054284e+02,1.042423e-03,-3.020900e+00
5.385842e+00,8.345956e+01,8.595524e-04,-2.284000e+00
4.162918e+00,4.919994e+01,6.733123e-04,-1.195000e+00
4.566046e+00,5.541140e+01,6.690456e-04,-1.308300e+00
5.907396e+00,9.399627e+01,8.541058e-04,-2.347500e+00
6.810000e+00,1.187387e+02,1.035817e-03,-3.035900e+00
7.586218e+00,1.373360e+02,1.238015e-03,-3.586400e+00
8.286381e+00,1.520597e+02,1.457184e-03,-4.315000e+00
8.922103e+00,1.639569e+02,1.686965e-03,-4.984000e+00
9.492721e+00,1.736095e+02,1.918813e-03,-5.582300e+00
9.992807e+00,1.813764e+02,2.142476e-03,-6.050800e+00
1.041523e+01,1.874919e+02,2.346706e-03,-6.574900e+00
1.075274e+01,1.921139e+02,2.520190e-03,-7.011900e+00
1.099890e+01,1.953483e+02,2.652601e-03,-7.312300e+00
1.114870e+01,1.972636e+02,2.735645e-03,-7.502000e+00
1.119899e+01,1.978978e+02,2.763947e-03,-7.578100e+00
1.114870e+01,1.972636e+02,2.735645e-03,-7.502000e+00
1.099890e+01,1.953483e+02,2.652601e-03,-7.312300e+00
1.075274e+01,1.921139e+02,2.520190e-03,-7.011900e+00
1.041523e+01,1.874919e+02,2.346706e-03,-6.574900e+00
9.992807e+00,1.813764e+02,2.142476e-03,-6.050800e+00
9.492721e+00,1.736095e+02,1.918813e-03,-5.582300e+00
8.922103e+00,1.639569e+02,1.686965e-03,-4.984000e+00
8.286381e+00,1.520597e+02,1.457184e-03,-4.315000e+00
7.586218e+00,1.373360e+02,1.238015e-03,-3.586400e+00
6.810000e+00,1.187387e+02,1.035817e-03,-3.035900e+00
5.907396e+00,9.399627e+01,8.541058e-04,-2.347500e+00
4.566046e+00,5.541140e+01,6.690456e-04,-1.308300e+00
4.987457e+00,6.240759e+01,6.643673e-04,-1.439400e+00
6.452604e+00,1.058642e+02,8.481336e-04,-2.378800e+00
7.438513e+00,1.337305e+02,1.028575e-03,-2.980900e+00
8.286370e+00,1.546759e+02,1.229358e-03,-3.706300e+00
9.051152e+00,1.712587e+02,1.446995e-03,-4.376100e+00
9.745547e+00,1.846579e+02,1.675170e-03,-4.993400e+00
1.036883e+01,1.955293e+02,1.905396e-03,-5.604000e+00
1.091507e+01,2.042768e+02,2.127495e-03,-6.170600e+00
1.137648e+01,2.111644e+02,2.330297e-03,-6.664800e+00
1.174514e+01,2.163700e+02,2.502569e-03,-7.042200e+00
1.201402e+01,2.200128e+02,2.634054e-03,-7.326900e+00
1.217764e+01,2.221699e+02,2.716517e-03,-7.484500e+00
1.223257e+01,2.228842e+02,2.744621e-03,-7.547800e+00
1.217764e+01,2.221699e+02,2.716517e-03,-7.484500e+00
1.201402e+01,2.200128e+02,2.634054e-03,-7.326900e+00
1.174514e+01,2.163700e+02,2.502569e-03,-7.042200e+00
1.137648e+01,2.111644e+02,2.330297e-03,-6.664800e+00
1.091507e+01,2.042768e+02,2.127495e-03,-6.170600e+00
1.036883e+01,1.955293e+02,1.905396e-03,-5.604000e+00
9.745547e+00,1.846579e+02,1.675170e-03,-4.993400e+00
9.051152e+00,1.712587e+02,1.446995e-03,-4.376100e+00
8.286370e+00,1.546759e+02,1.229358e-03,-3.706300e+00
7.438513e+00,1.337305e+02,1.028575e-03,-2.980900e+00
6.452604e+00,1.058642e+02,8.481336e-04,-2.378800e+00
4.987457e+00,6.240759e+01,6.643673e-04,-1.439400e+00
5.430537e+00,7.032539e+01,6.591858e-04,-1.495600e+00
7.025847e+00,1.192954e+02,8.415190e-04,-2.368400e+00
8.099342e+00,1.506973e+02,1.020553e-03,-3.063800e+00
9.022522e+00,1.743000e+02,1.219770e-03,-3.761500e+00
9.855246e+00,1.929867e+02,1.435710e-03,-4.388600e+00
1.061133e+01,2.080860e+02,1.662105e-03,-5.055200e+00
1.128998e+01,2.203366e+02,1.890536e-03,-5.674800e+00
1.188475e+01,2.301939e+02,2.110903e-03,-6.211600e+00
1.238716e+01,2.379554e+02,2.312124e-03,-6.648000e+00
1.278857e+01,2.438214e+02,2.483051e-03,-7.065000e+00
1.308133e+01,2.479264e+02,2.613511e-03,-7.388600e+00
1.325949e+01,2.503571e+02,2.695331e-03,-7.574600e+00
1.331930e+01,2.511621e+02,2.723215e-03,-7.646600e+00
1.325949e+01,2.503571e+02,2.695331e-03,-7.574600e+00
1.308133e+01,2.479264e+02,2.613511e-03,-7.388600e+00
1.278857e+01,2.438214e+02,2.483051e-03,-7.065000e+00
1.238716e+01,2.379554e+02,2.312124e-03,-6.648000e+00
1.188475e+01,2.301939e+02,2.110903e-03,-6.211600e+00
1.128998e+01,2.203366e+02,1.890536e-03,-5.674800e+00
1.061133e+01,2.080860e+02,1.662105e-03,-5.055200e+00
9.855246e+00,1.929867e+02,1.435710e-03,-4.388600e+00
9.022522e+00,1.743000e+02,1.219770e-03,-3.761500e+00
8.099342e+00,1.506973e+02,1.020553e-03,-3.063800e+00
7.025847e+00,1.192954e+02,8.415190e-04,-2.368400e+00
5.430537e+00,7.032539e+01,6.591858e-04,-1.495600e+00
5.898371e+00,7.931558e+01,6.533985e-04,-1.537600e+00
7.631115e+00,1.345458e+02,8.341310e-04,-2.370100e+00
8.797090e+00,1.699620e+02,1.011593e-03,-3.134800e+00
9.799801e+00,1.965820e+02,1.209062e-03,-3.795500e+00
1.070426e+01,2.176575e+02,1.423105e-03,-4.485200e+00
1.152548e+01,2.346870e+02,1.647513e-03,-5.140200e+00
1.226260e+01,2.485038e+02,1.873938e-03,-5.705200e+00
1.290861e+01,2.596212e+02,2.092370e-03,-6.269800e+00
1.345430e+01,2.683749e+02,2.291825e-03,-6.780300e+00
1.389029e+01,2.749908e+02,2.461251e-03,-7.208800e+00
1.420827e+01,2.796206e+02,2.590566e-03,-7.520600e+00
1.440178e+01,2.823620e+02,2.671667e-03,-7.682700e+00
1.446674e+01,2.832699e+02,2.699307e-03,-7.745700e+00
1.440178e+01,2.823620e+02,2.671667e-03,-7.682700e+00
1.420827e+01,2.796206e+02,2.590566e-03,-7.520600e+00
1.389029e+01,2.749908e+02,2.461251e-03,-7.208800e+00
1.345430e+01,2.683749e+02,2.291825e-03,-6.780300e+00
1.290861e+01,2.596212e+02,2.092370e-03,-6.269800e+00
1.226260e+01,2.485038e+02,1.873938e-03,-5.705200e+00
1.152548e+01,2.346870e+02,1.647513e-03,-5.140200e+00
1.070426e+01,2.176575e+02,1.423105e-03,-4.485200e+00
9.799801e+00,1.965820e+02,1.209062e-03,-3.795500e+00
8.797090e+00,1.699620e+02,1.011593e-03,-3.134800e+00
7.631115e+00,1.345458e+02,8.341310e-04,-2.370100e+00
5.898371e+00,7.931558e+01,6.533985e-04,-1.537600e+00
6.394850e+00,8.954396e+01,6.472147e-04,-1.579000e+00
8.273442e+00,1.518965e+02,8.262368e-04,-2.446900e+00
9.537560e+00,1.918799e+02,1.002019e-03,-3.177100e+00
1.062467e+01,2.219328e+02,1.197619e-03,-3.868700e+00
1.160526e+01,2.457262e+02,1.409637e-03,-4.555700e+00
1.249561e+01,2.649518e+02,1.631921e-03,-5.134700e+00
1.329477e+01,2.805503e+02,1.856203e-03,-5.818400e+00
1.399515e+01,2.931014e+02,2.072568e-03,-6.396600e+00
1.458677e+01,3.029840e+02,2.270135e-03,-6.885400e+00
1.505946e+01,3.104530e+02,2.437958e-03,-7.267300e+00
1.540421e+01,3.156799e+02,2.566049e-03,-7.651300e+00
1.561401e+01,3.187749e+02,2.646383e-03,-7.874000e+00
1.568444e+01,3.197999e+02,2.673761e-03,-7.949400e+00
1.561401e+01,3.187749e+02,2.646383e-03,-7.874000e+00
1.540421e+01,3.156799e+02,2.566049e-03,-7.651300e+00
1.505946e+01,3.104530e+02,2.437958e-03,-7.267300e+00
1.458677e+01,3.029840e+02,2.270135e-03,-6.885400e+00
1.399515e+01,2.931014e+02,2.072568e-03,-6.396600e+00
1.329477e+01,2.805503e+02,1.856203e-03,-5.818400e+00
1.249561e+01,2.649518e+02,1.631921e-03,-5.134700e+00
1.160526e+01,2.457262e+02,1.409637e-03,-4.555700e+00
1.062467e+01,2.219328e+02,1.197619e-03,-3.868700e+00
9.537560e+00,1.918799e+02,1.002019e-03,-3.177100e+00
8.273442e+00,1.518965e+02,8.262368e-04,-2.446900e+00
6.394850e+00,8.954396e+01,6.472147e-04,-1.579000e+00
6.922769e+00,1.011975e+02,6.404558e-04,-1.580000e+00
8.956446e+00,1.716649e+02,8.176082e-04,-2.512100e+00
1.032492e+01,2.168519e+02,9.915549e-04,-3.222600e+00
1.150178e+01,2.508160e+02,1.185112e-03,-3.946000e+00
1.256332e+01,2.777059e+02,1.394916e-03,-4.571800e+00
1.352717e+01,2.994336e+02,1.614878e-03,-5.276600e+00
1.439230e+01,3.170622e+02,1.836818e-03,-5.916700e+00
1.515051e+01,3.312467e+02,2.050924e-03,-6.481500e+00
1.579097e+01,3.424155e+02,2.246427e-03,-7.080800e+00
1.630268e+01,3.508566e+02,2.412498e-03,-7.580400e+00
1.667588e+01,3.567637e+02,2.539251e-03,-7.941100e+00
1.690300e+01,3.602614e+02,2.618746e-03,-8.148800e+00
1.697925e+01,3.614198e+02,2.645838e-03,-8.218800e+00
1.690300e+01,3.602614e+02,2.618746e-03,-8.148800e+00
1.667588e+01,3.567637e+02,2.539251e-03,-7.941100e+00
1.630268e+01,3.508566e+02,2.412498e-03,-7.580400e+00
1.579097e+01,3.424155e+02,2.246427e-03,-7.080800e+00
1.515051e+01,3.312467e+02,2.050924e-03,-6.481500e+00
1.439230e+01,3.170622e+02,1.836818e-03,-5.916700e+00
1.352717e+01,2.994336e+02,1.614878e-03,-5.276600e+00
1.256332e+01,2.777059e+02,1.394916e-03,-4.571800e+00
1.150178e+01,2.508160e+02,1.185112e-03,-3.946000e+00
1.032492e+01,2.168519e+02,9.915549e-04,-3.222600e+00
8.956446e+00,1.716649e+02,8.176082e-04,-2.512100e+00
6.922769e+00,1.011975e+02,6.404558e-04,-1.580000e+00
7.483683e+00,1.144756e+02,6.327377e-04,-1.562700e+00
9.682138e+00,1.941890e+02,8.077552e-04,-2.536700e+00
1.116149e+01,2.453049e+02,9.796057e-04,-3.298800e+00
1.243370e+01,2.837254e+02,1.170830e-03,-3.964500e+00
1.358126e+01,3.141436e+02,1.378106e-03,-4.700000e+00
1.462320e+01,3.387222e+02,1.595417e-03,-5.375600e+00
1.555844e+01,3.586638e+02,1.814683e-03,-6.070800e+00
1.637807e+01,3.747095e+02,2.026208e-03,-6.759400e+00
1.707042e+01,3.873437e+02,2.219356e-03,-7.336100e+00
1.762360e+01,3.968923e+02,2.383425e-03,-7.808000e+00
1.802704e+01,4.035744e+02,2.508650e-03,-8.134900e+00
1.827256e+01,4.075312e+02,2.587188e-03,-8.327800e+00
1.835499e+01,4.088415e+02,2.613953e-03,-8.385800e+00
1.827256e+01,4.075312e+02,2.587188e-03,-8.327800e+00
1.802704e+01,4.035744e+02,2.508650e-03,-8.134900e+00
1.762360e+01,3.968923e+02,2.383425e-03,-7.808000e+00
1.707042e+01,3.873437e+02,2.219356e-03,-7.336100e+00
1.637807e+01,3.747095e+02,2.026208e-03,-6.759400e+00
1.555844e+01,3.586638e+02,1.814683e-03,-6.070800e+00
1.462320e+01,3.387222e+02,1.595417e-03,-5.375600e+00
1.358126e+01,3.141436e+02,1.378106e-03,-4.700000e+00
1.243370e+01,2.837254e+02,1.170830e-03,-3.964500e+00
1.116149e+01,2.453049e+02,9.796057e-04,-3.298800e+00
9.682138e+00,1.941890e+02,8.077552e-04,-2.536700e+00
7.483683e+00,1.144756e+02,6.327377e-04,-1.562700e+00
8.079242e+00,1.295896e+02,6.238692e-04,-1.630300e+00
1.045265e+01,2.198274e+02,7.964337e-04,-2.590400e+00
1.204974e+01,2.776921e+02,9.658755e-04,-3.344600e+00
1.342319e+01,3.211852e+02,1.154420e-03,-4.071600e+00
1.466207e+01,3.556194e+02,1.358790e-03,-4.783700e+00
1.578693e+01,3.834431e+02,1.573056e-03,-5.534000e+00
1.679659e+01,4.060175e+02,1.789248e-03,-6.295200e+00
1.768145e+01,4.241817e+02,1.997808e-03,-6.950500e+00
1.842890e+01,4.384839e+02,2.188249e-03,-7.465300e+00
1.902610e+01,4.492933e+02,2.350019e-03,-7.868400e+00
1.946165e+01,4.568577e+02,2.473489e-03,-8.155700e+00
1.972671e+01,4.613368e+02,2.550925e-03,-8.312100e+00
1.981569e+01,4.628202e+02,2.577316e-03,-8.375500e+00
1.972671e+01,4.613368e+02,2.550925e-03,-8.312100e+00
1.946165e+01,4.568577e+02,2.473489e-03,-8.155700e+00
1.902610e+01,4.492933e+02,2.350019e-03,-7.868400e+00
1.842890e+01,4.384839e+02,2.188249e-03,-7.465300e+00
1.768145e+01,4.241817e+02,1.997808e-03,-6.950500e+00
1.679659e+01,4.060175e+02,1.789248e-03,-6.295200e+00
1.578693e+01,3.834431e+02,1.573056e-03,-5.534000e+00
1.466207e+01,3.556194e+02,1.358790e-03,-4.783700e+00
1.342319e+01,3.211852e+02,1.154420e-03,-4.071600e+00
1.204974e+01,2.776921e+02,9.658755e-04,-3.344600e+00
1.045265e+01,2.198274e+02,7.964337e-04,-2.590400e+00
8.079242e+00,1.295896e+02,6.238692e-04,-1.630300e+00
8.712401e+00,1.467628e+02,6.140522e-04,-1.674700e+00
1.127181e+01,2.489588e+02,7.839011e-04,-2.650100e+00
1.299406e+01,3.144917e+02,9.506766e-04,-3.391600e+00
1.447515e+01,3.637485e+02,1.136254e-03,-4.153100e+00
1.581111e+01,4.027459e+02,1.337408e-03,-4.936600e+00
1.702413e+01,4.342567e+02,1.548302e-03,-5.736200e+00
1.811291e+01,4.598227e+02,1.761093e-03,-6.441800e+00
1.906712e+01,4.803940e+02,1.966371e-03,-7.005500e+00
1.987315e+01,4.965916e+02,2.153815e-03,-7.467200e+00
2.051715e+01,5.088333e+02,2.313039e-03,-7.908700e+00
2.098683e+01,5.174002e+02,2.434566e-03,-8.240200e+00
2.127266e+01,5.224728e+02,2.510784e-03,-8.444200e+00
2.136862e+01,5.241528e+02,2.536759e-03,-8.517900e+00
2.127266e+01,5.224728e+02,2.510784e-03,-8.444200e+00
2.098683e+01,5.174002e+02,2.434566e-03,-8.240200e+00
2.051715e+01,5.088333e+02,2.313039e-03,-7.908700e+00
1.987315e+01,4.965916e+02,2.153815e-03,-7.467200e+00
1.906712e+01,4.803940e+02,1.966371e-03,-7.005500e+00
1.811291e+01,4.598227e+02,1.761093e-03,-6.441800e+00
1.702413e+01,4.342567e+02,1.548302e-03,-5.736200e+00
1.581111e+01,4.027459e+02,1.337408e-03,-4.936600e+00
1.447515e+01,3.637485e+02,1.136254e-03,-4.153100e+00
1.299406e+01,3.144917e+02,9.506766e-04,-3.391600e+00
1.127181e+01,2.489588e+02,7.839011e-04,-2.650100e+00
8.712401e+00,1.467628e+02,6.140522e-04,-1.674700e+00
9.384827e+00,1.662436e+02,6.031599e-04,-1.697800e+00
1.214177e+01,2.820048e+02,7.699958e-04,-2.674800e+00
1.399694e+01,3.562363e+02,9.338129e-04,-3.476000e+00
1.559234e+01,4.120313e+02,1.116098e-03,-4.258800e+00
1.703142e+01,4.562051e+02,1.313685e-03,-5.104700e+00
1.833805e+01,4.918986e+02,1.520838e-03,-5.848000e+00
1.951087e+01,5.208582e+02,1.729853e-03,-6.458000e+00
2.053873e+01,5.441600e+02,1.931490e-03,-7.039500e+00
2.140696e+01,5.625076e+02,2.115609e-03,-7.604500e+00
2.210066e+01,5.763743e+02,2.272009e-03,-8.026700e+00
2.260660e+01,5.860783e+02,2.391380e-03,-8.349200e+00
2.291449e+01,5.918243e+02,2.466246e-03,-8.568700e+00
2.301786e+01,5.937272e+02,2.491761e-03,-8.641900e+00
2.291449e+01,5.918243e+02,2.466246e-03,-8.568700e+00
2.260660e+01,5.860783e+02,2.391380e-03,-8.349200e+00
2.210066e+01,5.763743e+02,2.272009e-03,-8.026700e+00
2.140696e+01,5.625076e+02,2.115609e-03,-7.604500e+00
2.053873e+01,5.441600e+02,1.931490e-03,-7.039500e+00
1.951087e+01,5.208582e+02,1.729853e-03,-6.458000e+00
1.833805e+01,4.918986e+02,1.520838e-03,-5.848000e+00
1.703142e+01,4.562051e+02,1.313685e-03,-5.104700e+00
1.559234e+01,4.120313e+02,1.116098e-03,-4.258800e+00
1.399694e+01,3.562363e+02,9.338129e-04,-3.476000e+00
1.214177e+01,2.820048e+02,7.699958e-04,-2.674800e+00
9.384827e+00,1.662436e+02,6.031599e-04,-1.697800e+00
1.009323e+01,1.882731e+02,5.903720e-04,-1.707900e+00
1.305827e+01,3.193741e+02,7.536706e-04,-2.715900e+00
1.505348e+01,4.034423e+02,9.140146e-04,-3.511900e+00
1.676930e+01,4.666308e+02,1.092435e-03,-4.410800e+00
1.831701e+01,5.166582e+02,1.285832e-03,-5.196800e+00
1.972227e+01,5.570816e+02,1.488593e-03,-5.837100e+00
2.098362e+01,5.898787e+02,1.693178e-03,-6.522500e+00
2.208906e+01,6.162683e+02,1.890540e-03,-7.138200e+00
2.302283e+01,6.370472e+02,2.070755e-03,-7.689400e+00
2.376890e+01,6.527514e+02,2.223838e-03,-8.151900e+00
2.431302e+01,6.637412e+02,2.340679e-03,-8.480400e+00
2.464415e+01,6.702487e+02,2.413958e-03,-8.670500e+00
2.475532e+01,6.724038e+02,2.438931e-03,-8.733900e+00
2.464415e+01,6.702487e+02,2.413958e-03,-8.670500e+00
2.431302e+01,6.637412e+02,2.340679e-03,-8.480400e+00
2.376890e+01,6.527514e+02,2.223838e-03,-8.151900e+00
2.302283e+01,6.370472e+02,2.070755e-03,-7.689400e+00
2.208906e+01,6.162683e+02,1.890540e-03,-7.138200e+00
2.098362e+01,5.898787e+02,1.693178e-03,-6.522500e+00
1.972227e+01,5.570816e+02,1.488593e-03,-5.837100e+00
1.831701e+01,5.166582e+02,1.285832e-03,-5.196800e+00
1.676930e+01,4.666308e+02,1.092435e-03,-4.410800e+00
1.505348e+01,4.034423e+02,9.140146e-04,-3.511900e+00
1.305827e+01,3.193741e+02,7.536706e-04,-2.715900e+00
1.009323e+01,1.882731e+02,5.903720e-04,-1.707900e+00
1.084126e+01,2.130889e+02,5.763650e-04,-1.750300e+00
1.402605e+01,3.614700e+02,7.357890e-04,-2.768500e+00
1.616912e+01,4.566190e+02,8.923285e-04,-3.648700e+00
1.801211e+01,5.281362e+02,1.066516e-03,-4.493100e+00
1.967452e+01,5.847576e+02,1.255325e-03,-5.182900e+00
2.118393e+01,6.305091e+02,1.453275e-03,-5.913800e+00
2.253876e+01,6.676291e+02,1.653005e-03,-6.583600e+00
2.372613e+01,6.974970e+02,1.845684e-03,-7.228800e+00
2.472910e+01,7.210147e+02,2.021623e-03,-7.768700e+00
2.553046e+01,7.387889e+02,2.171075e-03,-8.228300e+00
2.611491e+01,7.512273e+02,2.285143e-03,-8.568300e+00
2.647058e+01,7.585924e+02,2.356683e-03,-8.782900e+00
2.658999e+01,7.610316e+02,2.381065e-03,-8.847200e+00
2.647058e+01,7.585924e+02,2.356683e-03,-8.782900e+00
2.611491e+01,7.512273e+02,2.285143e-03,-8.568300e+00
2.553046e+01,7.387889e+02,2.171075e-03,-8.228300e+00
2.472910e+01,7.210147e+02,2.021623e-03,-7.768700e+00
2.372613e+01,6.974970e+02,1.845684e-03,-7.228800e+00
2.253876e+01,6.676291e+02,1.653005e-03,-6.583600e+00
2.118393e+01,6.305091e+02,1.453275e-03,-5.913800e+00
1.967452e+01,5.847576e+02,1.255325e-03,-5.182900e+00
1.801211e+01,5.281362e+02,1.066516e-03,-4.493100e+00
1.616912e+01,4.566190e+02,8.923285e-04,-3.648700e+00
1.402605e+01,3.614700e+02,7.357890e-04,-2.768500e+00
1.084126e+01,2.130889e+02,5.763650e-04,-1.750300e+00
1.162090e+01,2.409358e+02,5.599741e-04,-1.768400e+00
1.503472e+01,4.087076e+02,7.148642e-04,-2.788100e+00
1.733191e+01,5.162909e+02,8.669520e-04,-3.732600e+00
1.930743e+01,5.971542e+02,1.036186e-03,-4.487400e+00
2.108939e+01,6.611750e+02,1.219625e-03,-5.221300e+00
2.270735e+01,7.129053e+02,1.411945e-03,-5.946800e+00
2.415961e+01,7.548762e+02,1.605996e-03,-6.653800e+00
2.543236e+01,7.886474e+02,1.793195e-03,-7.279700e+00
2.650747e+01,8.152384e+02,1.964131e-03,-7.837400e+00
2.736645e+01,8.353353e+02,2.109333e-03,-8.273100e+00
2.799293e+01,8.493992e+02,2.220157e-03,-8.617200e+00
2.837418e+01,8.577269e+02,2.289662e-03,-8.837600e+00
2.850218e+01,8.604848e+02,2.313350e-03,-8.901200e+00
2.837418e+01,8.577269e+02,2.289662e-03,-8.837600e+00
2.799293e+01,8.493992e+02,2.220157e-03,-8.617200e+00
2.736645e+01,8.353353e+02,2.109333e-03,-8.273100e+00
2.650747e+01,8.152384e+02,1.964131e-03,-7.837400e+00
2.543236e+01,7.886474e+02,1.793195e-03,-7.279700e+00
2.415961e+01,7.548762e+02,1.605996e-03,-6.653800e+00
2.270735e+01,7.129053e+02,1.411945e-03,-5.946800e+00
2.108939e+01,6.611750e+02,1.219625e-03,-5.221300e+00
1.930743e+01,5.971542e+02,1.036186e-03,-4.487400e+00
1.733191e+01,5.162909e+02,8.669520e-04,-3.732600e+00
1.503472e+01,4.087076e+02,7.148642e-04,-2.788100e+00
1.162090e+01,2.409358e+02,5.599741e-04,-1.768400e+00
1.243224e+01,2.720047e+02,5.417652e-04,-1.757600e+00
1.608441e+01,4.614110e+02,6.916183e-04,-2.864700e+00
1.854198e+01,5.828673e+02,8.387605e-04,-3.751700e+00
2.065544e+01,6.741580e+02,1.002491e-03,-4.478400e+00
2.256181e+01,7.464343e+02,1.179965e-03,-5.231600e+00
2.429273e+01,8.048354e+02,1.366032e-03,-5.986000e+00
2.584638e+01,8.522185e+02,1.553772e-03,-6.677000e+00
2.720799e+01,8.903445e+02,1.734884e-03,-7.300900e+00
2.835816e+01,9.203645e+02,1.900261e-03,-7.861200e+00
2.927712e+01,9.430529e+02,2.040741e-03,-8.315000e+00
2.994734e+01,9.589304e+02,2.147962e-03,-8.636600e+00
3.035520e+01,9.683319e+02,2.215207e-03,-8.856900e+00
3.049214e+01,9.714455e+02,2.238125e-03,-8.932400e+00
3.035520e+01,9.683319e+02,2.215207e-03,-8.856900e+00
2.994734e+01,9.589304e+02,2.147962e-03,-8.636600e+00
2.927712e+01,9.430529e+02,2.040741e-03,-8.315000e+00
2.835816e+01,9.203645e+02,1.900261e-03,-7.861200e+00
2.720799e+01,8.903445e+02,1.734884e-03,-7.300900e+00
2.584638e+01,8.522185e+02,1.553772e-03,-6.677000e+00
2.429273e+01,8.048354e+02,1.366032e-03,-5.986000e+00
2.256181e+01,7.464343e+02,1.179965e-03,-5.231600e+00
2.065544e+01,6.741580e+02,1.002491e-03,-4.478400e+00
1.854198e+01,5.828673e+02,8.387605e-04,-3.751700e+00
1.608441e+01,4.614110e+02,6.916183e-04,-2.864700e+00
1.243224e+01,2.720047e+02,5.417652e-04,-1.757600e+00
1.314879e+01,3.064448e+02,5.075156e-04,-1.743300e+00
1.701145e+01,5.198329e+02,6.478950e-04,-2.863400e+00
1.961067e+01,6.566674e+02,7.857350e-04,-3.652000e+00
2.184594e+01,7.595169e+02,9.391147e-04,-4.418600e+00
2.386218e+01,8.409446e+02,1.105369e-03,-5.170200e+00
2.569286e+01,9.067401e+02,1.279673e-03,-5.888500e+00
2.733606e+01,9.601227e+02,1.455544e-03,-6.558200e+00
2.877615e+01,1.003076e+03,1.625207e-03,-7.191000e+00
2.999261e+01,1.036897e+03,1.780129e-03,-7.714500e+00
3.096453e+01,1.062458e+03,1.911728e-03,-8.193900e+00
3.167338e+01,1.080346e+03,2.012170e-03,-8.544500e+00
3.210476e+01,1.090938e+03,2.075164e-03,-8.758200e+00
3.224958e+01,1.094446e+03,2.096633e-03,-8.824400e+00
3.210476e+01,1.090938e+03,2.075164e-03,-8.758200e+00
3.167338e+01,1.080346e+03,2.012170e-03,-8.544500e+00
3.096453e+01,1.062458e+03,1.911728e-03,-8.193900e+00
2.999261e+01,1.036897e+03,1.780129e-03,-7.714500e+00
2.877615e+01,1.003076e+03,1.625207e-03,-7.191000e+00
2.733606e+01,9.601227e+02,1.455544e-03,-6.558200e+00
2.569286e+01,9.067401e+02,1.279673e-03,-5.888500e+00
2.386218e+01,8.409446e+02,1.105369e-03,-5.170200e+00
2.184594e+01,7.595169e+02,9.391147e-04,-4.418600e+00
1.961067e+01,6.566674e+02,7.857350e-04,-3.652000e+00
1.701145e+01,5.198329e+02,6.478950e-04,-2.863400e+00
1.314879e+01,3.064448e+02,5.075156e-04,-1.743300e+00
1.095983e+01,3.101956e+02,2.613194e-04,-1.124600e+00
1.417945e+01,5.261955e+02,3.336007e-04,-1.788500e+00
1.634596e+01,6.647049e+02,4.045744e-04,-2.364400e+00
1.820911e+01,7.688132e+02,4.835496e-04,-2.905700e+00
1.988970e+01,8.512376e+02,5.691538e-04,-3.338800e+00
2.141562e+01,9.178384e+02,6.589027e-04,-3.825600e+00
2.278526e+01,9.718744e+02,7.494587e-04,-4.264900e+00
2.398561e+01,1.015353e+03,8.368180e-04,-4.680400e+00
2.499956e+01,1.049588e+03,9.165873e-04,-5.024100e+00
2.580968e+01,1.075462e+03,9.843474e-04,-5.326500e+00
2.640052e+01,1.093569e+03,1.036065e-03,-5.551200e+00
2.676008e+01,1.104291e+03,1.068501e-03,-5.680000e+00
2.688080e+01,1.107841e+03,1.079555e-03,-5.726200e+00
2.676008e+01,1.104291e+03,1.068501e-03,-5.680000e+00
2.640052e+01,1.093569e+03,1.036065e-03,-5.551200e+00
2.580968e+01,1.075462e+03,9.843474e-04,-5.326500e+00
2.499956e+01,1.049588e+03,9.165873e-04,-5.024100e+00
2.398561e+01,1.015353e+03,8.368180e-04,-4.680400e+00
2.278526e+01,9.718744e+02,7.494587e-04,-4.264900e+00
2.141562e+01,9.178384e+02,6.589027e-04,-3.825600e+00
1.988970e+01,8.512376e+02,5.691538e-04,-3.338800e+00
1.820911e+01,7.688132e+02,4.835496e-04,-2.905700e+00
1.634596e+01,6.647049e+02,4.045744e-04,-2.364400e+00
1.417945e+01,5.261955e+02,3.336007e-04,-1.788500e+00
1.095983e+01,3.101956e+02,2.613194e-04,-1.124600e+00
8.764541e+00,2.873405e+02,1.311375e-04,-6.713000e-01
1.133927e+01,4.874256e+02,1.674105e-04,-1.076500e+00
1.307182e+01,6.157296e+02,2.030272e-04,-1.388000e+00
1.456177e+01,7.121672e+02,2.426593e-04,-1.695300e+00
1.590573e+01,7.885186e+02,2.856180e-04,-2.023700e+00
1.712601e+01,8.502123e+02,3.306566e-04,-2.352100e+00
1.822131e+01,9.002669e+02,3.761003e-04,-2.636200e+00
1.918123e+01,9.405424e+02,4.199397e-04,-2.870900e+00
1.999208e+01,9.722550e+02,4.599703e-04,-3.050900e+00
2.063993e+01,9.962226e+02,4.939743e-04,-3.242700e+00
2.111242e+01,1.012995e+03,5.199278e-04,-3.382500e+00
2.139996e+01,1.022927e+03,5.362049e-04,-3.466500e+00
2.149650e+01,1.026216e+03,5.417522e-04,-3.493600e+00
2.139996e+01,1.022927e+03,5.362049e-04,-3.466500e+00
2.111242e+01,1.012995e+03,5.199278e-04,-3.382500e+00
2.063993e+01,9.962226e+02,4.939743e-04,-3.242700e+00
1.999208e+01,9.722550e+02,4.599703e-04,-3.050900e+00
1.918123e+01,9.405424e+02,4.199397e-04,-2.870900e+00
1.822131e+01,9.002669e+02,3.761003e-04,-2.636200e+00
1.712601e+01,8.502123e+02,3.306566e-04,-2.352100e+00
1.590573e+01,7.885186e+02,2.856180e-04,-2.023700e+00
1.456177e+01,7.121672e+02,2.426593e-04,-1.695300e+00
1.307182e+01,6.157296e+02,2.030272e-04,-1.388000e+00
1.133927e+01,4.874256e+02,1.674105e-04,-1.076500e+00
8.764541e+00,2.873405e+02,1.311375e-04,-6.713000e-01
5.483068e+00,2.665997e+02,3.170923e-05,-2.466000e-01
7.093810e+00,4.522423e+02,4.048011e-05,-4.014000e-01
8.177689e+00,5.712851e+02,4.909229e-05,-5.252000e-01
9.109799e+00,6.607618e+02,5.867538e-05,-6.501000e-01
9.950579e+00,7.316019e+02,6.906286e-05,-7.582000e-01
1.071398e+01,7.888425e+02,7.995327e-05,-8.784000e-01
1.139919e+01,8.352841e+02,9.094162e-05,-9.869000e-01
1.199972e+01,8.726524e+02,1.015421e-04,-1.080200e+00
1.250698e+01,9.020759e+02,1.112215e-04,-1.154200e+00
1.291228e+01,9.243135e+02,1.194438e-04,-1.231700e+00
1.320787e+01,9.398755e+02,1.257193e-04,-1.289200e+00
1.338775e+01,9.490901e+02,1.296552e-04,-1.323500e+00
1.344814e+01,9.521419e+02,1.309965e-04,-1.335000e+00
1.338775e+01,9.490901e+02,1.296552e-04,-1.323500e+00
1.320787e+01,9.398755e+02,1.257193e-04,-1.289200e+00
1.291228e+01,9.243135e+02,1.194438e-04,-1.231700e+00
1.250698e+01,9.020759e+02,1.112215e-04,-1.154200e+00
1.199972e+01,8.726524e+02,1.015421e-04,-1.080200e+00
1.139919e+01,8.352841e+02,9.094162e-05,-9.869000e-01
1.071398e+01,7.888425e+02,7.995327e-05,-8.784000e-01
9.950579e+00,7.316019e+02,6.906286e-05,-7.582000e-01
9.109799e+00,6.607618e+02,5.867538e-05,-6.501000e-01
8.177689e+00,5.712851e+02,4.909229e-05,-5.252000e-01
7.093810e+00,4.522423e+02,4.048011e-05,-4.014000e-01
5.483068e+00,2.665997e+02,3.170923e-05,-2.466000e-01
4.669468e-01,2.570460e+02,1.949514e-08,-2.000000e-04
6.041202e-01,4.360360e+02,2.488757e-08,-3.000000e-04
6.964251e-01,5.508128e+02,3.018242e-08,-5.000000e-04
7.758051e-01,6.370830e+02,3.607420e-08,-6.000000e-04
8.474072e-01,7.053845e+02,4.246053e-08,-9.000000e-04
9.124194e-01,7.605739e+02,4.915606e-08,-1.100000e-03
9.707737e-01,8.053512e+02,5.591181e-08,-1.300000e-03
1.021915e+00,8.413804e+02,6.242906e-08,-1.600000e-03
1.065115e+00,8.697495e+02,6.838009e-08,-1.700000e-03
1.099630e+00,8.911902e+02,7.343520e-08,-1.900000e-03
1.124803e+00,9.061945e+02,7.729349e-08,-2.100000e-03
1.140122e+00,9.150789e+02,7.971328e-08,-2.200000e-03
1.145266e+00,9.180213e+02,8.053796e-08,-2.200000e-03
1.140122e+00,9.150789e+02,7.971328e-08,-2.200000e-03
1.124803e+00,9.061945e+02,7.729349e-08,-2.100000e-03
1.099630e+00,8.911902e+02,7.343520e-08,-1.900000e-03
1.065115e+00,8.697495e+02,6.838009e-08,-1.700000e-03
1.021915e+00,8.413804e+02,6.242906e-08,-1.600000e-03
9.707737e-01,8.053512e+02,5.591181e-08,-1.300000e-03
9.124194e-01,7.605739e+02,4.915606e-08,-1.100000e-03
8.474072e-01,7.053845e+02,4.246053e-08,-9.000000e-04
7.758051e-01,6.370830e+02,3.607420e-08,-6.000000e-04
6.964251e-01,5.508128e+02,3.018242e-08,-5.000000e-04
6.041202e-01,4.360360e+02,2.488757e-08,-3.000000e-04
4.669468e-01,2.570460e+02,1.949514e-08,-2.000000e-04
2.725933e+00,2.879040e+01,9.379031e-04,-1.100300e+00
2.827997e+00,4.883815e+01,1.197332e-03,-2.127700e+00
2.664872e+00,6.169372e+01,1.452066e-03,-3.152400e+00
2.473656e+00,7.135640e+01,1.735517e-03,-4.243100e+00
2.295102e+00,7.900651e+01,2.042761e-03,-5.493100e+00
2.139764e+00,8.518798e+01,2.364881e-03,-6.794200e+00
2.009506e+00,9.020326e+01,2.689898e-03,-8.141300e+00
1.903377e+00,9.423871e+01,3.003441e-03,-9.460300e+00
1.819631e+00,9.741618e+01,3.289743e-03,-1.066680e+01
1.756503e+00,9.981764e+01,3.532943e-03,-1.178170e+01
1.712508e+00,1.014982e+02,3.718564e-03,-1.251680e+01
1.686553e+00,1.024933e+02,3.834980e-03,-1.302710e+01
1.677975e+00,1.028229e+02,3.874655e-03,-1.328040e+01
1.686553e+00,1.024933e+02,3.834980e-03,-1.302710e+01
1.712508e+00,1.014982e+02,3.718564e-03,-1.251680e+01
1.756503e+00,9.981764e+01,3.532943e-03,-1.178170e+01
1.819631e+00,9.741618e+01,3.289743e-03,-1.066680e+01
1.903377e+00,9.423871e+01,3.003441e-03,-9.460300e+00
2.009506e+00,9.020326e+01,2.689898e-03,-8.141300e+00
2.139764e+00,8.518798e+01,2.364881e-03,-6.794200e+00
2.295102e+00,7.900651e+01,2.042761e-03,-5.493100e+00
2.473656e+00,7.135640e+01,1.735517e-03,-4.243100e+00
2.664872e+00,6.169372e+01,1.452066e-03,-3.152400e+00
2.827997e+00,4.883815e+01,1.197332e-03,-2.127700e+00
2.725933e+00,2.879040e+01,9.379031e-04,-1.100300e+00
4.283435e+00,2.047528e+01,7.368098e-04,-6.645000e-01
4.442974e+00,3.473293e+01,9.400814e-04,-1.272700e+00
4.186638e+00,4.387561e+01,1.140040e-03,-1.853600e+00
3.886184e+00,5.074756e+01,1.362535e-03,-2.504400e+00
3.605631e+00,5.618819e+01,1.603697e-03,-3.191700e+00
3.361561e+00,6.058436e+01,1.856526e-03,-3.977800e+00
3.156898e+00,6.415115e+01,2.111620e-03,-4.718600e+00
2.990147e+00,6.702110e+01,2.357702e-03,-5.485400e+00
2.858566e+00,6.928087e+01,2.582399e-03,-6.167400e+00
2.759381e+00,7.098875e+01,2.773264e-03,-6.793700e+00
2.690257e+00,7.218393e+01,2.918940e-03,-7.240900e+00
2.649477e+00,7.289163e+01,3.010301e-03,-7.560100e+00
2.635999e+00,7.312601e+01,3.041438e-03,-7.638600e+00
2.649477e+00,7.289163e+01,3.010301e-03,-7.560100e+00
2.690257e+00,7.218393e+01,2.918940e-03,-7.240900e+00
2.759381e+00,7.098875e+01,2.773264e-03,-6.793700e+00
2.858566e+00,6.928087e+01,2.582399e-03,-6.167400e+00
2.990147e+00,6.702110e+01,2.357702e-03,-5.485400e+00
3.156898e+00,6.415115e+01,2.111620e-03,-4.718600e+00
3.361561e+00,6.058436e+01,1.856526e-03,-3.977800e+00
3.605631e+00,5.618819e+01,1.603697e-03,-3.191700e+00
3.886184e+00,5.074756e+01,1.362535e-03,-2.504400e+00
4.186638e+00,4.387561e+01,1.140040e-03,-1.853600e+00
4.442974e+00,3.473293e+01,9.400814e-04,-1.272700e+00
4.283435e+00,2.047528e+01,7.368098e-04,-6.645000e-01
5.569850e+00,2.253884e+01,7.071704e-04,-6.478000e-01
5.778274e+00,3.823341e+01,9.027203e-04,-1.166700e+00
5.444962e+00,4.829751e+01,1.094770e-03,-1.798000e+00
5.054256e+00,5.586203e+01,1.308471e-03,-2.586700e+00
4.689423e+00,6.185099e+01,1.540108e-03,-3.344200e+00
4.372028e+00,6.669022e+01,1.782960e-03,-4.143500e+00
4.105878e+00,7.061647e+01,2.027995e-03,-4.961300e+00
3.889027e+00,7.377567e+01,2.264379e-03,-5.748100e+00
3.717913e+00,7.626318e+01,2.480225e-03,-6.449300e+00
3.588927e+00,7.814319e+01,2.663575e-03,-7.090100e+00
3.499034e+00,7.945882e+01,2.803516e-03,-7.549500e+00
3.446001e+00,8.023785e+01,2.891283e-03,-7.874800e+00
3.428474e+00,8.049585e+01,2.921194e-03,-7.956700e+00
3.446001e+00,8.023785e+01,2.891283e-03,-7.874800e+00
3.499034e+00,7.945882e+01,2.803516e-03,-7.549500e+00
3.588927e+00,7.814319e+01,2.663575e-03,-7.090100e+00
3.717913e+00,7.626318e+01,2.480225e-03,-6.449300e+00
3.889027e+00,7.377567e+01,2.264379e-03,-5.748100e+00
4.105878e+00,7.061647e+01,2.027995e-03,-4.961300e+00
4.372028e+00,6.669022e+01,1.782960e-03,-4.143500e+00
4.689423e+00,6.185099e+01,1.540108e-03,-3.344200e+00
5.054256e+00,5.586203e+01,1.308471e-03,-2.586700e+00
5.444962e+00,4.829751e+01,1.094770e-03,-1.798000e+00
5.778274e+00,3.823341e+01,9.027203e-04,-1.166700e+00
5.569850e+00,2.253884e+01,7.071704e-04,-6.478000e-01
6.757710e+00,2.601645e+01,6.959690e-04,-5.733000e-01
7.010686e+00,4.413261e+01,8.884602e-04,-1.048500e+00
6.606290e+00,5.574954e+01,1.077479e-03,-1.673600e+00
6.132257e+00,6.448123e+01,1.287808e-03,-2.430600e+00
5.689615e+00,7.139425e+01,1.515791e-03,-3.358300e+00
5.304528e+00,7.698014e+01,1.754812e-03,-4.422600e+00
4.981615e+00,8.151219e+01,1.995983e-03,-5.548400e+00
4.718515e+00,8.515883e+01,2.228639e-03,-6.401100e+00
4.510906e+00,8.803015e+01,2.441082e-03,-7.236500e+00
4.354410e+00,9.020024e+01,2.621542e-03,-7.933400e+00
4.245346e+00,9.171887e+01,2.759277e-03,-8.520000e+00
4.181001e+00,9.261809e+01,2.845659e-03,-8.874500e+00
4.159736e+00,9.291590e+01,2.875099e-03,-8.966700e+00
4.181001e+00,9.261809e+01,2.845659e-03,-8.874500e+00
4.245346e+00,9.171887e+01,2.759277e-03,-8.520000e+00
4.354410e+00,9.020024e+01,2.621542e-03,-7.933400e+00
4.510906e+00,8.803015e+01,2.441082e-03,-7.236500e+00
4.718515e+00,8.515883e+01,2.228639e-03,-6.401100e+00
4.981615e+00,8.151219e+01,1.995983e-03,-5.548400e+00
5.304528e+00,7.698014e+01,1.754812e-03,-4.422600e+00
5.689615e+00,7.139425e+01,1.515791e-03,-3.358300e+00
6.132257e+00,6.448123e+01,1.287808e-03,-2.430600e+00
6.606290e+00,5.574954e+01,1.077479e-03,-1.673600e+00
7.010686e+00,4.413261e+01,8.884602e-04,-1.048500e+00
6.757710e+00,2.601645e+01,6.959690e-04,-5.733000e-01
7.890473e+00,2.989955e+01,6.896768e-04,-5.252000e-01
8.185884e+00,5.071963e+01,8.804370e-04,-9.904000e-01
7.713701e+00,6.407046e+01,1.067750e-03,-1.534200e+00
7.160208e+00,7.410539e+01,1.276180e-03,-2.279800e+00
6.643367e+00,8.205022e+01,1.502106e-03,-3.236100e+00
6.193728e+00,8.846983e+01,1.738970e-03,-4.310200e+00
5.816686e+00,9.367832e+01,1.977964e-03,-5.528200e+00
5.509483e+00,9.786924e+01,2.208521e-03,-6.719300e+00
5.267073e+00,1.011691e+02,2.419047e-03,-7.838800e+00
5.084345e+00,1.036631e+02,2.597878e-03,-8.875600e+00
4.956998e+00,1.054084e+02,2.734370e-03,-9.523500e+00
4.881868e+00,1.064418e+02,2.819974e-03,-9.908900e+00
4.857038e+00,1.067841e+02,2.849148e-03,-1.009850e+01
4.881868e+00,1.064418e+02,2.819974e-03,-9.908900e+00
4.956998e+00,1.054084e+02,2.734370e-03,-9.523500e+00
5.084345e+00,1.036631e+02,2.597878e-03,-8.875600e+00
5.267073e+00,1.011691e+02,2.419047e-03,-7.838800e+00
5.509483e+00,9.786924e+01,2.208521e-03,-6.719300e+00
5.816686e+00,9.367832e+01,1.977964e-03,-5.528200e+00
6.193728e+00,8.846983e+01,1.738970e-03,-4.310200e+00
6.643367e+00,8.205022e+01,1.502106e-03,-3.236100e+00
7.160208e+00,7.410539e+01,1.276180e-03,-2.279800e+00
7.713701e+00,6.407046e+01,1.067750e-03,-1.534200e+00
8.185884e+00,5.071963e+01,8.804370e-04,-9.904000e-01
7.890473e+00,2.989955e+01,6.896768e-04,-5.252000e-01
8.999462e+00,3.409228e+01,6.851214e-04,-5.055000e-01
9.336403e+00,5.783192e+01,8.746251e-04,-9.569000e-01
8.797856e+00,7.305490e+01,1.060702e-03,-1.514000e+00
8.166571e+00,8.449700e+01,1.267757e-03,-2.204600e+00
7.577089e+00,9.355591e+01,1.492191e-03,-3.060500e+00
7.064254e+00,1.008757e+02,1.727492e-03,-4.160000e+00
6.634219e+00,1.068146e+02,1.964909e-03,-5.400200e+00
6.283839e+00,1.115932e+02,2.193945e-03,-6.680200e+00
6.007359e+00,1.153558e+02,2.403081e-03,-7.846700e+00
5.798948e+00,1.181995e+02,2.580733e-03,-8.918800e+00
5.653703e+00,1.201896e+02,2.716324e-03,-9.750300e+00
5.568013e+00,1.213679e+02,2.801363e-03,-1.026620e+01
5.539693e+00,1.217582e+02,2.830344e-03,-1.049610e+01
5.568013e+00,1.213679e+02,2.801363e-03,-1.026620e+01
5.653703e+00,1.201896e+02,2.716324e-03,-9.750300e+00
5.798948e+00,1.181995e+02,2.580733e-03,-8.918800e+00
6.007359e+00,1.153558e+02,2.403081e-03,-7.846700e+00
6.283839e+00,1.115932e+02,2.193945e-03,-6.680200e+00
6.634219e+00,1.068146e+02,1.964909e-03,-5.400200e+00
7.064254e+00,1.008757e+02,1.727492e-03,-4.160000e+00
7.577089e+00,9.355591e+01,1.492191e-03,-3.060500e+00
8.166571e+00,8.449700e+01,1.267757e-03,-2.204600e+00
8.797856e+00,7.305490e+01,1.060702e-03,-1.514000e+00
9.336403e+00,5.783192e+01,8.746251e-04,-9.569000e-01
8.999462e+00,3.409228e+01,6.851214e-04,-5.055000e-01
1.010765e+01,3.864687e+01,6.811527e-04,-4.867000e-01
1.048609e+01,6.555802e+01,8.695601e-04,-9.309000e-01
9.881223e+00,8.281471e+01,1.054560e-03,-1.469200e+00
9.172202e+00,9.578544e+01,1.260415e-03,-2.196500e+00
8.510131e+00,1.060546e+02,1.483550e-03,-3.064600e+00
7.934146e+00,1.143523e+02,1.717489e-03,-4.046500e+00
7.451157e+00,1.210846e+02,1.953531e-03,-5.145500e+00
7.057632e+00,1.265016e+02,2.181241e-03,-6.498900e+00
6.747105e+00,1.307669e+02,2.389166e-03,-7.765100e+00
6.513031e+00,1.339905e+02,2.565789e-03,-8.879400e+00
6.349900e+00,1.362464e+02,2.700596e-03,-9.746000e+00
6.253659e+00,1.375821e+02,2.785142e-03,-1.035550e+01
6.221852e+00,1.380245e+02,2.813956e-03,-1.051870e+01
6.253659e+00,1.375821e+02,2.785142e-03,-1.035550e+01
6.349900e+00,1.362464e+02,2.700596e-03,-9.746000e+00
6.513031e+00,1.339905e+02,2.565789e-03,-8.879400e+00
6.747105e+00,1.307669e+02,2.389166e-03,-7.765100e+00
7.057632e+00,1.265016e+02,2.181241e-03,-6.498900e+00
7.451157e+00,1.210846e+02,1.953531e-03,-5.145500e+00
7.934146e+00,1.143523e+02,1.717489e-03,-4.046500e+00
8.510131e+00,1.060546e+02,1.483550e-03,-3.064600e+00
9.172202e+00,9.578544e+01,1.260415e-03,-2.196500e+00
9.881223e+00,8.281471e+01,1.054560e-03,-1.469200e+00
1.048609e+01,6.555802e+01,8.695601e-04,-9.309000e-01
1.010765e+01,3.864687e+01,6.811527e-04,-4.867000e-01
1.123272e+01,4.364916e+01,6.773105e-04,-4.788000e-01
1.165329e+01,7.404358e+01,8.646560e-04,-9.106000e-01
1.098110e+01,9.353391e+01,1.048612e-03,-1.465100e+00
1.019316e+01,1.081835e+02,1.253307e-03,-2.142600e+00
9.457391e+00,1.197818e+02,1.475184e-03,-3.042600e+00
8.817293e+00,1.291536e+02,1.707803e-03,-4.080300e+00
8.280542e+00,1.367573e+02,1.942514e-03,-5.225500e+00
7.843214e+00,1.428754e+02,2.168940e-03,-6.374800e+00
7.498123e+00,1.476928e+02,2.375693e-03,-7.481900e+00
7.237995e+00,1.513336e+02,2.551320e-03,-8.634100e+00
7.056706e+00,1.538815e+02,2.685366e-03,-9.591100e+00
6.949752e+00,1.553902e+02,2.769436e-03,-1.015660e+01
6.914405e+00,1.558898e+02,2.798087e-03,-1.039410e+01
6.949752e+00,1.553902e+02,2.769436e-03,-1.015660e+01
7.056706e+00,1.538815e+02,2.685366e-03,-9.591100e+00
7.237995e+00,1.513336e+02,2.551320e-03,-8.634100e+00
7.498123e+00,1.476928e+02,2.375693e-03,-7.481900e+00
7.843214e+00,1.428754e+02,2.168940e-03,-6.374800e+00
8.280542e+00,1.367573e+02,1.942514e-03,-5.225500e+00
8.817293e+00,1.291536e+02,1.707803e-03,-4.080300e+00
9.457391e+00,1.197818e+02,1.475184e-03,-3.042600e+00
1.019316e+01,1.081835e+02,1.253307e-03,-2.142600e+00
1.098110e+01,9.353391e+01,1.048612e-03,-1.465100e+00
1.165329e+01,7.404358e+01,8.646560e-04,-9.106000e-01
1.123272e+01,4.364916e+01,6.773105e-04,-4.788000e-01
1.238884e+01,4.919994e+01,6.733123e-04,-4.591000e-01
1.285269e+01,8.345956e+01,8.595524e-04,-8.888000e-01
1.211132e+01,1.054284e+02,1.042423e-03,-1.430700e+00
1.124228e+01,1.219410e+02,1.245909e-03,-2.153500e+00
1.043078e+01,1.350143e+02,1.466477e-03,-3.015000e+00
9.724805e+00,1.455778e+02,1.697723e-03,-4.058600e+00
9.132810e+00,1.541484e+02,1.931049e-03,-5.240900e+00
8.650470e+00,1.610446e+02,2.156138e-03,-6.470900e+00
8.269861e+00,1.664746e+02,2.361671e-03,-7.623000e+00
7.982959e+00,1.705785e+02,2.536261e-03,-8.693300e+00
7.783011e+00,1.734503e+02,2.669516e-03,-9.454300e+00
7.665049e+00,1.751509e+02,2.753090e-03,-9.982100e+00
7.626063e+00,1.757141e+02,2.781572e-03,-1.018190e+01
7.665049e+00,1.751509e+02,2.753090e-03,-9.982100e+00
7.783011e+00,1.734503e+02,2.669516e-03,-9.454300e+00
7.982959e+00,1.705785e+02,2.536261e-03,-8.693300e+00
8.269861e+00,1.664746e+02,2.361671e-03,-7.623000e+00
8.650470e+00,1.610446e+02,2.156138e-03,-6.470900e+00
9.132810e+00,1.541484e+02,1.931049e-03,-5.240900e+00
9.724805e+00,1.455778e+02,1.697723e-03,-4.058600e+00
1.043078e+01,1.350143e+02,1.466477e-03,-3.015000e+00
1.124228e+01,1.219410e+02,1.245909e-03,-2.153500e+00
1.211132e+01,1.054284e+02,1.042423e-03,-1.430700e+00
1.285269e+01,8.345956e+01,8.595524e-04,-8.888000e-01
1.238884e+01,4.919994e+01,6.733123e-04,-4.591000e-01
1.358855e+01,5.541140e+01,6.690456e-04,-4.566000e-01
1.409732e+01,9.399627e+01,8.541058e-04,-8.952000e-01
1.328415e+01,1.187387e+02,1.035817e-03,-1.438000e+00
1.233096e+01,1.373360e+02,1.238015e-03,-2.119700e+00
1.144088e+01,1.520597e+02,1.457184e-03,-3.030100e+00
1.066654e+01,1.639569e+02,1.686965e-03,-4.072000e+00
1.001721e+01,1.736095e+02,1.918813e-03,-5.205700e+00
9.488165e+00,1.813764e+02,2.142476e-03,-6.476500e+00
9.070698e+00,1.874919e+02,2.346706e-03,-7.716400e+00
8.756013e+00,1.921139e+02,2.520190e-03,-8.829900e+00
8.536702e+00,1.953483e+02,2.652601e-03,-9.679200e+00
8.407317e+00,1.972636e+02,2.735645e-03,-1.023250e+01
8.364556e+00,1.978978e+02,2.763947e-03,-1.043850e+01
8.407317e+00,1.972636e+02,2.735645e-03,-1.023250e+01
8.536702e+00,1.953483e+02,2.652601e-03,-9.679200e+00
8.756013e+00,1.921139e+02,2.520190e-03,-8.829900e+00
9.070698e+00,1.874919e+02,2.346706e-03,-7.716400e+00
9.488165e+00,1.813764e+02,2.142476e-03,-6.476500e+00
1.001721e+01,1.736095e+02,1.918813e-03,-5.205700e+00
1.066654e+01,1.639569e+02,1.686965e-03,-4.072000e+00
1.144088e+01,1.520597e+02,1.457184e-03,-3.030100e+00
1.233096e+01,1.373360e+02,1.238015e-03,-2.119700e+00
1.328415e+01,1.187387e+02,1.035817e-03,-1.438000e+00
1.409732e+01,9.399627e+01,8.541058e-04,-8.952000e-01
1.358855e+01,5.541140e+01,6.690456e-04,-4.566000e-01
1.484267e+01,6.240759e+01,6.643673e-04,-4.521000e-01
1.539840e+01,1.058642e+02,8.481336e-04,-8.981000e-01
1.451018e+01,1.337305e+02,1.028575e-03,-1.442100e+00
1.346901e+01,1.546759e+02,1.229358e-03,-2.152500e+00
1.249679e+01,1.712587e+02,1.446995e-03,-2.994100e+00
1.165098e+01,1.846579e+02,1.675170e-03,-4.103900e+00
1.094173e+01,1.955293e+02,1.905396e-03,-5.304100e+00
1.036385e+01,2.042768e+02,2.127495e-03,-6.505400e+00
9.907856e+00,2.111644e+02,2.330297e-03,-7.708500e+00
9.564128e+00,2.163700e+02,2.502569e-03,-8.868500e+00
9.324577e+00,2.200128e+02,2.634054e-03,-9.799800e+00
9.183250e+00,2.221699e+02,2.716517e-03,-1.038000e+01
9.136543e+00,2.228842e+02,2.744621e-03,-1.059350e+01
9.183250e+00,2.221699e+02,2.716517e-03,-1.038000e+01
9.324577e+00,2.200128e+02,2.634054e-03,-9.799800e+00
9.564128e+00,2.163700e+02,2.502569e-03,-8.868500e+00
9.907856e+00,2.111644e+02,2.330297e-03,-7.708500e+00
1.036385e+01,2.042768e+02,2.127495e-03,-6.505400e+00
1.094173e+01,1.955293e+02,1.905396e-03,-5.304100e+00
1.165098e+01,1.846579e+02,1.675170e-03,-4.103900e+00
1.249679e+01,1.712587e+02,1.446995e-03,-2.994100e+00
1.346901e+01,1.546759e+02,1.229358e-03,-2.152500e+00
1.451018e+01,1.337305e+02,1.028575e-03,-1.442100e+00
1.539840e+01,1.058642e+02,8.481336e-04,-8.981000e-01
1.484267e+01,6.240759e+01,6.643673e-04,-4.521000e-01
1.616127e+01,7.032539e+01,6.591858e-04,-4.616000e-01
1.676638e+01,1.192954e+02,8.415190e-04,-9.183000e-01
1.579925e+01,1.506973e+02,1.020553e-03,-1.468100e+00
1.466558e+01,1.743000e+02,1.219770e-03,-2.156700e+00
1.360699e+01,1.929867e+02,1.435710e-03,-3.060300e+00
1.268604e+01,2.080860e+02,1.662105e-03,-4.086300e+00
1.191378e+01,2.203366e+02,1.890536e-03,-5.313000e+00
1.128457e+01,2.301939e+02,2.110903e-03,-6.617200e+00
1.078806e+01,2.379554e+02,2.312124e-03,-7.871800e+00
1.041379e+01,2.438214e+02,2.483051e-03,-8.974800e+00
1.015296e+01,2.479264e+02,2.613511e-03,-9.831300e+00
9.999080e+00,2.503571e+02,2.695331e-03,-1.036300e+01
9.948224e+00,2.511621e+02,2.723215e-03,-1.058540e+01
9.999080e+00,2.503571e+02,2.695331e-03,-1.036300e+01
1.015296e+01,2.479264e+02,2.613511e-03,-9.831300e+00
1.041379e+01,2.438214e+02,2.483051e-03,-8.974800e+00
1.078806e+01,2.379554e+02,2.312124e-03,-7.871800e+00
1.128457e+01,2.301939e+02,2.110903e-03,-6.617200e+00
1.191378e+01,2.203366e+02,1.890536e-03,-5.313000e+00
1.268604e+01,2.080860e+02,1.662105e-03,-4.086300e+00
1.360699e+01,1.929867e+02,1.435710e-03,-3.060300e+00
1.466558e+01,1.743000e+02,1.219770e-03,-2.156700e+00
1.579925e+01,1.506973e+02,1.020553e-03,-1.468100e+00
1.676638e+01,1.192954e+02,8.415190e-04,-9.183000e-01
1.616127e+01,7.032539e+01,6.591858e-04,-4.616000e-01
1.755354e+01,7.931558e+01,6.533985e-04,-4.693000e-01
1.821078e+01,1.345458e+02,8.341310e-04,-9.336000e-01
1.716034e+01,1.699620e+02,1.011593e-03,-1.505700e+00
1.592901e+01,1.965820e+02,1.209062e-03,-2.221000e+00
1.477921e+01,2.176575e+02,1.423105e-03,-3.088400e+00
1.377892e+01,2.346870e+02,1.647513e-03,-4.182000e+00
1.294014e+01,2.485038e+02,1.873938e-03,-5.372400e+00
1.225672e+01,2.596212e+02,2.092370e-03,-6.647100e+00
1.171744e+01,2.683749e+02,2.291825e-03,-7.957300e+00
1.131093e+01,2.749908e+02,2.461251e-03,-9.142300e+00
1.102763e+01,2.796206e+02,2.590566e-03,-1.007640e+01
1.086049e+01,2.823620e+02,2.671667e-03,-1.063910e+01
1.080525e+01,2.832699e+02,2.699307e-03,-1.084430e+01
1.086049e+01,2.823620e+02,2.671667e-03,-1.063910e+01
1.102763e+01,2.796206e+02,2.590566e-03,-1.007640e+01
1.131093e+01,2.749908e+02,2.461251e-03,-9.142300e+00
1.171744e+01,2.683749e+02,2.291825e-03,-7.957300e+00
1.225672e+01,2.596212e+02,2.092370e-03,-6.647100e+00
1.294014e+01,2.485038e+02,1.873938e-03,-5.372400e+00
1.377892e+01,2.346870e+02,1.647513e-03,-4.182000e+00
1.477921e+01,2.176575e+02,1.423105e-03,-3.088400e+00
1.592901e+01,1.965820e+02,1.209062e-03,-2.221000e+00
1.716034e+01,1.699620e+02,1.011593e-03,-1.505700e+00
1.821078e+01,1.345458e+02,8.341310e-04,-9.336000e-01
1.755354e+01,7.931558e+01,6.533985e-04,-4.693000e-01
1.903106e+01,8.954396e+01,6.472147e-04,-4.710000e-01
1.974362e+01,1.518965e+02,8.262368e-04,-9.233000e-01
1.860476e+01,1.918799e+02,1.002019e-03,-1.520100e+00
1.726978e+01,2.219328e+02,1.197619e-03,-2.283200e+00
1.602321e+01,2.457262e+02,1.409637e-03,-3.187100e+00
1.493873e+01,2.649518e+02,1.631921e-03,-4.213100e+00
1.402933e+01,2.805503e+02,1.856203e-03,-5.485300e+00
1.328839e+01,2.931014e+02,2.072568e-03,-6.769900e+00
1.270372e+01,3.029840e+02,2.270135e-03,-8.010500e+00
1.226300e+01,3.104530e+02,2.437958e-03,-9.176900e+00
1.195585e+01,3.156799e+02,2.566049e-03,-1.018390e+01
1.177464e+01,3.187749e+02,2.646383e-03,-1.081020e+01
1.171475e+01,3.197999e+02,2.673761e-03,-1.102610e+01
1.177464e+01,3.187749e+02,2.646383e-03,-1.081020e+01
1.195585e+01,3.156799e+02,2.566049e-03,-1.018390e+01
1.226300e+01,3.104530e+02,2.437958e-03,-9.176900e+00
1.270372e+01,3.029840e+02,2.270135e-03,-8.010500e+00
1.328839e+01,2.931014e+02,2.072568e-03,-6.769900e+00
1.402933e+01,2.805503e+02,1.856203e-03,-5.485300e+00
1.493873e+01,2.649518e+02,1.631921e-03,-4.213100e+00
1.602321e+01,2.457262e+02,1.409637e-03,-3.187100e+00
1.726978e+01,2.219328e+02,1.197619e-03,-2.283200e+00
1.860476e+01,1.918799e+02,1.002019e-03,-1.520100e+00
1.974362e+01,1.518965e+02,8.262368e-04,-9.233000e-01
1.903106e+01,8.954396e+01,6.472147e-04,-4.710000e-01
2.060215e+01,1.011975e+02,6.404558e-04,-4.655000e-01
2.137353e+01,1.716649e+02,8.176082e-04,-9.341000e-01
2.014065e+01,2.168519e+02,9.915549e-04,-1.510800e+00
1.869547e+01,2.508160e+02,1.185112e-03,-2.308600e+00
1.734599e+01,2.777059e+02,1.394916e-03,-3.287500e+00
1.617197e+01,2.994336e+02,1.614878e-03,-4.372100e+00
1.518751e+01,3.170622e+02,1.836818e-03,-5.554400e+00
1.438540e+01,3.312467e+02,2.050924e-03,-6.894800e+00
1.375246e+01,3.424155e+02,2.246427e-03,-8.217900e+00
1.327535e+01,3.508566e+02,2.412498e-03,-9.401500e+00
1.294285e+01,3.567637e+02,2.539251e-03,-1.032090e+01
1.274668e+01,3.602614e+02,2.618746e-03,-1.089120e+01
1.268185e+01,3.614198e+02,2.645838e-03,-1.108740e+01
1.274668e+01,3.602614e+02,2.618746e-03,-1.089120e+01
1.294285e+01,3.567637e+02,2.539251e-03,-1.032090e+01
1.327535e+01,3.508566e+02,2.412498e-03,-9.401500e+00
1.375246e+01,3.424155e+02,2.246427e-03,-8.217900e+00
1.438540e+01,3.312467e+02,2.050924e-03,-6.894800e+00
1.518751e+01,3.170622e+02,1.836818e-03,-5.554400e+00
1.617197e+01,2.994336e+02,1.614878e-03,-4.372100e+00
1.734599e+01,2.777059e+02,1.394916e-03,-3.287500e+00
1.869547e+01,2.508160e+02,1.185112e-03,-2.308600e+00
2.014065e+01,2.168519e+02,9.915549e-04,-1.510800e+00
2.137353e+01,1.716649e+02,8.176082e-04,-9.341000e-01
2.060215e+01,1.011975e+02,6.404558e-04,-4.655000e-01
2.227143e+01,1.144756e+02,6.327377e-04,-4.677000e-01
2.310531e+01,1.941890e+02,8.077552e-04,-9.410000e-01
2.177254e+01,2.453049e+02,9.796057e-04,-1.533200e+00
2.021026e+01,2.837254e+02,1.170830e-03,-2.302800e+00
1.875144e+01,3.141436e+02,1.378106e-03,-3.320200e+00
1.748230e+01,3.387222e+02,1.595417e-03,-4.520700e+00
1.641807e+01,3.586638e+02,1.814683e-03,-5.787900e+00
1.555097e+01,3.747095e+02,2.026208e-03,-7.076500e+00
1.486675e+01,3.873437e+02,2.219356e-03,-8.330800e+00
1.435098e+01,3.968923e+02,2.383425e-03,-9.593800e+00
1.399153e+01,4.035744e+02,2.508650e-03,-1.058550e+01
1.377947e+01,4.075312e+02,2.587188e-03,-1.121630e+01
1.370939e+01,4.088415e+02,2.613953e-03,-1.142400e+01
1.377947e+01,4.075312e+02,2.587188e-03,-1.121630e+01
1.399153e+01,4.035744e+02,2.508650e-03,-1.058550e+01
1.435098e+01,3.968923e+02,2.383425e-03,-9.593800e+00
1.486675e+01,3.873437e+02,2.219356e-03,-8.330800e+00
1.555097e+01,3.747095e+02,2.026208e-03,-7.076500e+00
1.641807e+01,3.586638e+02,1.814683e-03,-5.787900e+00
1.748230e+01,3.387222e+02,1.595417e-03,-4.520700e+00
1.875144e+01,3.141436e+02,1.378106e-03,-3.320200e+00
2.021026e+01,2.837254e+02,1.170830e-03,-2.302800e+00
2.177254e+01,2.453049e+02,9.796057e-04,-1.533200e+00
2.310531e+01,1.941890e+02,8.077552e-04,-9.410000e-01
2.227143e+01,1.144756e+02,6.327377e-04,-4.677000e-01
2.404381e+01,1.295896e+02,6.238692e-04,-4.756000e-01
2.494405e+01,2.198274e+02,7.964337e-04,-9.511000e-01
2.350522e+01,2.776921e+02,9.658755e-04,-1.557400e+00
2.181861e+01,3.211852e+02,1.154420e-03,-2.339700e+00
2.024370e+01,3.556194e+02,1.358790e-03,-3.321800e+00
1.887356e+01,3.834431e+02,1.573056e-03,-4.557400e+00
1.772464e+01,4.060175e+02,1.789248e-03,-5.948200e+00
1.678853e+01,4.241817e+02,1.997808e-03,-7.337800e+00
1.604986e+01,4.384839e+02,2.188249e-03,-8.653500e+00
1.549305e+01,4.492933e+02,2.350019e-03,-9.817300e+00
1.510499e+01,4.568577e+02,2.473489e-03,-1.073380e+01
1.487606e+01,4.613368e+02,2.550925e-03,-1.135200e+01
1.480040e+01,4.628202e+02,2.577316e-03,-1.159600e+01
1.487606e+01,4.613368e+02,2.550925e-03,-1.135200e+01
1.510499e+01,4.568577e+02,2.473489e-03,-1.073380e+01
1.549305e+01,4.492933e+02,2.350019e-03,-9.817300e+00
1.604986e+01,4.384839e+02,2.188249e-03,-8.653500e+00
1.678853e+01,4.241817e+02,1.997808e-03,-7.337800e+00
1.772464e+01,4.060175e+02,1.789248e-03,-5.948200e+00
1.887356e+01,3.834431e+02,1.573056e-03,-4.557400e+00
2.024370e+01,3.556194e+02,1.358790e-03,-3.321800e+00
2.181861e+01,3.211852e+02,1.154420e-03,-2.339700e+00
2.350522e+01,2.776921e+02,9.658755e-04,-1.557400e+00
2.494405e+01,2.198274e+02,7.964337e-04,-9.511000e-01
2.404381e+01,1.295896e+02,6.238692e-04,-4.756000e-01
2.592809e+01,1.467628e+02,6.140522e-04,-4.787000e-01
2.689888e+01,2.489588e+02,7.839011e-04,-9.634000e-01
2.534729e+01,3.144917e+02,9.506766e-04,-1.570400e+00
2.352851e+01,3.637485e+02,1.136254e-03,-2.376700e+00
2.183017e+01,4.027459e+02,1.337408e-03,-3.380700e+00
2.035265e+01,4.342567e+02,1.548302e-03,-4.566400e+00
1.911369e+01,4.598227e+02,1.761093e-03,-5.996300e+00
1.810422e+01,4.803940e+02,1.966371e-03,-7.504400e+00
1.730766e+01,4.965916e+02,2.153815e-03,-8.963400e+00
1.670721e+01,5.088333e+02,2.313039e-03,-1.020880e+01
1.628875e+01,5.174002e+02,2.434566e-03,-1.117440e+01
1.604187e+01,5.224728e+02,2.510784e-03,-1.179550e+01
1.596028e+01,5.241528e+02,2.536759e-03,-1.201690e+01
1.604187e+01,5.224728e+02,2.510784e-03,-1.179550e+01
1.628875e+01,5.174002e+02,2.434566e-03,-1.117440e+01
1.670721e+01,5.088333e+02,2.313039e-03,-1.020880e+01
1.730766e+01,4.965916e+02,2.153815e-03,-8.963400e+00
1.810422e+01,4.803940e+02,1.966371e-03,-7.504400e+00
1.911369e+01,4.598227e+02,1.761093e-03,-5.996300e+00
2.035265e+01,4.342567e+02,1.548302e-03,-4.566400e+00
2.183017e+01,4.027459e+02,1.337408e-03,-3.380700e+00
2.352851e+01,3.637485e+02,1.136254e-03,-2.376700e+00
2.534729e+01,3.144917e+02,9.506766e-04,-1.570400e+00
2.689888e+01,2.489588e+02,7.839011e-04,-9.634000e-01
2.592809e+01,1.467628e+02,6.140522e-04,-4.787000e-01
2.792923e+01,1.662436e+02,6.031599e-04,-4.806000e-01
2.897494e+01,2.820048e+02,7.699958e-04,-9.739000e-01
2.730360e+01,3.562363e+02,9.338129e-04,-1.590500e+00
2.534444e+01,4.120313e+02,1.116098e-03,-2.401900e+00
2.351503e+01,4.562051e+02,1.313685e-03,-3.426900e+00
2.192348e+01,4.918986e+02,1.520838e-03,-4.648600e+00
2.058889e+01,5.208582e+02,1.729853e-03,-6.025900e+00
1.950151e+01,5.441600e+02,1.931490e-03,-7.529200e+00
1.864347e+01,5.625076e+02,2.115609e-03,-9.090100e+00
1.799668e+01,5.763743e+02,2.272009e-03,-1.044620e+01
1.754592e+01,5.860783e+02,2.391380e-03,-1.152810e+01
1.727999e+01,5.918243e+02,2.466246e-03,-1.220550e+01
1.719210e+01,5.937272e+02,2.491761e-03,-1.243770e+01
1.727999e+01,5.918243e+02,2.466246e-03,-1.220550e+01
1.754592e+01,5.860783e+02,2.391380e-03,-1.152810e+01
1.799668e+01,5.763743e+02,2.272009e-03,-1.044620e+01
1.864347e+01,5.625076e+02,2.115609e-03,-9.090100e+00
1.950151e+01,5.441600e+02,1.931490e-03,-7.529200e+00
2.058889e+01,5.208582e+02,1.729853e-03,-6.025900e+00
2.192348e+01,4.918986e+02,1.520838e-03,-4.648600e+00
2.351503e+01,4.562051e+02,1.313685e-03,-3.426900e+00
2.534444e+01,4.120313e+02,1.116098e-03,-2.401900e+00
2.730360e+01,3.562363e+02,9.338129e-04,-1.590500e+00
2.897494e+01,2.820048e+02,7.699958e-04,-9.739000e-01
2.792923e+01,1.662436e+02,6.031599e-04,-4.806000e-01
3.003743e+01,1.882731e+02,5.903720e-04,-4.832000e-01
3.116207e+01,3.193741e+02,7.536706e-04,-9.845000e-01
2.936457e+01,4.034423e+02,9.140146e-04,-1.607500e+00
2.725753e+01,4.666308e+02,1.092435e-03,-2.430700e+00
2.529002e+01,5.166582e+02,1.285832e-03,-3.464500e+00
2.357833e+01,5.570816e+02,1.488593e-03,-4.710400e+00
2.214301e+01,5.898787e+02,1.693178e-03,-6.107500e+00
2.097355e+01,6.162683e+02,1.890540e-03,-7.603300e+00
2.005074e+01,6.370472e+02,2.070755e-03,-9.043800e+00
1.935513e+01,6.527514e+02,2.223838e-03,-1.049000e+01
1.887034e+01,6.637412e+02,2.340679e-03,-1.163510e+01
1.858434e+01,6.702487e+02,2.413958e-03,-1.235810e+01
1.848982e+01,6.724038e+02,2.438931e-03,-1.260650e+01
1.858434e+01,6.702487e+02,2.413958e-03,-1.235810e+01
1.887034e+01,6.637412e+02,2.340679e-03,-1.163510e+01
1.935513e+01,6.527514e+02,2.223838e-03,-1.049000e+01
2.005074e+01,6.370472e+02,2.070755e-03,-9.043800e+00
2.097355e+01,6.162683e+02,1.890540e-03,-7.603300e+00
2.214301e+01,5.898787e+02,1.693178e-03,-6.107500e+00
2.357833e+01,5.570816e+02,1.488593e-03,-4.710400e+00
2.529002e+01,5.166582e+02,1.285832e-03,-3.464500e+00
2.725753e+01,4.666308e+02,1.092435e-03,-2.430700e+00
2.936457e+01,4.034423e+02,9.140146e-04,-1.607500e+00
3.116207e+01,3.193741e+02,7.536706e-04,-9.845000e-01
3.003743e+01,1.882731e+02,5.903720e-04,-4.832000e-01
3.226357e+01,2.130889e+02,5.763650e-04,-4.898000e-01
3.347156e+01,3.614700e+02,7.357890e-04,-9.977000e-01
3.154084e+01,4.566190e+02,8.923285e-04,-1.631900e+00
2.927764e+01,5.281362e+02,1.066516e-03,-2.453000e+00
2.716432e+01,5.847576e+02,1.255325e-03,-3.500400e+00
2.532578e+01,6.305091e+02,1.453275e-03,-4.755500e+00
2.378407e+01,6.676291e+02,1.653005e-03,-6.189700e+00
2.252794e+01,6.974970e+02,1.845684e-03,-7.670000e+00
2.153674e+01,7.210147e+02,2.021623e-03,-9.199700e+00
2.078958e+01,7.387889e+02,2.171075e-03,-1.055080e+01
2.026887e+01,7.512273e+02,2.285143e-03,-1.160160e+01
1.996166e+01,7.585924e+02,2.356683e-03,-1.229870e+01
1.986014e+01,7.610316e+02,2.381065e-03,-1.255860e+01
1.996166e+01,7.585924e+02,2.356683e-03,-1.229870e+01
2.026887e+01,7.512273e+02,2.285143e-03,-1.160160e+01
2.078958e+01,7.387889e+02,2.171075e-03,-1.055080e+01
2.153674e+01,7.210147e+02,2.021623e-03,-9.199700e+00
2.252794e+01,6.974970e+02,1.845684e-03,-7.670000e+00
2.378407e+01,6.676291e+02,1.653005e-03,-6.189700e+00
2.532578e+01,6.305091e+02,1.453275e-03,-4.755500e+00
2.716432e+01,5.847576e+02,1.255325e-03,-3.500400e+00
2.927764e+01,5.281362e+02,1.066516e-03,-2.453000e+00
3.154084e+01,4.566190e+02,8.923285e-04,-1.631900e+00
3.347156e+01,3.614700e+02,7.357890e-04,-9.977000e-01
3.226357e+01,2.130889e+02,5.763650e-04,-4.898000e-01
3.458377e+01,2.409358e+02,5.599741e-04,-4.941000e-01
3.587862e+01,4.087076e+02,7.148642e-04,-1.009400e+00
3.380906e+01,5.162909e+02,8.669520e-04,-1.647400e+00
3.138311e+01,5.971542e+02,1.036186e-03,-2.477500e+00
2.911781e+01,6.611750e+02,1.219625e-03,-3.523400e+00
2.714705e+01,7.129053e+02,1.411945e-03,-4.788200e+00
2.549448e+01,7.548762e+02,1.605996e-03,-6.224700e+00
2.414801e+01,7.886474e+02,1.793195e-03,-7.764700e+00
2.308553e+01,8.152384e+02,1.964131e-03,-9.266900e+00
2.228464e+01,8.353353e+02,2.109333e-03,-1.062220e+01
2.172648e+01,8.493992e+02,2.220157e-03,-1.174000e+01
2.139718e+01,8.577269e+02,2.289662e-03,-1.246370e+01
2.128835e+01,8.604848e+02,2.313350e-03,-1.269860e+01
2.139718e+01,8.577269e+02,2.289662e-03,-1.246370e+01
2.172648e+01,8.493992e+02,2.220157e-03,-1.174000e+01
2.228464e+01,8.353353e+02,2.109333e-03,-1.062220e+01
2.308553e+01,8.152384e+02,1.964131e-03,-9.266900e+00
2.414801e+01,7.886474e+02,1.793195e-03,-7.764700e+00
2.549448e+01,7.548762e+02,1.605996e-03,-6.224700e+00
2.714705e+01,7.129053e+02,1.411945e-03,-4.788200e+00
2.911781e+01,6.611750e+02,1.219625e-03,-3.523400e+00
3.138311e+01,5.971542e+02,1.036186e-03,-2.477500e+00
3.380906e+01,5.162909e+02,8.669520e-04,-1.647400e+00
3.587862e+01,4.087076e+02,7.148642e-04,-1.009400e+00
3.458377e+01,2.409358e+02,5.599741e-04,-4.941000e-01
3.699834e+01,2.720047e+02,5.417652e-04,-4.969000e-01
3.838359e+01,4.614110e+02,6.916183e-04,-1.015200e+00
3.616954e+01,5.828673e+02,8.387605e-04,-1.660900e+00
3.357421e+01,6.741580e+02,1.002491e-03,-2.497400e+00
3.115075e+01,7.464343e+02,1.179965e-03,-3.543700e+00
2.904240e+01,8.048354e+02,1.366032e-03,-4.808900e+00
2.727445e+01,8.522185e+02,1.553772e-03,-6.242600e+00
2.583397e+01,8.903445e+02,1.734884e-03,-7.788100e+00
2.469731e+01,9.203645e+02,1.900261e-03,-9.300000e+00
2.384050e+01,9.430529e+02,2.040741e-03,-1.070280e+01
2.324337e+01,9.589304e+02,2.147962e-03,-1.180380e+01
2.289109e+01,9.683319e+02,2.215207e-03,-1.250030e+01
2.277466e+01,9.714455e+02,2.238125e-03,-1.273980e+01
2.289109e+01,9.683319e+02,2.215207e-03,-1.250030e+01
2.324337e+01,9.589304e+02,2.147962e-03,-1.180380e+01
2.384050e+01,9.430529e+02,2.040741e-03,-1.070280e+01
2.469731e+01,9.203645e+02,1.900261e-03,-9.300000e+00
2.583397e+01,8.903445e+02,1.734884e-03,-7.788100e+00
2.727445e+01,8.522185e+02,1.553772e-03,-6.242600e+00
2.904240e+01,8.048354e+02,1.366032e-03,-4.808900e+00
3.115075e+01,7.464343e+02,1.179965e-03,-3.543700e+00
3.357421e+01,6.741580e+02,1.002491e-03,-2.497400e+00
3.616954e+01,5.828673e+02,8.387605e-04,-1.660900e+00
3.838359e+01,4.614110e+02,6.916183e-04,-1.015200e+00
3.699834e+01,2.720047e+02,5.417652e-04,-4.969000e-01
3.913078e+01,3.064448e+02,5.075156e-04,-4.886000e-01
4.059587e+01,5.198329e+02,6.478950e-04,-9.997000e-01
3.825421e+01,6.566674e+02,7.857350e-04,-1.639400e+00
3.550930e+01,7.595169e+02,9.391147e-04,-2.464800e+00
3.294615e+01,8.409446e+02,1.105369e-03,-3.499700e+00
3.071628e+01,9.067401e+02,1.279673e-03,-4.734300e+00
2.884644e+01,9.601227e+02,1.455544e-03,-6.148500e+00
2.732294e+01,1.003076e+03,1.625207e-03,-7.651800e+00
2.612077e+01,1.036897e+03,1.780129e-03,-9.170100e+00
2.521457e+01,1.062458e+03,1.911728e-03,-1.050330e+01
2.458303e+01,1.080346e+03,2.012170e-03,-1.160390e+01
2.421044e+01,1.090938e+03,2.075164e-03,-1.232690e+01
2.408730e+01,1.094446e+03,2.096633e-03,-1.256820e+01
2.421044e+01,1.090938e+03,2.075164e-03,-1.232690e+01
2.458303e+01,1.080346e+03,2.012170e-03,-1.160390e+01
2.521457e+01,1.062458e+03,1.911728e-03,-1.050330e+01
2.612077e+01,1.036897e+03,1.780129e-03,-9.170100e+00
2.732294e+01,1.003076e+03,1.625207e-03,-7.651800e+00
2.884644e+01,9.601227e+02,1.455544e-03,-6.148500e+00
3.071628e+01,9.067401e+02,1.279673e-03,-4.734300e+00
3.294615e+01,8.409446e+02,1.105369e-03,-3.499700e+00
3.550930e+01,7.595169e+02,9.391147e-04,-2.464800e+00
3.825421e+01,6.566674e+02,7.857350e-04,-1.639400e+00
4.059587e+01,5.198329e+02,6.478950e-04,-9.997000e-01
3.913078e+01,3.064448e+02,5.075156e-04,-4.886000e-01
3.261644e+01,3.101956e+02,2.613194e-04,-3.145000e-01
3.383763e+01,5.261955e+02,3.336007e-04,-6.448000e-01
3.188579e+01,6.647049e+02,4.045744e-04,-1.054800e+00
2.959785e+01,7.688132e+02,4.835496e-04,-1.585900e+00
2.746141e+01,8.512376e+02,5.691538e-04,-2.260400e+00
2.560276e+01,9.178384e+02,6.589027e-04,-3.078200e+00
2.404419e+01,9.718744e+02,7.494587e-04,-4.003900e+00
2.277433e+01,1.015353e+03,8.368180e-04,-4.973300e+00
2.177229e+01,1.049588e+03,9.165873e-04,-5.957300e+00
2.101695e+01,1.075462e+03,9.843474e-04,-6.832300e+00
2.049054e+01,1.093569e+03,1.036065e-03,-7.528700e+00
2.017998e+01,1.104291e+03,1.068501e-03,-7.964900e+00
2.007734e+01,1.107841e+03,1.079555e-03,-8.119900e+00
2.017998e+01,1.104291e+03,1.068501e-03,-7.964900e+00
2.049054e+01,1.093569e+03,1.036065e-03,-7.528700e+00
2.101695e+01,1.075462e+03,9.843474e-04,-6.832300e+00
2.177229e+01,1.049588e+03,9.165873e-04,-5.957300e+00
2.277433e+01,1.015353e+03,8.368180e-04,-4.973300e+00
2.404419e+01,9.718744e+02,7.494587e-04,-4.003900e+00
2.560276e+01,9.178384e+02,6.589027e-04,-3.078200e+00
2.746141e+01,8.512376e+02,5.691538e-04,-2.260400e+00
2.959785e+01,7.688132e+02,4.835496e-04,-1.585900e+00
3.188579e+01,6.647049e+02,4.045744e-04,-1.054800e+00
3.383763e+01,5.261955e+02,3.336007e-04,-6.448000e-01
3.261644e+01,3.101956e+02,2.613194e-04,-3.145000e-01
2.608326e+01,2.873405e+02,1.311375e-04,-1.919000e-01
2.705985e+01,4.874256e+02,1.674105e-04,-3.913000e-01
2.549898e+01,6.157296e+02,2.030272e-04,-6.426000e-01
2.366931e+01,7.121672e+02,2.426593e-04,-9.711000e-01
2.196081e+01,7.885186e+02,2.856180e-04,-1.383200e+00
2.047445e+01,8.502123e+02,3.306566e-04,-1.872000e+00
1.922807e+01,9.002669e+02,3.761003e-04,-2.451600e+00
1.821256e+01,9.405424e+02,4.199397e-04,-3.077900e+00
1.741123e+01,9.722550e+02,4.599703e-04,-3.673600e+00
1.680720e+01,9.962226e+02,4.939743e-04,-4.188800e+00
1.638623e+01,1.012995e+03,5.199278e-04,-4.593100e+00
1.613787e+01,1.022927e+03,5.362049e-04,-4.850600e+00
1.605579e+01,1.026216e+03,5.417522e-04,-4.937500e+00
1.613787e+01,1.022927e+03,5.362049e-04,-4.850600e+00
1.638623e+01,1.012995e+03,5.199278e-04,-4.593100e+00
1.680720e+01,9.962226e+02,4.939743e-04,-4.188800e+00
1.741123e+01,9.722550e+02,4.599703e-04,-3.673600e+00
1.821256e+01,9.405424e+02,4.199397e-04,-3.077900e+00
1.922807e+01,9.002669e+02,3.761003e-04,-2.451600e+00
2.047445e+01,8.502123e+02,3.306566e-04,-1.872000e+00
2.196081e+01,7.885186e+02,2.856180e-04,-1.383200e+00
2.366931e+01,7.121672e+02,2.426593e-04,-9.711000e-01
2.549898e+01,6.157296e+02,2.030272e-04,-6.426000e-01
2.705985e+01,4.874256e+02,1.674105e-04,-3.913000e-01
2.608326e+01,2.873405e+02,1.311375e-04,-1.919000e-01
1.631760e+01,2.665997e+02,3.170923e-05,-7.610000e-02
1.692856e+01,4.522423e+02,4.048011e-05,-1.564000e-01
1.595208e+01,5.712851e+02,4.909229e-05,-2.521000e-01
1.480745e+01,6.607618e+02,5.867538e-05,-3.726000e-01
1.373861e+01,7.316019e+02,6.906286e-05,-5.306000e-01
1.280875e+01,7.888425e+02,7.995327e-05,-7.109000e-01
1.202902e+01,8.352841e+02,9.094162e-05,-9.228000e-01
1.139372e+01,8.726524e+02,1.015421e-04,-1.152100e+00
1.089242e+01,9.020759e+02,1.112215e-04,-1.370800e+00
1.051453e+01,9.243135e+02,1.194438e-04,-1.563400e+00
1.025117e+01,9.398755e+02,1.257193e-04,-1.715500e+00
1.009580e+01,9.490901e+02,1.296552e-04,-1.811600e+00
1.004446e+01,9.521419e+02,1.309965e-04,-1.844700e+00
1.009580e+01,9.490901e+02,1.296552e-04,-1.811600e+00
1.025117e+01,9.398755e+02,1.257193e-04,-1.715500e+00
1.051453e+01,9.243135e+02,1.194438e-04,-1.563400e+00
1.089242e+01,9.020759e+02,1.112215e-04,-1.370800e+00
1.139372e+01,8.726524e+02,1.015421e-04,-1.152100e+00
1.202902e+01,8.352841e+02,9.094162e-05,-9.228000e-01
1.280875e+01,7.888425e+02,7.995327e-05,-7.109000e-01
1.373861e+01,7.316019e+02,6.906286e-05,-5.306000e-01
1.480745e+01,6.607618e+02,5.867538e-05,-3.726000e-01
1.595208e+01,5.712851e+02,4.909229e-05,-2.521000e-01
1.692856e+01,4.522423e+02,4.048011e-05,-1.564000e-01
1.631760e+01,2.665997e+02,3.170923e-05,-7.610000e-02
1.389633e+00,2.570460e+02,1.949514e-08,-2.000000e-04
1.441663e+00,4.360360e+02,2.488757e-08,-3.000000e-04
1.358505e+00,5.508128e+02,3.018242e-08,-5.000000e-04
1.261026e+00,6.370830e+02,3.607420e-08,-6.000000e-04
1.170002e+00,7.053845e+02,4.246053e-08,-9.000000e-04
1.090814e+00,7.605739e+02,4.915606e-08,-1.100000e-03
1.024411e+00,8.053512e+02,5.591181e-08,-1.300000e-03
9.703078e-01,8.413804e+02,6.242906e-08,-1.600000e-03
9.276155e-01,8.697495e+02,6.838009e-08,-1.700000e-03
8.954342e-01,8.911902e+02,7.343520e-08,-1.900000e-03
8.730064e-01,9.061945e+02,7.729349e-08,-2.100000e-03
8.597748e-01,9.150789e+02,7.971328e-08,-2.200000e-03
8.554019e-01,9.180213e+02,8.053796e-08,-2.200000e-03
8.597748e-01,9.150789e+02,7.971328e-08,-2.200000e-03
8.730064e-01,9.061945e+02,7.729349e-08,-2.100000e-03
8.954342e-01,8.911902e+02,7.343520e-08,-1.900000e-03
9.276155e-01,8.697495e+02,6.838009e-08,-1.700000e-03
9.703078e-01,8.413804e+02,6.242906e-08,-1.600000e-03
1.024411e+00,8.053512e+02,5.591181e-08,-1.300000e-03
1.090814e+00,7.605739e+02,4.915606e-08,-1.100000e-03
1.170002e+00,7.053845e+02,4.246053e-08,-9.000000e-04
1.261026e+00,6.370830e+02,3.607420e-08,-6.000000e-04
1.358505e+00,5.508128e+02,3.018242e-08,-5.000000e-04
1.441663e+00,4.360360e+02,2.488757e-08,-3.000000e-04
1.389633e+00,2.570460e+02,1.949514e-08,-2.000000e-04
